-- phpMyAdmin SQL Dump
-- version 4.0.6deb1
-- http://www.phpmyadmin.net
--
-- Host: localhost
-- Generation Time: Oct 29, 2013 at 11:28 AM
-- Server version: 5.5.34-0ubuntu0.13.10.1
-- PHP Version: 5.5.3-1ubuntu2

SET SQL_MODE = "NO_AUTO_VALUE_ON_ZERO";
SET time_zone = "+00:00";


/*!40101 SET @OLD_CHARACTER_SET_CLIENT=@@CHARACTER_SET_CLIENT */;
/*!40101 SET @OLD_CHARACTER_SET_RESULTS=@@CHARACTER_SET_RESULTS */;
/*!40101 SET @OLD_COLLATION_CONNECTION=@@COLLATION_CONNECTION */;
/*!40101 SET NAMES utf8 */;

--
-- Database: `db_pelita`
--

-- --------------------------------------------------------

--
-- Table structure for table `bank_d`
--

CREATE TABLE IF NOT EXISTS `bank_d` (
  `kode` int(5) NOT NULL AUTO_INCREMENT,
  `kode_bank` char(5) NOT NULL,
  `no_rekening` varchar(20) NOT NULL,
  `atas_nama` varchar(50) NOT NULL,
  `tipe` varchar(25) NOT NULL,
  `cabang` varchar(25) NOT NULL,
  `no_perkiraan` varchar(10) DEFAULT NULL,
  PRIMARY KEY (`kode`)
) ENGINE=InnoDB  DEFAULT CHARSET=latin1 AUTO_INCREMENT=14 ;

--
-- Dumping data for table `bank_d`
--

INSERT INTO `bank_d` (`kode`, `kode_bank`, `no_rekening`, `atas_nama`, `tipe`, `cabang`, `no_perkiraan`) VALUES
(13, '101', '725852825', 'Panda', 'Tabungan', 'Gunung Salak', '25855222');

-- --------------------------------------------------------

--
-- Table structure for table `bank_h`
--

CREATE TABLE IF NOT EXISTS `bank_h` (
  `kode_bank` char(5) NOT NULL,
  `nama_bank` varchar(50) NOT NULL,
  `alamat` varchar(100) NOT NULL,
  `dibuat_oleh` varchar(50) NOT NULL,
  `tanggal_buat` datetime NOT NULL,
  `diupdate_oleh` varchar(50) NOT NULL,
  `tanggal_update` datetime NOT NULL,
  PRIMARY KEY (`kode_bank`)
) ENGINE=InnoDB DEFAULT CHARSET=latin1;

--
-- Dumping data for table `bank_h`
--

INSERT INTO `bank_h` (`kode_bank`, `nama_bank`, `alamat`, `dibuat_oleh`, `tanggal_buat`, `diupdate_oleh`, `tanggal_update`) VALUES
('101', 'CIMB', 'Jl. Sudirman', 'eddy', '2013-10-18 21:29:21', 'eddy', '2013-10-18 21:29:21');

-- --------------------------------------------------------

--
-- Table structure for table `barang`
--

CREATE TABLE IF NOT EXISTS `barang` (
  `Kode` varchar(22) NOT NULL,
  `Ukuran` varchar(50) NOT NULL,
  `Nama` varchar(50) NOT NULL,
  `Nama2` varchar(20) NOT NULL,
  `Satuan1` varchar(6) NOT NULL,
  `Qty1` float(11,0) DEFAULT NULL,
  `QtyOp` int(11) DEFAULT NULL,
  `QtyGudang` int(11) DEFAULT NULL,
  `Tgl_Saw` date DEFAULT NULL,
  `Saw` int(11) DEFAULT NULL,
  `SawGudang` int(11) DEFAULT NULL,
  `Harga_Beli` double DEFAULT NULL,
  `Harga_Jual` double DEFAULT NULL,
  PRIMARY KEY (`Kode`)
) ENGINE=InnoDB DEFAULT CHARSET=latin1;

--
-- Dumping data for table `barang`
--

INSERT INTO `barang` (`Kode`, `Ukuran`, `Nama`, `Nama2`, `Satuan1`, `Qty1`, `QtyOp`, `QtyGudang`, `Tgl_Saw`, `Saw`, `SawGudang`, `Harga_Beli`, `Harga_Jual`) VALUES
('18BP00512KS', '5 X 12', 'BETON POLOS', '18-KS', 'Batang', 0, 0, 30000, '0000-00-00', 2000, 30000, 0, 0),
('18BP00812KS', '8 X 12', 'BETON POLOS', '18-KS', 'Batang', 0, 0, 0, '0000-00-00', 0, 0, 0, 0),
('18BP01012KS', '10 X 12', 'BETON POLOS', '18-KS', 'Batang', 0, 0, 48075, '0000-00-00', 3205, 48075, 0, 0),
('18BP01212KS', '12 X 12', 'BETON POLOS', '18-KS', 'Batang', 171, 0, 32145, '0000-00-00', 2143, 32145, 0, 0),
('18BP01612KS', '16 X 12', 'BETON POLOS', '18-KS', 'Batang', 0, 0, 5824, '0000-00-00', 416, 5824, 0, 0),
('18BP02212KS', '22 X 12', 'BETON POLOS', '18-KS', 'Batang', 24, 0, 8910, '0000-00-00', 594, 8910, 0, 0),
('18BP0256KS', '25 X 6', 'BETON POLOS', '18-KS', 'Batang', 0, 0, 7875, '0000-00-00', 525, 7875, 0, 0),
('18BU01312KS', '13 X 12', 'BETON ULIR', '18-KS', 'Batang', 0, 0, 0, '0000-00-00', 0, 0, 0, 0),
('18BU0256KS', '25 X 6', 'BETON ULIR', '18-KS', 'Batang', 0, 0, 15, '0000-00-00', 1, 15, 0, 0),
('18C07040276SBY', '70 X 40 X 2,7 X 6M', 'CNP', '18-SBY', 'Batang', 253, 0, 3036, '0000-00-00', 253, 3036, 0, 0),
('18C10050186', '100 X 50 X 1,8 X 6M', 'CNP', '18', 'Batang', 899, 0, 0, '0000-00-00', 0, 0, 0, 0),
('18C10050256SBY', '100 X 50 X 2,5 X 6M', 'CNP', '18-SY', 'Batang', 51, 0, 936, '0000-00-00', 78, 936, 0, 0),
('18C1005026', '100 X 50 X 2 X 6M', 'CNP', '18-SBY', 'Batang', 0, 0, 0, '0000-00-00', 0, 0, 0, 0),
('18C1255026SBY', '125 X 50 X 2 X 6M', 'CNP', '18-SBY', 'Batang', 218, 0, 1200, '0000-00-00', 100, 1200, 0, 0),
('18C1505026', '150 X 50 X 2 X 6M', 'CNP', '18-SBY', 'Batang', 310, 0, 0, '0000-00-00', 0, 0, 0, 0),
('18C15065256SBY', '150 X 65 X 2,5 X 6M', 'CNP', '18-SBY', 'Batang', 229, 0, 3348, '0000-00-00', 279, 3348, 0, 0),
('18C1506526', '150 X 65 X 2 X 6M', 'CNP', '18-SBY', 'Batang', 346, 0, 0, '0000-00-00', 0, 0, 0, 0),
('18C1506536', '150 X 65 X 3 X 6M', 'CNP', '18', 'Batang', 28, 0, 0, '0000-00-00', 0, 0, 0, 0),
('18H1001004TD', '100 X 100 X 4', 'H BEAM', '18-TD', 'Batang', 1, 0, 15, '0000-00-00', 1, 15, 0, 0),
('18H1251253TD', '125 X 125 X 3', 'H BEAM', '18-TD', 'Batang', 1, 0, 15, '0000-00-00', 1, 15, 0, 0),
('18H1251256LN', '125 X 125 X 6', 'H BEAM', '18-TD', 'Batang', 0, 0, 0, '0000-00-00', 0, 0, 0, 0),
('18H3003006', '300 X 300 X 6', 'H BEAM', '18-RIJEK', 'Batang', 1, 0, 4, '0000-00-00', 1, 4, 0, 0),
('18H40040012', '400 X 400 X 12', 'H BEAM', '18-KOREA', 'Batang', 0, 0, 0, '0000-00-00', 0, 0, 0, 0),
('18KB00055', '5,5MM', 'KAWAT BETON', '18', 'Roll', 0, 0, 196, '0000-00-00', 14, 196, 0, 0),
('18KB0007', '7MM', 'KAWAT BETON', '18', 'Roll', 0, 0, 14, '0000-00-00', 1, 14, 0, 0),
('18KB00075', '7,5MM', 'KAWAT BETON', '18', 'Roll', 0, 0, 70, '0000-00-00', 5, 70, 0, 0),
('18KB0009', '9MM', 'KAWAT BETON', '18', 'Roll', 0, 0, 28, '0000-00-00', 2, 28, 0, 0),
('18KB0010', '10MM', 'KAWAT BETON', '18', 'Roll', 0, 0, 322, '0000-00-00', 23, 322, 0, 0),
('18KB00127', '12,7MM', 'KAWAT BETON', '18', 'Roll', 0, 0, 14, '0000-00-00', 1, 14, 0, 0),
('18KB0016', '16MM', 'KAWAT BETON', '18', 'Roll', 0, 0, 28, '0000-00-00', 2, 28, 0, 0),
('18KB0018', '18MM', 'KAWAT BETON', '18', 'Roll', 0, 0, 28, '0000-00-00', 2, 28, 0, 0),
('18PB002348KS', '2,3 X 4 X 8', 'P-BORDES', '18-KS', 'Lembar', 69, 0, 0, '0000-00-00', 0, 0, 0, 0),
('18PB002648KS', '2,6 X 4 X 8', 'P-BORDES', '18-KS', 'Lembar', 0, 0, 777, '0000-00-00', 111, 777, 0, 0),
('18PB002948KS', '2,9 X 4 X 8', 'P-BORDES', '18-KS', 'Lembar', 0, 0, 1029, '0000-00-00', 147, 1029, 0, 0),
('18PB003648KS', '3,6 X 4 X 8', 'P-BORDES', '18-KS', 'Lembar', 0, 0, 588, '0000-00-00', 84, 588, 0, 0),
('18PB004248KS', '4,2 X 4 X 8', 'P-BORDES', '18-KS', 'Lembar', 1, 0, 7, '0000-00-00', 1, 7, 0, 0),
('18PB0042510LN', '4,2 X 5 X 10', 'P-BORDES', '18-LN', 'Lembar', 118, 0, 931, '0000-00-00', 133, 931, 0, 0),
('18PB0045510LN', '4,5 X 5 X 10', 'P-BORDES', '18-LN', 'Lembar', 2, 0, 49, '0000-00-00', 7, 49, 0, 0),
('18PB0055510LN', '5,5 X 5 X 10', 'P-BORDES', '18-LN', 'Lembar', 0, 0, 77, '0000-00-00', 11, 77, 0, 0),
('18PB005648KS', '5,6 X 4 X 8', 'P-BORDES', '18-KS', 'Lembar', 0, 0, 509, '0000-00-00', 83, 509, 0, 0),
('18PB0075510LN', '7,5 X 5 X 10', 'P-BORDES', '18-LN', 'Lembar', 8, 0, 56, '0000-00-00', 8, 56, 0, 0),
('18PB0088510LN', '8,8 X 5 X 10', 'P-BORDES', '18-LN', 'Lembar', 5, 0, 35, '0000-00-00', 5, 35, 0, 0),
('18PH001248LN', '1,2 X 4 X 8', 'PLAAT HITAM', '18-LN', 'Lembar', 0, 0, 4415, '0000-00-00', 277, 4415, 0, 0),
('18PH001548LN', '1,5 X 4 X 8', 'PLAAT HITAM', '18-LN', 'Lembar', 32, 0, 8194, '0000-00-00', 580, 8194, 0, 0),
('18PH002348KS', '2,3 X 4 X 8', 'PLAAT HITAM', '18-KS', 'Lembar', 0, 0, 9578, '0000-00-00', 615, 9578, 0, 0),
('18PH00248KS', '2 X 4 X 8', 'PLAAT HITAM', '18-KS', 'Lembar', 0, 0, 150, '0000-00-00', 10, 150, 0, 0),
('18PH00248LN', '2 X 4 X 8', 'PLAAT HITAM', '18-LN', 'Lembar', 0, 0, 16575, '0000-00-00', 1105, 16575, 0, 0),
('18PH002648KS', '2,6 X 4 X 8', 'PLAAT HITAM', '18-KS', 'Lembar', 0, 0, 705, '0000-00-00', 47, 705, 0, 0),
('18PH002812002400KS', '2,8 X 1200 X 2400', 'PLAAT HITAM', '18-KS', 'Lembar', 0, 0, 0, '0000-00-00', 0, 0, 0, 0),
('18PH002848KS', '2,8 X 4 X 8', 'PLAAT HITAM', '18-KS', 'Lembar', 554, 0, 3090, '0000-00-00', 196, 3090, 0, 0),
('18PH00312202400GG', '3 X 1220 X 2400', 'PLAAT HITAM', '18-GG', 'Lembar', 0, 0, 0, '0000-00-00', 0, 0, 0, 0),
('18PH003248KS', '3,2 X 4 X 8', 'PLAAT HITAM', '18-KS', 'Lembar', 858, 0, 909, '0000-00-00', 61, 909, 0, 0),
('18PH00348KS', '3 X 4 X 8', 'PLAAT HITAM', '18-KS', 'Lembar', 252, 0, 1140, '0000-00-00', 76, 1140, 0, 0),
('18PH00348LN', '3 X 4 X 8', 'PLAAT HITAM', '18-LN', 'Lembar', 188, 0, 2985, '0000-00-00', 199, 2985, 0, 0),
('18PH003548KS', '3,5 X 4 X 8', 'PLAAT HITAM', '18-KS', 'Lembar', 2, 0, 1095, '0000-00-00', 73, 1095, 0, 0),
('18PH0038548LNG', '3,85 X 4 X 8', 'PLT GALVANIZED', '18-LN', 'Lembar', 30, 0, 330, '0000-00-00', 135, 330, 0, 0),
('18PH004248KS', '4,2 X 4 X 8', 'PLAAT HITAM', '18-KS', 'Lembar', 528, 0, 0, '0000-00-00', 0, 0, 0, 0),
('18PH00448KS', '4 X 4 X 8', 'PLAAT HITAM', '18-KS', 'Lembar', 1637, 0, 22384, '0000-00-00', 1486, 22384, 0, 0),
('18PH004548KS', '4,5 X 4 X 8', 'PLAAT HITAM', '18-KS', 'Lembar', 2, 0, 0, '0000-00-00', 0, 0, 0, 0),
('18PH005312202400GG', '5,3 X 1220 X 2400', 'PLAAT HITAM', '18-GG', 'Lembar', 1, 0, 0, '0000-00-00', 0, 0, 0, 0),
('18PH00548KS', '5 X 4 X 8', 'PLAAT HITAM', '18-KS', 'Lembar', 765, 0, 3705, '0000-00-00', 247, 3705, 0, 0),
('18PH005648KS', '5,6 X 4 X 8', 'PLAAT HITAM', '18-KS', 'Lembar', 0, 0, 1374, '0000-00-00', 90, 1374, 0, 0),
('18PH005748GG', '5,7 X 4 X 8', 'PLAAT HITAM', '18-GG', 'Lembar', 2, 0, 0, '0000-00-00', 0, 0, 0, 0),
('18PH005848KS', '5,8 X 4 X 8', 'PLAAT HITAM', '18-KS', 'Lembar', 846, 0, 1353, '0000-00-00', 88, 1353, 0, 0),
('18PH00648GG', '6 X 4 X 8', 'PLAAT HITAM', '18-GG', 'Lembar', 0, 0, 15, '0000-00-00', 1, 15, 0, 0),
('18PH00648GGB', '6 X 4 X 8', 'PLAAT HITAM', '18-GGB', 'Lembar', 1, 0, 0, '0000-00-00', 0, 0, 0, 0),
('18PH00648KS', '6 X 4 X 8', 'PLAAT HITAM', '18-KS', 'Lembar', 0, 0, 0, '0000-00-00', 0, 0, 0, 0),
('18PH00648LN', '6 X 4 X 8', 'PLAAT HITAM', '18-LN', 'Lembar', 0, 0, 2998, '0000-00-00', 200, 2998, 0, 0),
('18PH00748GGB', '7 X 4 X 8', 'PLAAT HITAM', '18-GGB', 'Lembar', 1, 0, 0, '0000-00-00', 0, 0, 0, 0),
('18PH00748JPS', '7 X 4 X 8', 'PLAAT HITAM', '18-JPS', 'Lembar', 87, 0, 0, '0000-00-00', 0, 0, 0, 0),
('18PH00848GDS', '8 X 4 X 8', 'PLAAT HITAM', '18-GDS', 'Lembar', 1123, 0, 0, '0000-00-00', 0, 0, 0, 0),
('18PH00848GGB', '8 X 4 X 8', 'PLAAT HITAM', '18-GGB', 'Lembar', 1, 0, 0, '0000-00-00', 0, 0, 0, 0),
('18PH00848JPS', '8 X 4 X 8', 'PLAAT HITAM', '18-JPS', 'Lembar', 678, 0, 3175, '0000-00-00', 209, 3175, 0, 0),
('18PH00848KS', '8 X 4 X 8', 'PLAAT HITAM', '18-KS', 'Lembar', 0, 0, 15, '0000-00-00', 1, 15, 0, 0),
('18PH00948GDS', '9 X 4 X 8', 'PLAAT HITAM', '18-GDS', 'Lembar', 10, 0, 0, '0000-00-00', 0, 0, 0, 0),
('18PH00948GGB', '9 X 4 X 8', 'PLAAT HITAM', '18-GGB', 'Lembar', 4, 0, 0, '0000-00-00', 0, 0, 0, 0),
('18PH00948JPS', '9 X 4 X 8', 'PLAAT HITAM', '18-JPS', 'Lembar', 1976, 0, 0, '0000-00-00', 0, 0, 0, 0),
('18PH00948KS', '9 X 4 X 8', 'PLAAT HITAM', '18-KS', 'Lembar', 18, 0, 0, '0000-00-00', 0, 0, 0, 0),
('18PH009712192420GG', '9,7x1219x2420', 'PLAAT HITAM', '18-GG', 'Lembar', 36, 0, 0, '0000-00-00', 0, 0, 0, 0),
('18PH01048GDS', '10 X 4 X 8', 'PLAAT HITAM', '18-GDS', 'Lembar', 47, 0, 0, '0000-00-00', 0, 0, 0, 0),
('18PH01048GGB', '10 X 4 X 8', 'PLAAT HITAM', '18-GGB', 'Lembar', 2, 0, 0, '0000-00-00', 0, 0, 0, 0),
('18PH01048JPS', '10 X 4 X 8', 'PLAAT HITAM', '18-JPS', 'Lembar', 423, 0, 75, '0000-00-00', 5, 75, 0, 0),
('18PH01048KS', '10 X 4 X 8', 'PLAAT HITAM', '18-KS', 'Lembar', 57, 0, 3855, '0000-00-00', 257, 3855, 0, 0),
('18PH01148GDS', '11 X 4 X 8', 'PLAAT HITAM', '18-GDS', 'Lembar', 15, 0, 0, '0000-00-00', 0, 0, 0, 0),
('18PH01148JPS', '11 X 4 X 8', 'PLAAT HITAM', '18-JPS', 'Lembar', 140, 0, 0, '0000-00-00', 0, 0, 0, 0),
('18PH01248GDS', '12 X 4 X 8', 'PLAAT HITAM', '18-GDS', 'Lembar', 18, 0, 15, '0000-00-00', 7, 15, 0, 0),
('18PH01248GGB', '12 X 4 X 8', 'PLAAT HITAM', '18-GGB', 'Lembar', 4, 0, 0, '0000-00-00', 0, 0, 0, 0),
('18PH01248JPS', '12 X 4 X 8', 'PLAAT HITAM', '18-JPS', 'Lembar', 1335, 0, 30, '0000-00-00', 2, 30, 0, 0),
('18PH01248KS', '12 X 4 X 8', 'PLAAT HITAM', '18-KS', 'Lembar', 38, 0, 0, '0000-00-00', 0, 0, 0, 0),
('18PH01348GDS', '13 X 4 X 8', 'PLAAT HITAM', '18-GDS', 'Lembar', 0, 0, 0, '0000-00-00', 0, 0, 0, 0),
('18PH01348JPS', '13 X 4 X 8', 'PLAAT HITAM', '18-JPS', 'Lembar', 160, 0, 75, '0000-00-00', 5, 75, 0, 0),
('18PH014122400GGB', '14 X 1200 X 2400', 'PLAAT HITAM', '18-GGB', 'Lembar', 1, 0, 0, '0000-00-00', 0, 0, 0, 0),
('18PH01448GDS', '14 X 4 X 8', 'PLAAT HITAM', '18-GDS', 'Lembar', 39, 0, 0, '0000-00-00', 0, 0, 0, 0),
('18PH01448JPS', '14 X 4 X 8', 'PLAAT HITAM', '18-JPS', 'Lembar', 302, 0, 105, '0000-00-00', 7, 105, 0, 0),
('18PH01512002400GGB', '15 X 1200 X 2400', 'PLAAT HITAM', '18-GGB', 'Lembar', 0, 0, 0, '0000-00-00', 0, 0, 0, 0),
('18PH01548GDS', '15 X 4 X 8', 'PLAAT HITAM', '18-GDS', 'Lembar', 147, 0, 0, '0000-00-00', 0, 0, 0, 0),
('18PH01548JPS', '15 X 4 X 8', 'PLAAT HITAM', '18-JPS', 'Lembar', 157, 0, 180, '0000-00-00', 12, 180, 0, 0),
('18PH01648GDS', '16 X 4 X 8', 'PLAAT HITAM', '18-GDS', 'Lembar', 206, 0, 0, '0000-00-00', 0, 0, 0, 0),
('18PH01648GG', '16 X 4 X 8', 'PLAAT HITAM', '18-GG', 'Lembar', 0, 0, 270, '0000-00-00', 18, 270, 0, 0),
('18PH01648JPS', '16 X 4 X 8', 'PLAAT HITAM', '18-JPS', 'Lembar', 815, 0, 2018, '0000-00-00', 130, 2018, 0, 0),
('18PH01648KS', '16 X 4 X 8', 'PLAAT HITAM', '18-KS', 'Lembar', 114, 0, 0, '0000-00-00', 0, 0, 0, 0),
('18PH01748JPS', '17 X 4 X 8', 'PLAAT HITAM', '18-JPS', 'Lembar', 67, 0, 210, '0000-00-00', 14, 210, 0, 0),
('18PH01812002400GGB', '18 X 1200 X 2400', 'PLAAT HITAM', '18-GGB', 'Lembar', 4, 0, 0, '0000-00-00', 0, 0, 0, 0),
('18PH01848GDS', '18 X 4 X 8', 'PLAAT HITAM', '18-GDS', 'Lembar', 2, 0, 0, '0000-00-00', 0, 0, 0, 0),
('18PH01848GG', '18 X 4 X 8', 'PLAAT HITAM', '18-GG', 'Lembar', 0, 0, 0, '0000-00-00', 0, 0, 0, 0),
('18PH01848JPS', '18 X 4 X 8', 'PLAAT HITAM', '18-JPS', 'Lembar', 365, 0, 20, '0000-00-00', 2, 20, 0, 0),
('18PH01912002400GGB', '19 X 1200 X 2400', 'PLAAT HITAM', '18-GGB', 'Lembar', 0, 0, 0, '0000-00-00', 0, 0, 0, 0),
('18PH01948GDS', '19 X 4 X 8', 'PLAAT HITAM', '18-GDS', 'Lembar', 138, 0, 0, '0000-00-00', 0, 0, 0, 0),
('18PH01948JPS', '19 X 4 X 8', 'PLAAT HITAM', '18-JPS', 'Lembar', 649, 0, 3105, '0000-00-00', 207, 3105, 0, 0),
('18PH02012002400GG', '20 X 1200 X 2400', 'PLAAT HITAM', '18-GG', 'Lembar', 0, 0, 0, '0000-00-00', 0, 0, 0, 0),
('18PH02048GDS', '20 X 4 X 8', 'PLAAT HITAM', '18-GDS', 'Lembar', 3, 0, 0, '0000-00-00', 0, 0, 0, 0),
('18PH02048JPS', '20 X 4 X 8', 'PLAAT HITAM', '18-JPS', 'Lembar', 110, 0, 0, '0000-00-00', 0, 0, 0, 0),
('18PH02048KS', '20 X 4 X 8', 'PLAAT HITAM', '18-KS', 'Lembar', 44, 0, 140, '0000-00-00', 70, 140, 0, 0),
('18PH02112002400GGB', '21 X 1200 X 2400', 'PLAAT HITAM', '18-GGB', 'Lembar', 7, 0, 0, '0000-00-00', 0, 0, 0, 0),
('18PH02148JPS', '21 X 4 X 8', 'PLAAT HITAM', '18-JPS', 'Lembar', 181, 0, 30, '0000-00-00', 2, 30, 0, 0),
('18PH02212002400GGB', '22 X 1200 X 2400', 'PLAAT HITAM', '18-GGB', 'Lembar', 3, 0, 0, '0000-00-00', 0, 0, 0, 0),
('18PH02248GDS', '22 X 4 X 8', 'PLAAT HITAM', '18-GDS', 'Lembar', 4, 0, 0, '0000-00-00', 0, 0, 0, 0),
('18PH02248JPS', '22 X 4 X 8', 'PLAAT HITAM', '18-JPS', 'Lembar', 327, 0, 285, '0000-00-00', 19, 285, 0, 0),
('18PH02348JPS', '23 X 4 X 8', 'PLAAT HITAM', '18-JPS', 'Lembar', 44, 0, 45, '0000-00-00', 3, 45, 0, 0),
('18PH02412002400GG', '24 X 1200 X 2400', 'PLAAT HITAM', '18-GG', 'Lembar', 7, 0, 0, '0000-00-00', 0, 0, 0, 0),
('18PH02412002400GGB', '24 X 1200 X 2400', 'PLAAT HITAM', '18-GGB', 'Lembar', 0, 0, 0, '0000-00-00', 0, 0, 0, 0),
('18PH02448GDS', '24 X 4 X 8', 'PLAAT HITAM', '18-GDS', 'Lembar', 1, 0, 15, '0000-00-00', 1, 15, 0, 0),
('18PH02448JPS', '24 X 4 X 8', 'PLAAT HITAM', '18-JPS', 'Lembar', 111, 0, 195, '0000-00-00', 13, 195, 0, 0),
('18PH02512002400GGB', '25 X 1200 X 2400', 'PLAAT HITAM', '18-GGB', 'Lembar', 17, 0, 0, '0000-00-00', 0, 0, 0, 0),
('18PH02548GDS', '25 X 4 X 8', 'PLAAT HITAM', '18-GDS', 'Lembar', 292, 0, 150, '0000-00-00', 10, 150, 0, 0),
('18PH02548JPS', '25 X 4 X 8', 'PLAAT HITAM', '18-JPS', 'Lembar', 135, 0, 1665, '0000-00-00', 111, 1665, 0, 0),
('18PH02548KS', '25 X 4 X 8', 'PLAAT HITAM', '18-KS', 'Lembar', 76, 0, 0, '0000-00-00', 0, 0, 0, 0),
('18PH02648GDS', '26 X 4 X 8', 'PLAAT HITAM', '18-GDS', 'Lembar', 1, 0, 15, '0000-00-00', 1, 15, 0, 0),
('18PH02648JPS', '26 X 4 X 8', 'PLAAT HITAM', '18-JPS', 'Lembar', 88, 0, 60, '0000-00-00', 4, 60, 0, 0),
('18PH02748GDS', '27 X 4 X 8', 'PLAAT HITAM', '18-GDS', 'Lembar', 0, 0, 0, '0000-00-00', 0, 0, 0, 0),
('18PH02748LN', '27 X 4 X 8', 'PLAAT HITAM', '18-LN', 'Lembar', 4, 0, 0, '0000-00-00', 0, 0, 0, 0),
('18PH02848GDS', '28 X 4 X 8', 'PLAAT HITAM', '18-GDS', 'Lembar', 0, 0, 0, '0000-00-00', 0, 0, 0, 0),
('18PH02848JPS', '28 X 4 X 8', 'PLAAT HITAM', '18-JPS', 'Lembar', 0, 0, 0, '0000-00-00', 0, 0, 0, 0),
('18PH02848LN', '28 X 4 X 8', 'PLAAT HITAM', '18-LN', 'Lembar', 0, 0, 15, '0000-00-00', 1, 15, 0, 0),
('18PH03048GDS', '30 X 4 X 8', 'PLAAT HITAM', '18-GDS', 'Lembar', 69, 0, 0, '0000-00-00', 0, 0, 0, 0),
('18PH03048GG', '30 X 4 X 8', 'PLAAT HITAM', '18-GG', 'Lembar', 0, 0, 56, '0000-00-00', 7, 56, 0, 0),
('18PH03048LNK', '30 X 4 X 8', 'PLAAT HITAM', '18-LNK', 'Lembar', 1, 0, 560, '0000-00-00', 70, 560, 0, 0),
('18PH03111402450KS', '31 X 1140 X 2450', 'PLAAT HITAM', '18-KS', 'Lembar', 1, 0, 56, '0000-00-00', 7, 56, 0, 0),
('18PH03148GG', '31 X 4 X 8', 'PLAAT HITAM', '18-GG', 'Lembar', 0, 0, 0, '0000-00-00', 0, 0, 0, 0),
('18PH03212002400GG', '32 X 1200 X 2400', 'PLAAT HITAM', '18-GG', 'Lembar', 0, 0, 0, '0000-00-00', 0, 0, 0, 0),
('18PH03248GDS', '32 X 4 X 8', 'PLAAT HITAM', '18-GDS', 'Lembar', 99, 0, 0, '0000-00-00', 0, 0, 0, 0),
('18PH03248GDSTD', '32 X 4 X 8', 'PLAAT HITAM', '18-GDS TD', 'Lembar', 1, 0, 8, '0000-00-00', 1, 8, 0, 0),
('18PH03248LN', '32 X 4 X 8', 'PLAAT HITAM', '18-LN', 'Lembar', 0, 0, 0, '0000-00-00', 0, 0, 0, 0),
('18PH03348GDS', '33 X 4 X 8', 'PLAAT HITAM', '18-GDS', 'Lembar', 0, 0, 24, '0000-00-00', 3, 24, 0, 0),
('18PH03448GDS', '34 X 4 X 8', 'PLAAT HITAM', '18-GDS/Tebal Sebelah', 'Lembar', 1, 0, 96, '0000-00-00', 12, 96, 0, 0),
('18PH03448GGB', '34 X 4 X 8', 'PLAAT HITAM', '18-GG', 'Lembar', 2, 0, 9, '0000-00-00', 3, 9, 0, 0),
('18PH03548GDS', '35 X 4 X 8', 'PLAAT HITAM', '18-GDS', 'Lembar', 128, 0, 0, '0000-00-00', 0, 0, 0, 0),
('18PH03548GGB', '35 X 4 X 8', 'PLAAT HITAM', '18-GGB', 'Lembar', 0, 0, 0, '0000-00-00', 0, 0, 0, 0),
('18PH03648GDS', '36 X 4 X 8', 'PLAAT HITAM', '18-GDS', 'Lembar', 23, 0, 0, '0000-00-00', 0, 0, 0, 0),
('18PH03648GG', '36 X 4 X 8', 'PLAAT HITAM', '18-GG', 'Lembar', 0, 0, 40, '0000-00-00', 5, 40, 0, 0),
('18PH03648LN', '36 X 4 X 8', 'PLAAT HITAM', '18-LN', 'Lembar', 0, 0, 40, '0000-00-00', 5, 40, 0, 0),
('18PH03748GDS', '37 X 4 X 8', 'PLAAT HITAM', '18-GDS', 'Lembar', 0, 0, 8, '0000-00-00', 1, 8, 0, 0),
('18PH03748KS', '37 X 4 X 8', 'PLAAT HITAM', '18-KS', 'Lembar', 2, 0, 16, '0000-00-00', 2, 16, 0, 0),
('18PH03812202400GG', '38 X 1220 X 2400', 'PLAAT HITAM', '18-GG', 'Lembar', 0, 0, 0, '0000-00-00', 0, 0, 0, 0),
('18PH03812202400GGB', '38 X 1220 X 2400', 'PLAAT HITAM', '18-GGB', 'Lembar', 0, 0, 0, '0000-00-00', 0, 0, 0, 0),
('18PH03848GDS', '38 X 4 X 8', 'PLAAT HITAM', '18-GDS', 'Lembar', 60, 0, 8, '0000-00-00', 1, 8, 0, 0),
('18PH03848LN', '38 X 4 X 8', 'PLAAT HITAM', '18-LN', 'Lembar', 0, 0, 673, '0000-00-00', 85, 673, 0, 0),
('18PH03948GDS', '39 X 4 X 8', 'PLAAT HITAM', '18-GDS', 'Lembar', 1, 0, 0, '0000-00-00', 0, 0, 0, 0),
('18PH04012202400GGB', '40 X 1220 X 2400', 'PLAAT HITAM', '18-GGB', 'Lembar', 0, 0, 0, '0000-00-00', 0, 0, 0, 0),
('18PH04048GDS', '40 X 4 X 8', 'PLAAT HITAM', '18-GDS', 'Lembar', 82, 0, 0, '0000-00-00', 0, 0, 0, 0),
('18PH04048KS', '40 X 4 X 8', 'PLAAT HITAM', '18-KS', 'Lembar', 0, 0, 56, '0000-00-00', 7, 56, 0, 0),
('18PH04512202400GGB', '45 X 1220 X 2400', 'PLAAT HITAM', '18-GGB', 'Lembar', 0, 0, 0, '0000-00-00', 0, 0, 0, 0),
('18PH04548GDS', '45 X 4 X 8', 'PLAAT HITAM', '18-GDS', 'Lembar', 60, 0, 8, '0000-00-00', 1, 8, 0, 0),
('18PH04948GDS', '49 X 4 X 8', 'PLAAT HITAM', '18-GDS', 'Lembar', 1, 0, 16, '0000-00-00', 2, 16, 0, 0),
('18PH04948KS', '49 X 4 X 8', 'PLAAT HITAM', '18-KS', 'Lembar', 4, 0, 32, '0000-00-00', 4, 32, 0, 0),
('18PH05048GDS', '50 X 4 X 8', 'PLAAT HITAM', '18-GDS', 'Lembar', 14, 0, 0, '0000-00-00', 0, 0, 0, 0),
('18PH05048GG', '50x4/1220x8/2400', 'PLAAT HITAM', '18-GG', 'Lembar', 2, 0, 72, '0000-00-00', 9, 72, 0, 0),
('18PH05048KS', '50 X 4 X 8', 'PLAAT HITAM', '18-KS', 'Lembar', 0, 0, 8, '0000-00-00', 1, 8, 0, 0),
('18PH05148GDSBK', '51 X 4 X 8', 'PLAAT HITAM', '18-GDS', 'Lembar', 0, 0, 8, '0000-00-00', 1, 8, 0, 0),
('18PH05248GDS', '52 X 4 X 8', 'PLAAT HITAM', '18-GDS', 'Lembar', 0, 0, 24, '0000-00-00', 3, 24, 0, 0),
('18PH05248GGB', '52 X 4 X 8', 'PLAAT HITAM', '18-GGB', 'Lembar', 2, 0, 0, '0000-00-00', 0, 0, 0, 0),
('18PH05248KS', '52 X 4 X 8', 'PLAAT HITAM', '18-KS', 'Lembar', 1, 0, 8, '0000-00-00', 1, 8, 0, 0),
('18PH05311602450KS', '53 X 1160 X 2450', 'PLAAT HITAM', '18-KS', 'Lembar', 1, 0, 8, '0000-00-00', 1, 8, 0, 0),
('18PH05348KS', '53 X 4 X 8', 'PLAAT HITAM', '18-KS', 'Lembar', 0, 0, 8, '0000-00-00', 1, 8, 0, 0),
('18PH05548GDS', '55 X 4 X 8', 'PLAAT HITAM', '18-GDS', 'Lembar', 0, 0, 56, '0000-00-00', 7, 56, 0, 0),
('18PH05648GDS', '56 X 4 X 8', 'PLAAT HITAM', '18-GDS', 'Lembar', 0, 0, 16, '0000-00-00', 2, 16, 0, 0),
('18PH05748GDS', '57 X 4 X 8', 'PLAAT HITAM', '18-GDS', 'Lembar', 4, 0, 0, '0000-00-00', 0, 0, 0, 0),
('18PH05848GDS', '58 X 4 X 8', 'PLAAT HITAM', '18-GDS', 'Lembar', 1, 0, 8, '0000-00-00', 1, 8, 0, 0),
('18PH06048GDS', '60 X 4 X 8', 'PLAAT HITAM', '18-GDS', 'Lembar', 0, 0, 0, '0000-00-00', 0, 0, 0, 0),
('18PH06048GDSTD', '60 X 4 X 8', 'PLAAT HITAM', '18-GDS TD', 'Lembar', 0, 0, 8, '0000-00-00', 1, 8, 0, 0),
('18PH06248GDS', '62 X 4 X 8', 'PLAAT HITAM', '18-GDS', 'Lembar', 1, 0, 24, '0000-00-00', 3, 24, 0, 0),
('18PH06248KS', '62 X 4 X 8', 'PLAAT HITAM', '18-KS', 'Lembar', 1, 0, 9, '0000-00-00', 1, 9, 0, 0),
('18PH06448GDS', '64 X 4 X 8', 'PLAAT HITAM', '18-GDS', 'Lembar', 5, 0, 40, '0000-00-00', 5, 40, 0, 0),
('18PH06448LN', '64 X 4 X 8', 'PLAAT HITAM', '18-LN', 'Lembar', 10, 0, 0, '0000-00-00', 0, 0, 0, 0),
('18PH06548GDS', '65 X 4 X 8', 'PLAAT HITAM', '18-GDS', 'Lembar', 0, 0, 144, '0000-00-00', 18, 144, 0, 0),
('18PH06548GGB', '65 X 4 X 8', 'PLAAT HITAM', '18-GGB', 'Lembar', 1, 0, 0, '0000-00-00', 0, 0, 0, 0),
('18PH06548KS', '65 X 4 X 8', 'PLAAT HITAM', '18-KS', 'Lembar', 3, 0, 40, '0000-00-00', 5, 40, 0, 0),
('18PH06748GDS', '67 X 4 X 8', 'PLAAT HITAM', '18-GDS', 'Lembar', 1, 0, 8, '0000-00-00', 1, 8, 0, 0),
('18PH06748KS', '67 X 4 X 8', 'PLAAT HITAM', '18-KS', 'Lembar', 2, 0, 16, '0000-00-00', 2, 16, 0, 0),
('18PH06848GDS', '68 X 4 X 8', 'PLAAT HITAM', '18-GDS', 'Lembar', 1, 0, 8, '0000-00-00', 1, 8, 0, 0),
('18PH06848KS', '68 X 4 X 8', 'PLAAT HITAM', '18-KS', 'Lembar', 2, 0, 16, '0000-00-00', 2, 16, 0, 0),
('18PH06948', '69 X 4 X 8', 'PLAAT HITAM', '18-KS', 'Lembar', 17, 0, 51, '0000-00-00', 17, 51, 0, 0),
('18PH07048GDS', '70 X 4 X 8', 'PLAAT HITAM', '18-GDS', 'Lembar', 9, 0, 48, '0000-00-00', 12, 48, 0, 0),
('18PH07048KS', '70 X 4 X 8', 'PLAAT HITAM', '18-KS', 'Lembar', 2, 0, 8, '0000-00-00', 2, 8, 0, 0),
('18PH07248KS', '72 X 4 X 8', 'PLAAT HITAM', '18-KS', 'Lembar', 4, 0, 16, '0000-00-00', 4, 16, 0, 0),
('18PH07348KS', '73 X 4 X 8', 'PLAAT HITAM', '18-KS', 'Lembar', 6, 0, 44, '0000-00-00', 11, 44, 0, 0),
('18PH07448KS', '74 X 4 X 8', 'PLAAT HITAM', '18-KS', 'Lembar', 1, 0, 4, '0000-00-00', 1, 4, 0, 0),
('18PH07548GDS', '75 X 4 X 8', 'PLAAT HITAM', '18-GDS', 'Lembar', 1, 0, 12, '0000-00-00', 3, 12, 0, 0),
('18PH07548KS', '75 X 4 X 8', 'PLAAT HITAM', '18-KS', 'Lembar', 0, 0, 4, '0000-00-00', 1, 4, 0, 0),
('18PH07548LN', '75 X 4 X 8', 'PLAAT HITAM', '18-LN', 'Lembar', 5, 0, 0, '0000-00-00', 0, 0, 0, 0),
('18PH07811008KS', '78 X 1100 X 8', 'PLAAT HITAM', '18-KS', 'Lembar', 0, 0, 8, '0000-00-00', 2, 8, 0, 0),
('18PH07848KS', '78 X 4 X 8', 'PLAAT HITAM', '18-KS', 'Lembar', 2, 0, 12, '0000-00-00', 3, 12, 0, 0),
('18PH08048GDS', '80 X 4 X 8', 'PLAAT HITAM', '18GDS', 'Lembar', 2, 0, 0, '0000-00-00', 0, 0, 0, 0),
('18PH08748KS', '87 X 4 X 8', 'PLAAT HITAM', '18-KS', 'Lembar', 0, 0, 4, '0000-00-00', 1, 4, 0, 0),
('18PH08848KS', '88 X 4 X 8', 'PLAAT HITAM', '18-KS', 'Lembar', 1, 0, 4, '0000-00-00', 1, 4, 0, 0),
('18PH08948KS', '89 X 4 X 8', 'PLAAT HITAM', '18-KS', 'Lembar', 1, 0, 4, '0000-00-00', 1, 4, 0, 0),
('18PH09048GDS', '90 X 4 X 8', 'PLAAT HITAM', '18-GDS', 'Lembar', 0, 0, 0, '0000-00-00', 0, 0, 0, 0),
('18PH09048KSBK', '90 X 4 X 8', 'PLAAT HITAM', '18-KS BK', 'Lembar', 0, 0, 8, '0000-00-00', 2, 8, 0, 0),
('18PH09348GDSBK', '93 X 4 X 8', 'PLAAT HITAM', '18-GDS BK', 'Lembar', 0, 0, 8, '0000-00-00', 2, 8, 0, 0),
('18PH09548KS', '95 X 4 X 8', 'PLAAT HITAM', '18-KS', 'Lembar', 0, 0, 48, '0000-00-00', 12, 48, 0, 0),
('18PH09748KS', '97 X 4 X 8', 'PLAAT HITAM', '18-KS', 'Lembar', 0, 0, 8, '0000-00-00', 2, 8, 0, 0),
('18PH09848KS', '98 X 4 X 8', 'PLAAT HITAM', '18-KS', 'Lembar', 0, 0, 8, '0000-00-00', 2, 8, 0, 0),
('18PH10048GDS', '100 X 4 X 8', 'PLAAT HITAM', '18-GDS', 'Lembar', 0, 0, 0, '0000-00-00', 0, 0, 0, 0),
('18PH10248KS', '102 X 4 X 8', 'PLAAT HITAM', '18-KS', 'Lembar', 0, 0, 4, '0000-00-00', 1, 4, 0, 0),
('18PH12048KS', '120 X 4 X 8', 'PLAAT HITAM', '18-KS', 'Lembar', 0, 0, 4, '0000-00-00', 1, 4, 0, 0),
('18PK0036620LN', '3,6 X 6 X 20', 'P-KAPAL', '18-LN', 'Lembar', 0, 0, 459, '0000-00-00', 27, 459, 0, 0),
('18PK00415006096', '4 X 5 X 20(1515)', 'P-KAPAL', '18-LNBAJAINDO', 'Lembar', 266, 0, 0, '0000-00-00', 0, 0, 0, 0),
('18PK0044520BMKU', '4,4 X 5 X 20', 'P-KAPAL', '18-LNBMKU', 'Lembar', 420, 0, 1770, '0000-00-00', 105, 1770, 0, 0),
('18PK0044520KS', '4,4 X 5 X 20', 'P-KAPAL', '18-KS', 'Lembar', 152, 0, 0, '0000-00-00', 0, 0, 0, 0),
('18PK004520KS', '4 X 5 X 20', 'P-KAPAL', '18-KS', 'Lembar', 54, 0, 0, '0000-00-00', 0, 0, 0, 0),
('18PK004520LN', '4 X 5 X 20', 'P-KAPAL', '18-LN', 'Lembar', 0, 0, 0, '0000-00-00', 0, 0, 0, 0),
('18PK0045520GG', '4,5 X 5 X 20', 'P-KAPAL', '18-GG', 'Lembar', 5, 0, 32, '0000-00-00', 2, 32, 0, 0),
('18PK0045520KS', '4,5 X 5 X 20', 'P-KAPAL', '18-KS', 'Lembar', 0, 0, 616, '0000-00-00', 38, 616, 0, 0),
('18PK0045520KSTD', '4,5 X 5 X 20', 'P-KAPAL', '18-KS TD', 'Lembar', 10, 0, 48, '0000-00-00', 3, 48, 0, 0),
('18PK0045520LN', '4,5 X 5 X 20', 'P-KAPAL', '18-BAJAINDO', 'Lembar', 408, 0, 1692, '0000-00-00', 102, 1692, 0, 0),
('18PK0045520LNTD', '4,5 X 5 X 20', 'P-KAPAL', '18-LN TD', 'Lembar', 2, 0, 43, '0000-00-00', 2, 43, 0, 0),
('18PK0045620LN', '4,5 X 6 X 20', 'P-KAPAL', '18-LN', 'Lembar', 0, 0, 2892, '0000-00-00', 161, 2892, 0, 0),
('18PK0045620LNTD', '4,5 X 6 X 20', 'P-KAPAL', '18-LN TD', 'Lembar', 0, 0, 44, '0000-00-00', 11, 44, 0, 0),
('18PK004620KSTD', '4 X 6 X 20', 'P-KAPAL', '18-KS TD', 'Lembar', 0, 0, 9, '0000-00-00', 1, 9, 0, 0),
('18PK004620LN', '4 X 6 X 20', 'P-KAPAL', '18-LN', 'Lembar', 21, 0, 2363, '0000-00-00', 139, 2363, 0, 0),
('18PK0046520KS', '4,6 X 5 X 20', 'P-KAPAL', '18-KS', 'Lembar', 1, 0, 0, '0000-00-00', 0, 0, 0, 0),
('18PK005174520LN', '5 X 1745 X 20 (5 X 5 X 20)', 'P-KAPAL', '18-LN', 'Lembar', 0, 0, 42, '0000-00-00', 3, 42, 0, 0),
('18PK005520GG', '5 X 5 X 20/6000', 'P-KAPAL', '18-GG', 'Lembar', 54, 0, 32, '0000-00-00', 2, 32, 0, 0),
('18PK005520GGTD', '5 X 5 X 20', 'P-KAPAL', '18-GG TD', 'Lembar', 1, 0, 16, '0000-00-00', 1, 16, 0, 0),
('18PK005520KS', '5 X 5 X 20', 'P-KAPAL', '18-KS', 'Lembar', 41, 0, 6795, '0000-00-00', 428, 6795, 0, 0),
('18PK005520KSTD', '5 X 5 X 20', 'P-KAPAL', '18-KS TD', 'Lembar', 2, 0, 32, '0000-00-00', 2, 32, 0, 0),
('18PK005520LN', '5 X 5 X 20', 'P-KAPAL', '18-LN', 'Lembar', 1, 0, 1120, '0000-00-00', 80, 1120, 0, 0),
('18PK005520LNTD', '5 X 5 X 20', 'P-KAPAL', '18-LN TD', 'Lembar', 1, 0, 16, '0000-00-00', 1, 16, 0, 0),
('18PK005520LNTITIP', '5 X 5 X 20', 'P-KAPAL', '18-LNTITIPAN', 'Lembar', 13, 0, 0, '0000-00-00', 0, 0, 0, 0),
('18PK005620KS', '5 X 6 X 20', 'P-KAPAL', '18-KS', 'Lembar', 273, 0, 1054, '0000-00-00', 62, 1054, 0, 0),
('18PK005620KSTD', '5 X 6 X 20', 'P-KAPAL', '18-KS TD', 'Lembar', 0, 0, 27, '0000-00-00', 3, 27, 0, 0),
('18PK005620LNTD', '5 X 6 X 20', 'P-KAPAL', '18-LN TD', 'Lembar', 0, 0, 72, '0000-00-00', 8, 72, 0, 0),
('18PK0056520GG', '5,6 X 5 X 20', 'P-KAPAL', '18-GG', 'Lembar', 4, 0, 0, '0000-00-00', 0, 0, 0, 0),
('18PK0056520LN', '5,6 X 5 X 20', 'P-KAPAL', '18-LNBMKU', 'Lembar', 239, 0, 0, '0000-00-00', 0, 0, 0, 0),
('18PK0057520KS', '5,7 X 5 X 20', 'P-KAPAL', '18-KS', 'Lembar', 0, 0, 0, '0000-00-00', 0, 0, 0, 0),
('18PK005818106000KS', '5,8 X 1810 X 6000', 'P-KAPAL', '18-KS', 'Lembar', 0, 0, 986, '0000-00-00', 58, 986, 0, 0),
('18PK0058520GG', '5,8 X 5 X 20', 'P-KAPAL', '18-GG', 'Lembar', 0, 0, 64, '0000-00-00', 4, 64, 0, 0),
('18PK0058520KS', '5,8 X 5 X 20', 'P-KAPAL', '18-KS', 'Lembar', 266, 0, 2601, '0000-00-00', 164, 2601, 0, 0),
('18PK0058520LN', '5,8 X 5 X 20', 'P-KAPAL', '18-LNBMKU', 'Lembar', 0, 0, 0, '0000-00-00', 0, 0, 0, 0),
('18PK0058620KS', '5,8 X 6 X 20', 'P-KAPAL', '18-KS', 'Lembar', 407, 0, 5389, '0000-00-00', 317, 5389, 0, 0),
('18PK0058620LN', '5,8 X 6 X 20', 'P-KAPAL', '18-LN', 'Lembar', 0, 0, 3796, '0000-00-00', 222, 3796, 0, 0),
('18PK006520GG', '6 X 5 X 20', 'P-KAPAL', '18-GG', 'Lembar', 5, 0, 0, '0000-00-00', 0, 0, 0, 0),
('18PK006520KIAKS', '6 X 5 X 20', 'P-KAPAL', '18-KIA KS', 'Lembar', 165, 0, 0, '0000-00-00', 0, 0, 0, 0),
('18PK006520KIAP', '6 X 5 X 20', 'P-KAPAL', '18-KIA POLOS', 'Lembar', 3, 0, 0, '0000-00-00', 0, 0, 0, 0),
('18PK006520KS', '6 X 5 X 20', 'P-KAPAL', '18-KS', 'Lembar', 0, 0, 108, '0000-00-00', 41, 108, 0, 0),
('18PK006520LN', '5,6 s/d 6 X 5 X 20', 'P-KAPAL', '18-BAJA INDO', 'Lembar', 264, 0, 1426, '0000-00-00', 88, 1426, 0, 0),
('18PK006520LNTD', '6 X 5 X 20', 'P-KAPAL', '18-LN TD', 'Lembar', 6, 0, 111, '0000-00-00', 6, 111, 0, 0),
('18PK0065620LN', '6,5 X 6 X 20', 'P-KAPAL', '18-LN', 'Lembar', 0, 0, 117, '0000-00-00', 13, 117, 0, 0),
('18PK006620KIAKS', '6 X 6 X 20', 'P-KAPAL', '18-KIA-KS', 'Lembar', 223, 0, 0, '0000-00-00', 0, 0, 0, 0),
('18PK006620KIAP', '6 X 6 X 20', 'P-KAPAL', '18-KIA POLOS', 'Lembar', 1, 0, 0, '0000-00-00', 0, 0, 0, 0),
('18PK006620KS', '6 X 6 X 20', 'P-KAPAL', '18-KS', 'Lembar', 153, 0, 6716, '0000-00-00', 407, 6716, 0, 0),
('18PK006620KSTD', '6 X 6 X 20', 'P-KAPAL', '18-KS TD', 'Lembar', 5, 0, 143, '0000-00-00', 13, 143, 0, 0),
('18PK00715246000GG', '7 X 1524 X 6000', 'P-KAPAL', '18-GG', 'Lembar', 2, 0, 1536, '0000-00-00', 96, 1536, 0, 0),
('18PK007520JPS', '7 X 5 X 20', 'P-KAPAL', '18-JPS', 'Lembar', 3, 0, 144, '0000-00-00', 9, 144, 0, 0),
('18PK007520KIAKS', '7 X 5 X 20', 'P-KAPAL', '18-KIA KS', 'Lembar', 5, 0, 42, '0000-00-00', 6, 42, 0, 0),
('18PK007520KS', '7 X 5 X 20', 'P-KAPAL', '18-KS', 'Lembar', 3, 0, 0, '0000-00-00', 0, 0, 0, 0),
('18PK007620GDS', '7 X 6 X 20', 'P-KAPAL', '18-GDS', 'Lembar', 3, 0, 43, '0000-00-00', 2, 43, 0, 0),
('18PK0076520KS', '7,6 X 5 X 20', 'P-KAPAL', '18-KS', 'Lembar', 0, 0, 0, '0000-00-00', 0, 0, 0, 0),
('18PK007715206050GG', '7,7 X 1520 X 6050/6100', 'P-KAPAL', '18-GG', 'Lembar', 0, 0, 0, '0000-00-00', 0, 0, 0, 0),
('18PK0077555006000GG', '7,7 X 5 X 5500/6000', 'P-KAPAL', '18-GG', 'Lembar', 0, 0, 0, '0000-00-00', 0, 0, 0, 0),
('18PK007778520GG', '7,7 / 7,8x5x20', 'P-KAPAL', '18-GG', 'Lembar', 0, 0, 0, '0000-00-00', 0, 0, 0, 0),
('18PK007818106000', '7,8 X 1810 X 6000', 'P-KAPAL', '18-KS', 'Lembar', 0, 0, 360, '0000-00-00', 24, 360, 0, 0),
('18PK00815006000BKIA', '8 X 1500 X 6000', 'P-KAPAL', '18-BKI A', 'Lembar', 0, 0, 14, '0000-00-00', 2, 14, 0, 0),
('18PK00815006000JPS', '8 X 1500 X 6000', 'P-KAPAL', '18-JPS', 'Lembar', 0, 0, 672, '0000-00-00', 42, 672, 0, 0),
('18PK008515306000GG', '8,5 X 1530 X 6000', 'P-KAPAL', '18-GG', 'Lembar', 2, 0, 0, '0000-00-00', 0, 0, 0, 0),
('18PK008520BKIA', '8 X 5 X 20', 'P-KAPAL', '18-BKI A', 'Lembar', 31, 0, 0, '0000-00-00', 0, 0, 0, 0),
('18PK008520GDS', '8 X 5 X 20', 'P-KAPAL', '18-GDS', 'Lembar', 6, 0, 322, '0000-00-00', 22, 322, 0, 0),
('18PK008520JPS', '8 X 5 X 20', 'P-KAPAL', '18-JPS', 'Lembar', 392, 0, 3280, '0000-00-00', 205, 3280, 0, 0),
('18PK008520KIAKS', '8 X 5 X 20', 'P-KAPAL', '18-KIA KS', 'Lembar', 271, 0, 0, '0000-00-00', 0, 0, 0, 0),
('18PK008520KIAP', '8 X 5 X 20', 'P-KAPAL', '18-KIA POLOS', 'Lembar', 1, 0, 0, '0000-00-00', 0, 0, 0, 0),
('18PK008520KS', '8 X 5 X 20', 'P-KAPAL', '18-KS', 'Lembar', 0, 0, 2492, '0000-00-00', 155, 2492, 0, 0),
('18PK008520KSTD', '8 X 5 X 20', 'P-KAPAL', '18-KS TD', 'Lembar', 6, 0, 96, '0000-00-00', 6, 96, 0, 0),
('18PK008520LN', '7,7 s/d 8 X 5 X 20', 'P-KAPAL', '18-LN/BJ INDO', 'Lembar', 3, 0, 192, '0000-00-00', 12, 192, 0, 0),
('18PK008620BKIA', '8 X 6 X 20', 'P-KAPAL', '18-BKI A', 'Lembar', 108, 0, 497, '0000-00-00', 71, 497, 0, 0),
('18PK008620GDS', '8 X 6 X 20', 'P-KAPAL', '18-GDS', 'Lembar', 82, 0, 1353, '0000-00-00', 79, 1353, 0, 0),
('18PK008620KIAKS', '8 X 6 X 20', 'P-KAPAL', '18-KIA KS', 'Lembar', 98, 0, 145, '0000-00-00', 10, 145, 0, 0),
('18PK008620KIAP', '8 X 6 X 20', 'P-KAPAL', '18-KIA POLOS', 'Lembar', 0, 0, 30, '0000-00-00', 15, 30, 0, 0),
('18PK008620KS', '7,8 / 8 X 6 X 20', 'P-KAPAL', '18-KS', 'Lembar', 32, 0, 5816, '0000-00-00', 340, 5816, 0, 0),
('18PK008620KSTD', '8 X 6 X 20', 'P-KAPAL', '18-KS TD', 'Lembar', 0, 0, 162, '0000-00-00', 18, 162, 0, 0),
('18PK008620LN', '8 X 6 X 20', 'P-KAPAL', '18-LN', 'Lembar', 0, 0, 510, '0000-00-00', 30, 510, 0, 0),
('18PK00866000GDS', '8 X 6 X 6000', 'P-KAPAL', '18-GDS', 'Lembar', 9, 0, 99, '0000-00-00', 11, 99, 0, 0),
('18PK0088520GG', '8,8 X 5 X 20', 'P-KAPAL', '18-GG', 'Lembar', 2, 0, 0, '0000-00-00', 0, 0, 0, 0),
('18PK00915006000JPS', '9 X 1500 X 6000', 'P-KAPAL', '18-JPS', 'Lembar', 38, 0, 176, '0000-00-00', 11, 176, 0, 0),
('18PK00915245900KS', '9 X 1524 X 5900', 'P-KAPAL', '18-KS', 'Lembar', 0, 0, 16, '0000-00-00', 1, 16, 0, 0),
('18PK009515006000BKIA', '9,5 X 1500 X 6000', 'P-KAPAL', '18-BKI A', 'Lembar', 4, 0, 70, '0000-00-00', 10, 70, 0, 0),
('18PK009520BKIA', '9 X 5 X 20', 'P-KAPAL', '18-BKI A', 'Lembar', 3, 0, 196, '0000-00-00', 28, 196, 0, 0),
('18PK009520GDS', '9 X 5 X 20', 'P-KAPAL', '18-GDS', 'Lembar', 0, 0, 0, '0000-00-00', 0, 0, 0, 0),
('18PK009520JPS', '9 X 5 X 20', 'P-KAPAL', '18-JPS', 'Lembar', 353, 0, 0, '0000-00-00', 0, 0, 0, 0),
('18PK009520JPSTD', '9 X 5 X 20', 'P-KAPAL', '18-JPS TD', 'Lembar', 5, 0, 80, '0000-00-00', 5, 80, 0, 0),
('18PK009520KIAKS', '9 X 5 X 20', 'P-KAPAL', '18-KIA KS', 'Lembar', 3, 0, 49, '0000-00-00', 7, 49, 0, 0),
('18PK009520KS', '9 X 5 X 20', 'P-KAPAL', '18-KS', 'Lembar', 0, 0, 0, '0000-00-00', 0, 0, 0, 0),
('18PK009520KSTD', '9 X 5 X 20', 'P-KAPAL', '18-KS TD', 'Lembar', 1, 0, 48, '0000-00-00', 3, 48, 0, 0),
('18PK009520LN', '9 X 5 X 20', 'P-KAPAL', '18-LN', 'Lembar', 75, 0, 0, '0000-00-00', 0, 0, 0, 0),
('18PK0095620KS', '9,5 X 6 X 20', 'P-KAPAL', '18-KS', 'Lembar', 0, 0, 527, '0000-00-00', 31, 527, 0, 0),
('18PK009620BKIA', '9 X 6 X 20', 'P-KAPAL', '18-BKI A', 'Lembar', 89, 0, 168, '0000-00-00', 24, 168, 0, 0),
('18PK009620GDS', '9 X 6 X 20', 'P-KAPAL', '18-GDS', 'Lembar', 14, 0, 238, '0000-00-00', 14, 238, 0, 0),
('18PK009620KS', '9 (8,8) X 6 X 20', 'P-KAPAL', '18-KS', 'Lembar', 25, 0, 0, '0000-00-00', 0, 0, 0, 0),
('18PK009620KSTD', '9 X 6 X 20', 'P-KAPAL', '18-KS TD', 'Lembar', 1, 0, 9, '0000-00-00', 1, 9, 0, 0),
('18PK009620LN', '9 X 6 X 20', 'P-KAPAL', '18-LN', 'Lembar', 0, 0, 0, '0000-00-00', 0, 0, 0, 0),
('18PK00966000GDS', '9 X 6 X 6000', 'P-KAPAL', '18-GDS', 'Lembar', 0, 0, 18, '0000-00-00', 2, 18, 0, 0),
('18PK009715206050', '9,7x1520x6050/6090', 'P-KAPAL', '18-GG', 'Lembar', 5, 0, 0, '0000-00-00', 0, 0, 0, 0),
('18PK01015006000JPS', '10 X 1500 X 6000', 'P-KAPAL', '18-JPS', 'Lembar', 31, 0, 320, '0000-00-00', 20, 320, 0, 0),
('18PK01018296000GDS', '10 X 1829 X 6000', 'P-KAPAL', '18-GDS', 'Lembar', 0, 0, 9, '0000-00-00', 1, 9, 0, 0),
('18PK010520BKIA', '10 X 5 X 20', 'P-KAPAL', '18-BKI A', 'Lembar', 23, 0, 24, '0000-00-00', 2, 24, 0, 0),
('18PK010520GDS', '10x5x20 / 10x1500x6000', 'P-KAPAL', '18-GDS', 'Lembar', 9, 0, 170, '0000-00-00', 10, 170, 0, 0),
('18PK010520JPS', '10 X 5 X 20', 'P-KAPAL', '18-JPS', 'Lembar', 753, 0, 2672, '0000-00-00', 167, 2672, 0, 0),
('18PK010520JPSTD', '10 X 5 X 20', 'P-KAPAL', '18-JPS TD', 'Lembar', 1, 0, 29, '0000-00-00', 1, 29, 0, 0),
('18PK010520KIAKS', '10 X 5 X 20', 'P-KAPAL', '18-KIA KS', 'Lembar', 119, 0, 133, '0000-00-00', 19, 133, 0, 0),
('18PK010520KIAP', '10 X 5 X 20', 'P-KAPAL', '18-KIAPOLOS', 'Lembar', 22, 0, 0, '0000-00-00', 0, 0, 0, 0),
('18PK010520KS', '10 X 5 X 20', 'P-KAPAL', '18-KS', 'Lembar', 48, 0, 1168, '0000-00-00', 73, 1168, 0, 0),
('18PK010520KSTD', '10 X 5 X 20', 'P-KAPAL', '18-KSTD', 'Lembar', 2, 0, 48, '0000-00-00', 3, 48, 0, 0),
('18PK010520LN', '10 X 5 X 20', 'P-KAPAL', '18-LN', 'Lembar', 20, 0, 0, '0000-00-00', 0, 0, 0, 0),
('18PK010620BKIA', '10 X 6 X 20', 'P-KAPAL', '18-BKI A', 'Lembar', 44, 0, 0, '0000-00-00', 0, 0, 0, 0),
('18PK010620GDS', '10 X 6 X 20', 'P-KAPAL', '18-GDS', 'Lembar', 0, 0, 0, '0000-00-00', 0, 0, 0, 0),
('18PK010620KIAKS', '10 X 6 X 20', 'P-KAPAL', '18-KIA-KS', 'Lembar', 125, 0, 0, '0000-00-00', 0, 0, 0, 0),
('18PK010620KIAP', '10 X 6 X 20', 'P-KAPAL', '18-KIA POLOS', 'Lembar', 0, 0, 0, '0000-00-00', 0, 0, 0, 0),
('18PK010620KS', '10 X 6 X 20', 'P-KAPAL', '18-KS', 'Lembar', 2, 0, 4003, '0000-00-00', 233, 4003, 0, 0),
('18PK010620KSTD', '10 X 6 X 20', 'P-KAPAL', '18-KSTD', 'Lembar', 1, 0, 81, '0000-00-00', 9, 81, 0, 0),
('18PK010620LN', '10 X 6 X 20', 'P-KAPAL', '18-LN', 'Lembar', 0, 0, 0, '0000-00-00', 0, 0, 0, 0),
('18PK011520GDS', '11 X 5 X 20', 'P-KAPAL', '18-GDS', 'Lembar', 87, 0, 1200, '0000-00-00', 75, 1200, 0, 0),
('18PK011520JPS', '11 X 5 X 20', 'P-KAPAL', '18-JPS', 'Lembar', 54, 0, 1904, '0000-00-00', 119, 1904, 0, 0),
('18PK011520KS', '11 X 5 X 20', 'P-KAPAL', '18-KS', 'Lembar', 20, 0, 320, '0000-00-00', 20, 320, 0, 0),
('18PK011620GDS', '11 X 6 X 20', 'P-KAPAL', '18-GDS', 'Lembar', 2, 0, 1037, '0000-00-00', 61, 1037, 0, 0),
('18PK011620KIAKS', '11 X 6 X 20', 'P-KAPAL', '18-KIA KS', 'Lembar', 5, 0, 35, '0000-00-00', 5, 35, 0, 0),
('18PK011715206050GG', '11,7x1520x6050/90/100', 'P-KAPAL', '18-GG', 'Lembar', 8, 0, 0, '0000-00-00', 0, 0, 0, 0),
('18PK01215006000JPS', '12 X 1500 X 6000', 'P-KAPAL', '18-JPS', 'Lembar', 36, 0, 0, '0000-00-00', 0, 0, 0, 0),
('18PK01215245900KS', '12 X 1524 X 5900', 'P-KAPAL', '18-KS', 'Lembar', 0, 0, 16, '0000-00-00', 1, 16, 0, 0),
('18PK01218106000KS', '12 X 1810 X 6000', 'P-KAPAL', '18-KS', 'Lembar', 7, 0, 254, '0000-00-00', 15, 254, 0, 0),
('18PK012520BKIA', '12 X 5 X 20', 'P-KAPAL', '18-BKI A', 'Lembar', 28, 0, 532, '0000-00-00', 76, 532, 0, 0),
('18PK012520GDS', '12 X 5 X 20', 'P-KAPAL', '18-GDS-A36', 'Lembar', 0, 0, 15, '0000-00-00', 1, 15, 0, 0),
('18PK012520JPS', '12 X 5 X 20', 'P-KAPAL', '18-JPS', 'Lembar', 193, 0, 1056, '0000-00-00', 66, 1056, 0, 0),
('18PK012520KIAA', '12 X 5 X 20', 'P-KAPAL', '18-KIA GRD.A', 'Lembar', 120, 0, 0, '0000-00-00', 0, 0, 0, 0),
('18PK012520KIAKS', '12 X 5 X 20', 'P-KAPAL', '18-KIA POLOS', 'Lembar', 14, 0, 294, '0000-00-00', 42, 294, 0, 0),
('18PK012520KS', '12 X 5 X 20', 'P-KAPAL', '18-KS', 'Lembar', 16, 0, 0, '0000-00-00', 0, 0, 0, 0),
('18PK012520KSTD', '12 X 5 X 20', 'P-KAPAL', '18-KSTD', 'Lembar', 11, 0, 240, '0000-00-00', 15, 240, 0, 0),
('18PK012520LN', '12 X 5 X 20', 'P-KAPAL', '18-LN', 'Lembar', 29, 0, 14, '0000-00-00', 27, 14, 0, 0),
('18PK01256000GG', '12 X 5 X 6000', 'P-KAPAL', '18-GG', 'Lembar', 0, 0, 0, '0000-00-00', 0, 0, 0, 0),
('18PK0125620KS', '12,5 X 6 X 20', 'P-KAPAL', '18-KS', 'Lembar', 11, 0, 187, '0000-00-00', 11, 187, 0, 0),
('18PK012620BKIA', '12 X 6 X 20', 'P-KAPAL', '18-BKI-A', 'Lembar', 69, 0, 0, '0000-00-00', 0, 0, 0, 0),
('18PK012620GDS', '12 X 6 X 20', 'P-KAPAL', '18-GDS', 'Lembar', 26, 0, 51, '0000-00-00', 3, 51, 0, 0),
('18PK012620KIAKS', '12 X 6 X 20', 'P-KAPAL', '18-KIA KS', 'Lembar', 84, 0, 43, '0000-00-00', 5, 43, 0, 0),
('18PK012620KIAKSTD', '12 X 6 X 20', 'P-KAPAL', '18-KIA KS-TD', 'Lembar', 2, 0, 6, '0000-00-00', 2, 6, 0, 0),
('18PK012620KS', '12 X 6 X 20', 'P-KAPAL', '18-KS', 'Lembar', 72, 0, 1835, '0000-00-00', 106, 1835, 0, 0),
('18PK012620KSTD', '12 X 6 X 20', 'P-KAPAL', '18-KSTD', 'Lembar', 2, 0, 153, '0000-00-00', 17, 153, 0, 0),
('18PK012620LN', '12 X 6 X 20', 'P-KAPAL', '18-LN', 'Lembar', 0, 0, 1190, '0000-00-00', 70, 1190, 0, 0),
('18PK01265800GDS', '12 X 6 X 5800', 'P-KAPAL', '18-GDS', 'Lembar', 0, 0, 9, '0000-00-00', 1, 9, 0, 0),
('18PK01265900KS', '12 X 6 X 5900', 'P-KAPAL', '18-KS', 'Lembar', 0, 0, 9, '0000-00-00', 1, 9, 0, 0),
('18PK01266000GDS', '12 X 6 X 6000', 'P-KAPAL', '18-GDS', 'Lembar', 0, 0, 9, '0000-00-00', 1, 9, 0, 0),
('18PK01266000KS', '12 X 6 X 6000', 'P-KAPAL', '18-KS', 'Lembar', 1, 0, 18, '0000-00-00', 2, 18, 0, 0),
('18PK013520GDS', '13x5x20/2L=13x1500x6000', 'P-KAPAL', '18-GDS', 'Lembar', 0, 0, 0, '0000-00-00', 0, 0, 0, 0),
('18PK013520JPS', '13 X 5 X 20', 'P-KAPAL', '18-JPS', 'Lembar', 74, 0, 464, '0000-00-00', 29, 464, 0, 0),
('18PK013520JPSTD', '13 X 5 X 20', 'P-KAPAL', '18-JPSTD', 'Lembar', 5, 0, 192, '0000-00-00', 12, 192, 0, 0),
('18PK013520LNTD', '13 X 5 X 20', 'P-KAPAL', '18-LNTD', 'Lembar', 0, 0, 14, '0000-00-00', 1, 14, 0, 0),
('18PK013620GDS', '13 X 6 X 20', 'P-KAPAL', '18-GDS', 'Lembar', 13, 0, 217, '0000-00-00', 13, 217, 0, 0),
('18PK01418106000KS', '14 X 1810 X 6000', 'P-KAPAL', '18-KS', 'Lembar', 0, 0, 561, '0000-00-00', 33, 561, 0, 0),
('18PK014520GDS', '14 X 5 X 20', 'P-KAPAL', '18-GDS', 'Lembar', 0, 0, 216, '0000-00-00', 14, 216, 0, 0),
('18PK014520JPS', '14x5/1500x20/6000', 'P-KAPAL', '18-JPS', 'Lembar', 143, 0, 246, '0000-00-00', 41, 246, 0, 0),
('18PK014520KSTD', '14 X 5 X 20', 'P-KAPAL', '18-KSTD', 'Lembar', 5, 0, 78, '0000-00-00', 5, 78, 0, 0),
('18PK014520LN', '14 X 5 X 20', 'P-KAPAL', '18-LN', 'Lembar', 5, 0, 70, '0000-00-00', 5, 70, 0, 0),
('18PK014620BKIA', '14 X 6 X 20', 'P-KAPAL', '18-BKI A', 'Lembar', 15, 0, 133, '0000-00-00', 19, 133, 0, 0),
('18PK014620GDS', '14 X 6 X 20', 'P-KAPAL', '18-GDS-A36', 'Lembar', 41, 0, 0, '0000-00-00', 0, 0, 0, 0),
('18PK014620GDSTD', '14 X 6 X 20', 'P-KAPAL', '18-GDSTD', 'Lembar', 0, 0, 10, '0000-00-00', 1, 10, 0, 0),
('18PK014620KIAKS', '14 X 6 X 20', 'P-KAPAL', '18-KIA KS', 'Lembar', 18, 0, 0, '0000-00-00', 0, 0, 0, 0),
('18PK014620KS', '14 X 6 X 20', 'P-KAPAL', '18-KSTD', 'Lembar', 1, 0, 9, '0000-00-00', 1, 9, 0, 0),
('18PK01515005810GG', '15 X 1500 X 5810', 'P-KAPAL', '18-GG', 'Lembar', 1, 0, 16, '0000-00-00', 1, 16, 0, 0),
('18PK015518106000KS', '15,5 X 1810 X 6000', 'P-KAPAL', '18-KS', 'Lembar', 2, 0, 34, '0000-00-00', 2, 34, 0, 0),
('18PK015520GDS', '15 X 5 X 20', 'P-KAPAL', '18-GDS', 'Lembar', 1, 0, 0, '0000-00-00', 0, 0, 0, 0),
('18PK015520JPS', '15 X 5 X 20', 'P-KAPAL', '18-JPS', 'Lembar', 188, 0, 441, '0000-00-00', 28, 441, 0, 0),
('18PK01556000GG', '15 X 5 X 6000', 'P-KAPAL', '18-GG', 'Lembar', 1, 0, 0, '0000-00-00', 0, 0, 0, 0),
('18PK015620GDS', '15 X 6 X 20', 'P-KAPAL', '18-GDS', 'Lembar', 11, 0, 0, '0000-00-00', 0, 0, 0, 0),
('18PK015620KIAKS', '15 X 6 X 20', 'P-KAPAL', '18-KIA KS', 'Lembar', 4, 0, 63, '0000-00-00', 9, 63, 0, 0),
('18PK015620KS', '15 X 6 X 20', 'P-KAPAL', '18-KS', 'Lembar', 0, 0, 9, '0000-00-00', 1, 9, 0, 0),
('18PK01615006000JPS', '16 X 1500 X 6000', 'P-KAPAL', '18-JPS', 'Lembar', 3, 0, 0, '0000-00-00', 0, 0, 0, 0),
('18PK01615006000LN', '16 X 1500 X 6000', 'P-KAPAL', '18-LN', 'Lembar', 1, 0, 16, '0000-00-00', 1, 16, 0, 0),
('18PK016520GDS', '16 X 5 X 20', 'P-KAPAL', '18-GDS', 'Lembar', 0, 0, 64, '0000-00-00', 4, 64, 0, 0),
('18PK016520JPS', '16 X 5 X 20', 'P-KAPAL', '18-JPS', 'Lembar', 421, 0, 768, '0000-00-00', 48, 768, 0, 0),
('18PK016520KS', '16 X 5 X 20', 'P-KAPAL', '18-KS', 'Lembar', 48, 0, 0, '0000-00-00', 0, 0, 0, 0),
('18PK016520KSTD', '16 X 5 X 20', 'P-KAPAL', '18-KSTD', 'Lembar', 10, 0, 204, '0000-00-00', 13, 204, 0, 0),
('18PK016520LN', '16 X 5 X 20', 'P-KAPAL', '18-LN', 'Lembar', 44, 0, 0, '0000-00-00', 0, 0, 0, 0),
('18PK01656000GDS', '16 X 5 X 6000', 'P-KAPAL', '18-GDS', 'Lembar', 18, 0, 0, '0000-00-00', 0, 0, 0, 0),
('18PK016620BKIA', '16 X 6 X 20', 'P-KAPAL', '18-BKI A', 'Lembar', 22, 0, 21, '0000-00-00', 3, 21, 0, 0),
('18PK016620GDS', '16x6x20= 1Lbr KARAT', 'P-KAPAL', '18-GDS', 'Lembar', 27, 0, 306, '0000-00-00', 18, 306, 0, 0),
('18PK016620KIAKS', '16 X 6 X 20', 'P-KAPAL', '18-KIA KS', 'Lembar', 16, 0, 0, '0000-00-00', 0, 0, 0, 0),
('18PK016620KS', '16 X 6 X 20', 'P-KAPAL', '18-KS', 'Lembar', 7, 0, 0, '0000-00-00', 0, 0, 0, 0),
('18PK016620LN', '16 X 6 X 20', 'P-KAPAL', '18-LN', 'Lembar', 11, 0, 0, '0000-00-00', 0, 0, 0, 0),
('18PK016620LNTD', '16 X 6 X 20', 'P-KAPAL', '18-LNTD', 'Lembar', 0, 0, 9, '0000-00-00', 1, 9, 0, 0),
('18PK017520JPS', '17 X 5 X 20', 'P-KAPAL', '18-JPS', 'Lembar', 10, 0, 192, '0000-00-00', 12, 192, 0, 0),
('18PK017520LN', '17 X 5 X 20', 'P-KAPAL', '18-LN', 'Lembar', 1, 0, 16, '0000-00-00', 1, 16, 0, 0),
('18PK017620GDS', '17 X 6 X 20', 'P-KAPAL', '18-GDS', 'Lembar', 4, 0, 102, '0000-00-00', 6, 102, 0, 0),
('18PK018520JPS', '18 X 5 X 20', 'P-KAPAL', '18-JPS', 'Lembar', 77, 0, 0, '0000-00-00', 0, 0, 0, 0),
('18PK018620LNTD', '18 X 6 X 20', 'P-KAPAL', '18-LNTD', 'Lembar', 2, 0, 18, '0000-00-00', 2, 18, 0, 0),
('18PK0191500KS', '19x1500/24x5900/6000', 'P-KAPAL', '18-KS', 'Lembar', 6, 0, 36, '0000-00-00', 6, 36, 0, 0),
('18PK01918296300GDS', '19 X 1829 X 6300', 'P-KAPAL', '18-GDS', 'Lembar', 0, 0, 0, '0000-00-00', 0, 0, 0, 0),
('18PK019518106000KS', '19,5 X 1810 X 6000', 'P-KAPAL', '18-KS', 'Lembar', 25, 0, 986, '0000-00-00', 58, 986, 0, 0),
('18PK019520GDS', '19 X 5 X 20', 'P-KAPAL', '18-GDS-A36', 'Lembar', 34, 0, 16, '0000-00-00', 1, 16, 0, 0),
('18PK019520GG', '19 X 5 X 20', 'P-KAPAL', '18-GG', 'Lembar', 1, 0, 16, '0000-00-00', 1, 16, 0, 0),
('18PK019520JPS', '19x5/1500x20/6000', 'P-KAPAL', '18-JPS', 'Lembar', 207, 0, 410, '0000-00-00', 41, 410, 0, 0),
('18PK019520KS', '19 X 5 X 20', 'P-KAPAL', '18-KS', 'Lembar', 1, 0, 104, '0000-00-00', 5, 104, 0, 0),
('18PK019520LN', '19 X 5 X 20', 'P-KAPAL', '18-LN', 'Lembar', 48, 0, 104, '0000-00-00', 8, 104, 0, 0),
('18PK01956000GDS', '19 X 5 X 6000', 'P-KAPAL', '18-GDS', 'Lembar', 10, 0, 0, '0000-00-00', 0, 0, 0, 0),
('18PK019620GDS', '19 X 6 X 20', 'P-KAPAL', '18-GDS-SS400', 'Lembar', 9, 0, 0, '0000-00-00', 0, 0, 0, 0),
('18PK019620KS', '19 X 6 X 20', 'P-KAPAL', '18-KS', 'Lembar', 25, 0, 0, '0000-00-00', 0, 0, 0, 0),
('18PK019620LN', '19 X 6 X 20', 'P-KAPAL', '18-LN', 'Lembar', 9, 0, 0, '0000-00-00', 0, 0, 0, 0),
('18PK020520GDS', '20 X 5 X 20', 'P-KAPAL', '18-GDS', 'Lembar', 0, 0, 0, '0000-00-00', 0, 0, 0, 0),
('18PK020520JPS', '20 X 5 X 20', 'P-KAPAL', '18-JPS', 'Lembar', 48, 0, 280, '0000-00-00', 28, 280, 0, 0),
('18PK020520LN', '20 X 5 X 20', 'P-KAPAL', '18-LN', 'Lembar', 0, 0, 0, '0000-00-00', 0, 0, 0, 0),
('18PK020620GDS', '20 X 6 X 20', 'P-KAPAL', '18-GDS', 'Lembar', 37, 0, 510, '0000-00-00', 30, 510, 0, 0),
('18PK020620KSTD', '20 X 6 X 20', 'P-KAPAL', '18-KSTD', 'Lembar', 2, 0, 34, '0000-00-00', 2, 34, 0, 0),
('18PK020620LN', '20 X 6 X 20', 'P-KAPAL', '18-LN', 'Lembar', 0, 0, 0, '0000-00-00', 0, 0, 0, 0),
('18PK020620LNTD', '20 X 6 X 20', 'P-KAPAL', '18-LNTD', 'Lembar', 1, 0, 9, '0000-00-00', 1, 9, 0, 0),
('18PK021520JPS', '21 X 5 X 20', 'P-KAPAL', '18-JPS', 'Lembar', 5, 0, 20, '0000-00-00', 2, 20, 0, 0),
('18PK021620LN', '21 X 6 X 20', 'P-KAPAL', '18-LN', 'Lembar', 1, 0, 17, '0000-00-00', 1, 17, 0, 0),
('18PK02218006000GDS', '22 X 1800 X 6000', 'P-KAPAL', '18-GDS', 'Lembar', 1, 0, 9, '0000-00-00', 1, 9, 0, 0),
('18PK022520GDS', '22 X 5 X 20', 'P-KAPAL', '18-GDS-A36', 'Lembar', 3, 0, 0, '0000-00-00', 0, 0, 0, 0),
('18PK022520KIAKS', '22 X 5 X 20', 'P-KAPAL', '18-KIA KS', 'Lembar', 0, 0, 59, '0000-00-00', 7, 59, 0, 0),
('18PK022520KS', '22 X 5 X 20', 'P-KAPAL', '18-KS', 'Lembar', 1, 0, 50, '0000-00-00', 5, 50, 0, 0),
('18PK022520LN', '22 X 5 X 20', 'P-KAPAL', '18-LN', 'Lembar', 0, 0, 90, '0000-00-00', 9, 90, 0, 0),
('18PK022620GDS', '22 X 6 X 20 SS400/A36', 'P-KAPAL', '18-GDS', 'Lembar', 18, 0, 68, '0000-00-00', 4, 68, 0, 0),
('18PK022620KS', '22 X 6 X 20', 'P-KAPAL', '18-KS', 'Lembar', 0, 0, 17, '0000-00-00', 1, 17, 0, 0),
('18PK022620LN', '22 X 6 X 20', 'P-KAPAL', '18-LN', 'Lembar', 0, 0, 51, '0000-00-00', 3, 51, 0, 0),
('18PK023520GDS', '23 X 5 X 20', 'P-KAPAL', '18-GDS', 'Lembar', 1, 0, 10, '0000-00-00', 1, 10, 0, 0),
('18PK023520JPS', '23 X 5 X 20', 'P-KAPAL', '18-JPS', 'Lembar', 3, 0, 50, '0000-00-00', 5, 50, 0, 0),
('18PK023520LN', '23 X 5 X 20', 'P-KAPAL', '18-LN', 'Lembar', 1, 0, 10, '0000-00-00', 1, 10, 0, 0),
('18PK023620GDS', '23 X 6 X 20', 'P-KAPAL', '18-GDS', 'Lembar', 2, 0, 34, '0000-00-00', 2, 34, 0, 0),
('18PK023620LN', '23 X 6 X 20', 'P-KAPAL', '18-LN', 'Lembar', 1, 0, 17, '0000-00-00', 1, 17, 0, 0),
('18PK024520LN', '24 X 5 X 20', 'P-KAPAL', '18-LN', 'Lembar', 0, 0, 10, '0000-00-00', 1, 10, 0, 0),
('18PK0245600LN', '24 X 5 X 6000', 'P-KAPAL', '18-LN', 'Lembar', 0, 0, 10, '0000-00-00', 1, 10, 0, 0),
('18PK024620GDS', '24 X 6 X 20', 'P-KAPAL', '18-GDS', 'Lembar', 0, 0, 90, '0000-00-00', 15, 90, 0, 0),
('18PK025520GDS', '25 X 5 X 20', 'P-KAPAL', '18-GDS-A36', 'Lembar', 34, 0, 57, '0000-00-00', 5, 57, 0, 0),
('18PK025520KS', '25 X 5 X 20', 'P-KAPAL', '18-KS', 'Lembar', 1, 0, 20, '0000-00-00', 2, 20, 0, 0),
('18PK02556000GDS', '25 X 1500 X 6000', 'P-KAPAL', '18-GDS', 'Lembar', 0, 0, 0, '0000-00-00', 0, 0, 0, 0),
('18PK025620GDS', '25 X 6 X 20', 'P-KAPAL', '18-GDS-A36', 'Lembar', 10, 0, 42, '0000-00-00', 7, 42, 0, 0),
('18PK025620KS', '25 X 6 X 20', 'P-KAPAL', '18-KS', 'Lembar', 0, 0, 96, '0000-00-00', 16, 96, 0, 0),
('18PK02566000GDS', '25 X 6 X 6000', 'P-KAPAL', '18-GDS', 'Lembar', 0, 0, 0, '0000-00-00', 0, 0, 0, 0),
('18PK02615006000GDS', '26 X 1500 X 6000', 'P-KAPAL', '18-GDS', 'Lembar', 3, 0, 0, '0000-00-00', 0, 0, 0, 0),
('18PK026520GDS', '26 X 5 X 20', 'P-KAPAL', '18-GDS', 'Lembar', 0, 0, 0, '0000-00-00', 0, 0, 0, 0),
('18PK026520JPS', '26 X 5 X 20', 'P-KAPAL', '18-JPS', 'Lembar', 1, 0, 35, '0000-00-00', 5, 35, 0, 0),
('18PK026620GDS', '26 X 6 X 20', 'P-KAPAL', '18-GDS', 'Lembar', 0, 0, 0, '0000-00-00', 0, 0, 0, 0),
('18PK027520GDS', '27 X 5 X 20', 'P-KAPAL', '18-GDS', 'Lembar', 3, 0, 50, '0000-00-00', 5, 50, 0, 0),
('18PK027620GDS', '27 X 6 X 20', 'P-KAPAL', '18-GDS', 'Lembar', 0, 0, 6, '0000-00-00', 1, 6, 0, 0),
('18PK028520GDS', '28 X 5 X 20', 'P-KAPAL', '18-GDS', 'Lembar', 0, 0, 10, '0000-00-00', 1, 10, 0, 0),
('18PK028620GDS', '28 X 6 X 20', 'P-KAPAL', '18-GDS', 'Lembar', 0, 0, 0, '0000-00-00', 0, 0, 0, 0),
('18PK03015006000GDS', '30 X 1500 X 6000', 'P-KAPAL', '18-GDS', 'Lembar', 0, 0, 0, '0000-00-00', 0, 0, 0, 0),
('18PK03015006000JPN', '30 X 1520 X 6000', 'P-KAPAL', '18-LN/JAPAN', 'Lembar', 34, 0, 0, '0000-00-00', 0, 0, 0, 0),
('18PK030520GDS', '30 X 5 X 20', 'P-KAPAL', '18-GDS', 'Lembar', 0, 0, 40, '0000-00-00', 4, 40, 0, 0),
('18PK030620GDS', '30 X 6 X 20', 'P-KAPAL', '18-GDS', 'Lembar', 0, 0, 15, '0000-00-00', 15, 15, 0, 0),
('18PK032520GDS', '32 X 5 X 20', 'P-KAPAL', '18-GDS', 'Lembar', 11, 0, 190, '0000-00-00', 19, 190, 0, 0),
('18PK03256000GDS', '32 X 5 X 6000', 'P-KAPAL', '18-GDS', 'Lembar', 0, 0, 0, '0000-00-00', 0, 0, 0, 0),
('18PK032620GDS', '32 X 6 X 20', 'P-KAPAL', '18-GDS', 'Lembar', 23, 0, 126, '0000-00-00', 21, 126, 0, 0),
('18PK035157020KS', '35 X 1570 X 20', 'P-KAPAL', '18-KS', 'Lembar', 0, 0, 16, '0000-00-00', 1, 16, 0, 0),
('18PK035520GDS', '35 X 5 X 20', 'P-KAPAL', '18-GDS', 'Lembar', 19, 0, 30, '0000-00-00', 3, 30, 0, 0),
('18PK035620GDS', '35 X 6 X 20', 'P- KAPAL', '18-GDS', 'Lembar', 0, 0, 0, '0000-00-00', 0, 0, 0, 0),
('18PK036620GDS', '36 X 6 X 20', 'P-KAPAL', '18-GDS', 'Lembar', 0, 0, 6, '0000-00-00', 1, 6, 0, 0),
('18PK037620LN', '37 X 6 X 20', 'P-KAPAL', '18-LN', 'Lembar', 1, 0, 12, '0000-00-00', 2, 12, 0, 0),
('18PK038520GDS', '38 X 5 X 20', 'P-KAPAL', '18-GDS-A36', 'Lembar', 4, 0, 10, '0000-00-00', 1, 10, 0, 0),
('18PK038620GDS', '38 X 6 X 20', 'P-KAPAL', '18-GDS', 'Lembar', 9, 0, 0, '0000-00-00', 0, 0, 0, 0),
('18PK038620LN', '38 X 6 X 20', 'P-KAPAL', '18-LN', 'Lembar', 1, 0, 84, '0000-00-00', 14, 84, 0, 0),
('18PK039520GDS', '39 X 5 X 20', 'P-KAPAL', '18-GDS', 'Lembar', 0, 0, 9, '0000-00-00', 1, 9, 0, 0),
('18PK040520GDS', '40 X 5 X 20', 'P-KAPAL', '18-GDS', 'Lembar', 12, 0, 26, '0000-00-00', 4, 26, 0, 0),
('18PK040520LN', '40 X 5 X 20', 'P-KAPAL', '18-LN', 'Lembar', 0, 0, 9, '0000-00-00', 1, 9, 0, 0),
('18PK040620GDS', '40 X 6 X 20', 'P-KAPAL', '18-GDS', 'Lembar', 1, 0, 56, '0000-00-00', 10, 56, 0, 0),
('18PK040620LN', '40 X 6 X 20', 'P-KAPAL', '18-LN', 'Lembar', 6, 0, 36, '0000-00-00', 6, 36, 0, 0),
('18PK041520GDS', '41 X 5 X 20', 'P-KAPAL', '18-GDS', 'Lembar', 2, 0, 20, '0000-00-00', 2, 20, 0, 0),
('18PK042520GDS', '42 X 5 X 20', 'P-KAPAL', '18-GDS', 'Lembar', 2, 0, 0, '0000-00-00', 0, 0, 0, 0),
('18PK044520GDS', '44 X 5 X 20', 'P-KAPAL', '18-GDS', 'Lembar', 1, 0, 10, '0000-00-00', 1, 10, 0, 0),
('18PK044620GDS', '44 X 6 X 20', 'P-KAPAL', '18-GDS', 'Lembar', 7, 0, 30, '0000-00-00', 5, 30, 0, 0),
('18PK045520GDS', '45 X 5 X 20', 'P-KAPAL', '18-GDS', 'Lembar', 1, 0, 80, '0000-00-00', 8, 80, 0, 0),
('18PK045620GDS', '45 X 6 X 20', 'P-KAPAL', '18-GDS', 'Lembar', 19, 0, 8, '0000-00-00', 8, 8, 0, 0),
('18PK050520GDS', '50 X 5 X 20', 'P-KAPAL', '18-GDS', 'Lembar', 5, 0, 27, '0000-00-00', 14, 27, 0, 0),
('18PK050520GG', '50 X 5 X 20', 'P-KAPAL', '18-GG', 'Lembar', 0, 0, 4, '0000-00-00', 1, 4, 0, 0),
('18PK050620GDS', '50 X 6 X 20', 'P-KAPAL', '18-GDS', 'Lembar', 0, 0, 122, '0000-00-00', 21, 122, 0, 0),
('18PK050620LN', '50 X 6 X 20', 'P-KAPAL', '18-LN', 'Lembar', 0, 0, 54, '0000-00-00', 9, 54, 0, 0),
('18PK05066000GDS', '50 X 6 X 6000', 'P-KAPAL', '18-GDS', 'Lembar', 0, 0, 5, '0000-00-00', 1, 5, 0, 0),
('18PK053520KS', '53 X 5 X 20', 'P-KAPAL', '18-KS', 'Lembar', 2, 0, 18, '0000-00-00', 2, 18, 0, 0);
INSERT INTO `barang` (`Kode`, `Ukuran`, `Nama`, `Nama2`, `Satuan1`, `Qty1`, `QtyOp`, `QtyGudang`, `Tgl_Saw`, `Saw`, `SawGudang`, `Harga_Beli`, `Harga_Jual`) VALUES
('18PK054620GDS', '54 X 6 X 20', 'P-KAPAL', '18-GDS', 'Lembar', 2, 0, 0, '0000-00-00', 0, 0, 0, 0),
('18PK055520GDS', '55 X 5 X 20', 'P-KAPAL', '18-GDS', 'Lembar', 1, 0, 9, '0000-00-00', 1, 9, 0, 0),
('18PK055520KS', '55 X 5 X 20', 'P-KAPAL', '18-KS', 'Lembar', 1, 0, 9, '0000-00-00', 1, 9, 0, 0),
('18PK055520LN', '55 X 5 X 20', 'P-KAPAL', '18-LN', 'Lembar', 1, 0, 9, '0000-00-00', 1, 9, 0, 0),
('18PK055620GDS', '55 X 6 X 20', 'P-KAPAL', '18-GDS', 'Lembar', 1, 0, 12, '0000-00-00', 2, 12, 0, 0),
('18PK05566000LN', '55 X 6 X 6000', 'P-KAPAL', '18-LN', 'Lembar', 2, 0, 12, '0000-00-00', 2, 12, 0, 0),
('18PK056520LN', '56 X 5 X 20', 'P-KAPAL', '18-LN', 'Lembar', 1, 0, 9, '0000-00-00', 1, 9, 0, 0),
('18PK057620GDS', '57 X 6 X 20', 'P-KAPAL', '18-GDS', 'Lembar', 0, 0, 6, '0000-00-00', 1, 6, 0, 0),
('18PK060520GDS', '60 X 5 X 20', 'P-KAPAL', '18-GDS', 'Lembar', 0, 0, 29, '0000-00-00', 3, 29, 0, 0),
('18PK063620GDS', '63 X 6 X 20', 'P-KAPAL', '18-GDS', 'Lembar', 0, 0, 6, '0000-00-00', 1, 6, 0, 0),
('18PK070520GDS', '70 X 5 X 20', 'P-KAPAL', '18-GDS', 'Lembar', 0, 0, 0, '0000-00-00', 0, 0, 0, 0),
('18PK071620', '71 X 6 X 20', 'P-KAPAL', '18', 'Lembar', 0, 0, 0, '0000-00-00', 0, 0, 0, 0),
('18PK080520GDS', '80 X 5 X 20', 'P-KAPAL', '18-GDS', 'Lembar', 1, 0, 9, '0000-00-00', 1, 9, 0, 0),
('18PNS00212201170KS', '2 X 1220 X 1170', 'PLAAT NS', '18-KS', 'Lembar', 0, 0, 1, '0000-00-00', 1, 1, 0, 0),
('18PNS00212202730KS', '2 X 1220 X 2730', 'PLAAT NS', '18-KS', 'Lembar', 1, 0, 1, '0000-00-00', 1, 1, 0, 0),
('18PNS0021220300KS', '2 X 1220 X 300', 'PLAAT NS', '18-KS', 'Lembar', 0, 0, 1, '0000-00-00', 1, 1, 0, 0),
('18PNS002812001800', '2,8 X 1200 X 1800', 'PLAAT NS', '18-KS', 'Lembar', 0, 0, 0, '0000-00-00', 0, 0, 0, 0),
('18PNS002812002030', '2,8 X 1200 X 2030', 'PLAAT NS', '18-KS', 'Lembar', 0, 0, 0, '0000-00-00', 0, 0, 0, 0),
('18PNS002942045MM', '2,9 X 4 X 2045', 'PLAAT NS', '18', 'Lembar', 0, 0, 0, '0000-00-00', 0, 0, 0, 0),
('18PNS002944', '2,9 X 4 X 4', 'PLAAT NS', '18', 'Lembar', 0, 0, 0, '0000-00-00', 0, 0, 0, 0),
('18PNS0029445MM', '2,9 X 4 X 45', 'PLAAT NS', '18', 'Lembar', 0, 0, 0, '0000-00-00', 0, 0, 0, 0),
('18PNS002945', '2,9 X 4 X 5', 'PLAAT NS', '18', 'Lembar', 0, 0, 0, '0000-00-00', 0, 0, 0, 0),
('18PNS002946', '2,9 X 4 X 6', 'PLAAT NS', '18', 'Lembar', 0, 0, 0, '0000-00-00', 0, 0, 0, 0),
('18PNS00452610', '4 X 5 X 2610', 'PLAAT NS', '18-LNBMKU', 'Lembar', 0, 0, 0, '0000-00-00', 0, 0, 0, 0),
('18PNS00452960', '4 X 5 X 2960', 'PLAAT NS', '18-LNBMKU', 'Lembar', 0, 0, 0, '0000-00-00', 0, 0, 0, 0),
('18PNS004548KS', '4,5 X 4 X 8', 'PLAAT NS', '18-KS', 'Lembar', 1, 0, 5, '0000-00-00', 1, 5, 0, 0),
('18PNS005615301000', '5,6 X 1530 X 1000', 'PLAAT NS', '18', 'Lembar', 0, 0, 2, '0000-00-00', 1, 2, 0, 0),
('18PNS00711502400LN', '7 X 1150 X 2400', 'PLAAT NS', '18-LN', 'Lembar', 0, 0, 15, '0000-00-00', 3, 15, 0, 0),
('18PNS00711502448LN', '7 X 1150 X 2448', 'PLAAT NS', '18-LN', 'Lembar', 0, 0, 300, '0000-00-00', 60, 300, 0, 0),
('18PNS007715202190GG', '7,7 X 1520 X 2190', 'PLAAT NS', '18-GG', 'Lembar', 0, 0, 0, '0000-00-00', 0, 0, 0, 0),
('18PNS00771520415GG', '7,7 X 1520 X 415', 'PLAAT NS', '18-GG', 'Lembar', 0, 0, 0, '0000-00-00', 0, 0, 0, 0),
('18PNS007715204180GG', '7,7 X 1520 X 4180', 'PLAAT NS', '18-GG', 'Lembar', 0, 0, 0, '0000-00-00', 0, 0, 0, 0),
('18PNS007715305000GG', '7,7 X 1530 X 5000', 'PLAAT NS', '18-GG', 'Lembar', 0, 0, 0, '0000-00-00', 0, 0, 0, 0),
('18PNS00851520', '8,5x1520x330', 'PLAAT NS', '18-GG', 'Lembar', 0, 0, 0, '0000-00-00', 0, 0, 0, 0),
('18PNS009712191500GG', '9,7x1219x1500/1575', 'PLAAT NS', '18-GG', 'Lembar', 0, 0, 0, '0000-00-00', 0, 0, 0, 0),
('18PNS009712192175GG', '9,7x1219x2175/2870', 'PLAAT NS', '18-GG', 'Lembar', 0, 0, 0, '0000-00-00', 0, 0, 0, 0),
('18PNS009712193315GG', '9,7x1219x3315/3245', 'PLAAT NS', '18-GG', 'Lembar', 0, 0, 0, '0000-00-00', 0, 0, 0, 0),
('18PNS009715202175', '9,7x1520x2300/140', 'PLAAT NS', '18', 'Lembar', 0, 0, 0, '0000-00-00', 0, 0, 0, 0),
('18PNS01171520', '11,7 X 1520 X 680-2010', 'PLAAT NS', '18', 'Lembar', 0, 0, 0, '0000-00-00', 0, 0, 0, 0),
('18PNS01448GG', '14 X 4 X 8', 'PLAAT NS', '18-GG', 'Lembar', 1, 0, 5, '0000-00-00', 1, 5, 0, 0),
('18PNS01510002000GG', '15 X 1000 X 2000', 'PLAAT NS', '18-GG', 'Lembar', 0, 0, 15, '0000-00-00', 3, 15, 0, 0),
('18PNS01514202440GG', '15 X 1420 X 2440', 'PLAAT NS', '18-GG', 'Lembar', 0, 0, 5, '0000-00-00', 1, 5, 0, 0),
('18PNS02012502500GG', '20 X 1250 X 2500', 'PLAAT NS', '18-GG', 'Lembar', 0, 0, 0, '0000-00-00', 0, 0, 0, 0),
('18PNS02212201850GG', '3 X 1250 X 2438', 'PLAAT NS', '18-BMKU', 'Lembar', 2, 0, 0, '0000-00-00', 0, 0, 0, 0),
('18PNS02811752440GG', '5 X 1530 X 1900', 'PLAAT NS', '18-GG', 'Lembar', 1, 0, 0, '0000-00-00', 0, 0, 0, 0),
('18PNS0326002438KS', '32 X 600 X 2438', 'PLAAT NS', '18-KS', 'Lembar', 0, 0, 1, '0000-00-00', 1, 1, 0, 0),
('18PNS0361103000GG', '5 X 1530 X 3505', 'PLAAT NS', '18-GG', 'Lembar', 1, 0, 10, '0000-00-00', 2, 10, 0, 0),
('18PNS03815303000GG', '5 X 1530 X 4965', 'PLAAT NS', '18-GG', 'Lembar', 1, 0, 10, '0000-00-00', 2, 10, 0, 0),
('18PNS04512203000GG', '5,7 X 1550 X 3000', 'PLAAT NS', '18-GG', 'Lembar', 1, 0, 5, '0000-00-00', 1, 5, 0, 0),
('18PNS04512802550GG', '5,9 X 1530 X 3925', 'PLAAT NS', '18-GG', 'Lembar', 1, 0, 5, '0000-00-00', 1, 5, 0, 0),
('18PNS05715303000GG', '6 X 1530 X 2350', 'PLAAT NS', '18-GG', 'Lembar', 1, 0, 5, '0000-00-00', 1, 5, 0, 0),
('18PNS08015303000GG', '6 X 1530 X 2500', 'PLAAT NS', '18-GG', 'Lembar', 1, 0, 5, '0000-00-00', 1, 5, 0, 0),
('18PNS1520415GG', '7,7 X 1520 X 415', 'PLAAT NS', '18-GG', 'Lembar', 0, 0, 0, '0000-00-00', 0, 0, 0, 0),
('18PNSSIPOHITAM', '', 'PLAAT NS', '18-P.HITAM/KAPAL', 'Lembar', 0, 0, 0, '0000-00-00', 0, 0, 0, 0),
('18PPG00112186', '1 1/2" X 1,8 X 6', 'PIPA GAS /HITAM', '18', 'Batang', 0, 0, 0, '0000-00-00', 0, 0, 0, 0),
('18PPG00114186', '1 1/4" X 1,8 X 6', 'PIPA GAS', '18', 'Batang', 0, 0, 0, '0000-00-00', 0, 0, 0, 0),
('18PPG002286', '2" X 2,8 X 6', 'PIPA GAS', '18', 'Batang', 0, 0, 0, '0000-00-00', 0, 0, 0, 0),
('18PPG00236', '2" X 3 X 6', 'PIPA GALVANIZED', '18', 'Batang', 124, 0, 0, '0000-00-00', 0, 0, 0, 0),
('18PPG003236', '3" X 2,3 X 6', 'PIPA GAS', '18', 'Batang', 0, 0, 0, '0000-00-00', 0, 0, 0, 0),
('18PPH00236', '2" X 3 X 6', 'PIPA HITAM', '18', 'Batang', 0, 0, 0, '0000-00-00', 0, 0, 0, 0),
('18PPH00346', '3" X 4 X 6', 'PIPA HITAM', '18-Bakrie-W', 'Batang', 184, 0, 0, '0000-00-00', 0, 0, 0, 0),
('18PPH00446W', '4" X 4 X 6', 'PIPA HITAM', '18-Bakrie-W', 'Batang', 0, 0, 0, '0000-00-00', 0, 0, 0, 0),
('18PPH00466S', '4" X 6 X 6', 'PIPA HITAM', '18-Seam Less', 'Batang', 0, 0, 216, '0000-00-00', 27, 216, 0, 0),
('18PPH006446', '6" X 4''4 X 6', 'PIPA HITAM', '18-Bakrie', 'Batang', 151, 0, 0, '0000-00-00', 0, 0, 0, 0),
('18PPH00676S', '6" X 7 X 6', 'PIPA HITAM', '18-Seam Less', 'Batang', 0, 0, 616, '0000-00-00', 44, 616, 0, 0),
('18PS0058735000', '5,8 X 73 X 5000', 'P-STRIP', '18', 'Batang', 0, 0, 0, '0000-00-00', 0, 0, 0, 0),
('18PS0058735500', '5,8 X 73 X 5500', 'P-STRIP', '18', 'Batang', 0, 0, 0, '0000-00-00', 0, 0, 0, 0),
('18PS0058735800', '5,8 X 73 X 5800', 'P-STRIP', '18', 'Batang', 0, 0, 0, '0000-00-00', 0, 0, 0, 0),
('18PS0058975000', '5,8 X 97 X 5000', 'P-STRIP', '18', 'Batang', 0, 0, 0, '0000-00-00', 0, 0, 0, 0),
('18PS0058975500', '5,8 X 97 X 5500', 'P-STRIP', '18', 'Batang', 0, 0, 0, '0000-00-00', 0, 0, 0, 0),
('18PS0058975800', '5,8 X 97 X 5800', 'P-STRIP', '18', 'Batang', 0, 0, 0, '0000-00-00', 0, 0, 0, 0),
('18PS006755000', '6 X 75 X 5000', 'P-STRIP', '18', 'Batang', 20, 0, 0, '0000-00-00', 0, 0, 0, 0),
('18PS006755500', '6 X 75 X 5500', 'P-STRIP', '18', 'Batang', 22, 0, 0, '0000-00-00', 0, 0, 0, 0),
('18PS006755800', '6 X 75 X 5800', 'P-STRIP', '18', 'Batang', 11, 0, 0, '0000-00-00', 0, 0, 0, 0),
('18PS006756', '6 X 75 X 6', 'P-STRIP', '18', 'Batang', 1227, 0, 0, '0000-00-00', 0, 0, 0, 0),
('18PS0081005500', '8 X 100 X 5500', 'P-STRIP', '18', 'Batang', 0, 0, 0, '0000-00-00', 0, 0, 0, 0),
('18PS008975000', '8 X 97 X 5000', 'P-STRIP', '18', 'Batang', 0, 0, 0, '0000-00-00', 0, 0, 0, 0),
('18PS008975500', '8 X 97 X 5500', 'P-STRIP', '18', 'Batang', 0, 0, 0, '0000-00-00', 0, 0, 0, 0),
('18PS008976000', '8 X 97 X 6000', 'P-STRIP', '18', 'Batang', 5, 0, 0, '0000-00-00', 0, 0, 0, 0),
('18PS0091006', '9 X 100 X 6', 'P-STRIP', '18', 'Batang', 0, 0, 0, '0000-00-00', 0, 0, 0, 0),
('18PS009655000', '9 X 65 X 5000', 'P-STRIP', '18', 'Batang', 1, 0, 0, '0000-00-00', 0, 0, 0, 0),
('18PS009655558', '9 X 65 X 5/ 5,5/ 5,8', 'P-STRIP', '18', 'Batang', 26, 0, 0, '0000-00-00', 0, 0, 0, 0),
('18PS009656', '9 X 65 X 6', 'P-STRIP', '18', 'Batang', 879, 0, 0, '0000-00-00', 0, 0, 0, 0),
('18PS009735800', '9 X 73 X 5800', 'P-STRIP', '18', 'Batang', 0, 0, 0, '0000-00-00', 0, 0, 0, 0),
('18PS00975555', '9 X 75 X 5 / 5,5', 'P-STRIP', '18', 'Batang', 29, 0, 0, '0000-00-00', 0, 0, 0, 0),
('18PS009756', '9 X 75 X 6', 'P-STRIP', '18', 'Batang', 0, 0, 0, '0000-00-00', 0, 0, 0, 0),
('18PS011635000', '11 X 63 X 5000', 'P-STRIP', '18', 'Batang', 0, 0, 0, '0000-00-00', 0, 0, 0, 0),
('18PS011635500', '11 X 63 X 5500', 'P-STRIP', '18', 'Batang', 0, 0, 0, '0000-00-00', 0, 0, 0, 0),
('18PS011735500', '11 X 73 X 5500', 'P-STRIP', '18', 'Batang', 0, 0, 0, '0000-00-00', 0, 0, 0, 0),
('18PS011735800', '11 X 73 X 5800', 'P-STRIP', '18', 'Batang', 0, 0, 0, '0000-00-00', 0, 0, 0, 0),
('18PS012655500', '12 X 65 X 5500', 'P-STRIP', '18', 'Batang', 0, 0, 0, '0000-00-00', 0, 0, 0, 0),
('18PS0127550005500', '12 X 75 X 5000/5500', 'P-STRIP', '18', 'Batang', 15, 0, 0, '0000-00-00', 0, 0, 0, 0),
('18PS012756', '12 X 75 X 6', 'P-STRIP', '18', 'Batang', 277, 0, 0, '0000-00-00', 0, 0, 0, 0),
('18PS019386', '19 X 38 X 6', 'P-STRIP', '18', 'Batang', 623, 0, 0, '0000-00-00', 0, 0, 0, 0),
('18PS0196550005500', '19 X 65 X 5000/5500', 'P-STRIP', '18', 'Batang', 13, 0, 0, '0000-00-00', 0, 0, 0, 0),
('18PS038165000', '38 X 16 X 5000', 'P-STRIP', '18', 'Batang', 0, 0, 168, '0000-00-00', 56, 168, 0, 0),
('18PS038165500', '38 X 16 X 5500', 'P-STRIP', '18', 'Batang', 0, 0, 78, '0000-00-00', 26, 78, 0, 0),
('18PS038195000', '38 X 19 X 5000', 'P-STRIP', '18', 'Batang', 0, 0, 10, '0000-00-00', 2, 10, 0, 0),
('18PS038195500', '38 X 19 X 5500', 'P-STRIP', '18', 'Batang', 0, 0, 55, '0000-00-00', 11, 55, 0, 0),
('18PS0501640005800', '50 X 16 X 4000/5800/6000', 'P-STRIP', '18', 'Batang', 58, 0, 145, '0000-00-00', 29, 145, 0, 0),
('18PS050165000', '50 X 16 X 5000', 'P-STRIP', '18', 'Batang', 12, 0, 52, '0000-00-00', 13, 52, 0, 0),
('18PS050165500', '50 X 16 X 5500', 'P-STRIP', '18', 'Batang', 14, 0, 55, '0000-00-00', 11, 55, 0, 0),
('18PS0501940005800', '50 X 19 X 4000/5800', 'P-STRIP', '18', 'Batang', 13, 0, 140, '0000-00-00', 28, 140, 0, 0),
('18PS0502540005800', '50 X 25 X 4000/5800', 'P-STRIP', '18', 'Batang', 14, 0, 70, '0000-00-00', 14, 70, 0, 0),
('18PS0601240005800', '60 X 12 X 4000/5800', 'P-STRIP', '18', 'Batang', 12, 0, 60, '0000-00-00', 12, 60, 0, 0),
('18PS065165000', '65 X 16 X 5000', 'P-STRIP', '18', 'Batang', 22, 0, 65, '0000-00-00', 13, 65, 0, 0),
('18PS065165500', '65 X 16 X 5500', 'P-STRIP', '18', 'Batang', 22, 0, 35, '0000-00-00', 7, 35, 0, 0),
('18PS065165800', '65 X 16 X 5800', 'P-STRIP', '18', 'Batang', 21, 0, 0, '0000-00-00', 0, 0, 0, 0),
('18PS0751640005800', '75 X 16 X 4000/5800', 'P-STRIP', '18', 'Batang', 11, 0, 70, '0000-00-00', 14, 70, 0, 0),
('18PS0751940005800', '75 X 19 X 4000/5800', 'P-STRIP', '18', 'Batang', 26, 0, 130, '0000-00-00', 26, 130, 0, 0),
('18PS1001240005800', '100 X 12 X 4000/5800', 'P-STRIP', '18', 'Batang', 53, 0, 315, '0000-00-00', 63, 315, 0, 0),
('18PS100125000', '100 X 12 X 5000', 'P-STRIP', '18', 'Batang', 5, 0, 20, '0000-00-00', 5, 20, 0, 0),
('18PS100125500', '100 X 12 X 5500', 'P-STRIP', '18', 'Batang', 4, 0, 3, '0000-00-00', 3, 3, 0, 0),
('18PS1001640005800', '100 X 16 X 4000/5800', 'P-STRIP', '18', 'Batang', 38, 0, 185, '0000-00-00', 37, 185, 0, 0),
('18PS100165000', '100 X 16 X 5000', 'P-STRIP', '18', 'Batang', 3, 0, 15, '0000-00-00', 3, 15, 0, 0),
('18PS100165500', '100 X 16 X 5500', 'P-STRIP', '18', 'Batang', 11, 0, 15, '0000-00-00', 3, 15, 0, 0),
('18PS1001940005800', '100 X 19 X 4000/5800', 'P-STRIP', '18', 'Batang', 37, 0, 185, '0000-00-00', 37, 185, 0, 0),
('18PS10065000', '100 X 6 X 5000', 'P-STRIP', '18', 'Batang', 25, 0, 290, '0000-00-00', 58, 290, 0, 0),
('18PS10065500', '100 X 6 X 5500 / 5800', 'P-STRIP', '18', 'Batang', 147, 0, 0, '0000-00-00', 0, 0, 0, 0),
('18PS10095000', '100 X 9 X 5 / 5,5 / 5,8', 'P-STRIP', '18', 'Batang', 54, 0, 96, '0000-00-00', 32, 96, 0, 0),
('18PS125125000', '125 X 12 X 5000', 'P-STRIP', '18', 'Batang', 26, 0, 115, '0000-00-00', 23, 115, 0, 0),
('18PS125125500', '125 X 12 X 5500', 'P-STRIP', '18', 'Batang', 41, 0, 145, '0000-00-00', 29, 145, 0, 0),
('18PS125125800', '125 X 12 X 5800', 'P-STRIP', '18', 'Batang', 14, 0, 70, '0000-00-00', 14, 70, 0, 0),
('18PS125940005800', '125 X 9 X 4000/5800', 'P-STRIP', '18', 'Batang', 20, 0, 100, '0000-00-00', 20, 100, 0, 0),
('18PS12595000', '125 X 9 X 5000', 'P-STRIP', '18', 'Batang', 10, 0, 50, '0000-00-00', 10, 50, 0, 0),
('18PS12596000', '125 X 9 X 6000', 'P-STRIP', '18', 'Batang', 0, 0, 5, '0000-00-00', 1, 5, 0, 0),
('18PSTB02020186', '20x20x1,8x6', 'P-STALBUIS', '18', 'Batang', 0, 0, 0, '0000-00-00', 0, 0, 0, 0),
('18PSTB02040186', '20x40x1,8x6', 'P-STALBUIS', '18', 'Batang', 0, 0, 0, '0000-00-00', 0, 0, 0, 0),
('18PSTB02525186', '25x25x1,8x6', 'P-STALBUIS', '18', 'Batang', 0, 0, 0, '0000-00-00', 0, 0, 0, 0),
('18PSTB03030166', '30x30x1,6x6', 'P-STALBUIS', '18', 'Batang', 0, 0, 0, '0000-00-00', 0, 0, 0, 0),
('18PSTB03030186', '30x30x1,8x6', 'P-STALBUIS', '18', 'Batang', 0, 0, 0, '0000-00-00', 0, 0, 0, 0),
('18PSTB04040236', '40x40x2,3x6', 'P-STALBUIS', '18', 'Batang', 0, 0, 0, '0000-00-00', 0, 0, 0, 0),
('18PSTB04040256', '40x40x2,5x6', 'P-STALBUIS', '18-Bakrie', 'Batang', 184, 0, 0, '0000-00-00', 0, 0, 0, 0),
('18PSTB04040286', '40x40x2,8x6', 'P-STALBUIS', '18', 'Batang', 30, 0, 0, '0000-00-00', 0, 0, 0, 0),
('18PSTB0404036', '40x40x3x6', 'P-STALBUIS', '18', 'Batang', 3, 0, 0, '0000-00-00', 0, 0, 0, 0),
('18PSTB05025186', '50x25x1,8x6', 'P-STALBUIS', '18', 'Batang', 0, 0, 0, '0000-00-00', 0, 0, 0, 0),
('18PSTB05050186', '50x50x1,8x6', 'P-STALBUIS', '18', 'Batang', 183, 0, 0, '0000-00-00', 0, 0, 0, 0),
('18PSTB05050256', '50x50x2,5x6', 'P-STALBUIS', '18-Bakrie/SBY', 'Batang', 416, 0, 0, '0000-00-00', 0, 0, 0, 0),
('18PSTB0505036', '50x50x3x6', 'P-STALBUIS', '18-Bakrie', 'Batang', 0, 0, 0, '0000-00-00', 0, 0, 0, 0),
('18PSTB06030166', '60x30x1,6x6', 'P-STALBUIS', '18', 'Batang', 0, 0, 0, '0000-00-00', 0, 0, 0, 0),
('18PSTB06060186', '60x60x1,8x6', 'P-STALBUIS', '18', 'Batang', 0, 0, 0, '0000-00-00', 0, 0, 0, 0),
('18PSTB100100356', '100x100x3,5x6', 'P-STALBUIS', '18-Bakrie', 'Batang', 685, 0, 0, '0000-00-00', 0, 0, 0, 0),
('18PSTB10010036', '100x100x3x6', 'P-STALBUIS', '18-Bakrie', 'Batang', 102, 0, 0, '0000-00-00', 0, 0, 0, 0),
('18PSTB10050234500', '100x50x2,3x4500', 'P-STALBUIS', '18-LN', 'Batang', 0, 0, 4016, '0000-00-00', 366, 4016, 0, 0),
('18PSTB10050235100', '100x50x2,3x5100', 'P-STALBUIS', '18-LN', 'Batang', 0, 0, 2551, '0000-00-00', 211, 2551, 0, 0),
('18PSTB10050256', '100x50x2,5x6', 'P-STALBUIS', '18', 'Batang', 78, 0, 0, '0000-00-00', 0, 0, 0, 0),
('18PSTB10050324500', '100x50x3,2x4500', 'P-STALBUIS', '18-LN', 'Batang', 0, 0, 631, '0000-00-00', 56, 631, 0, 0),
('18PSTB10050325100', '100x50x3,2x5100', 'P-STALBUIS', '18-LN', 'Batang', 0, 0, 3660, '0000-00-00', 317, 3660, 0, 0),
('18PSTB1005036', '100x50x3x6', 'P-STALBUIS', '18-Bakrie/Bumi Kaya', 'Batang', 0, 0, 0, '0000-00-00', 0, 0, 0, 0),
('18PSTB1005044500', '100x50x4x4500', 'P-STALBUIS', '18-LN', 'Batang', 0, 0, 2420, '0000-00-00', 220, 2420, 0, 0),
('18PSTB1005045100', '100x50x4x5100', 'P-STALBUIS', '18-LN', 'Batang', 0, 0, 418, '0000-00-00', 48, 418, 0, 0),
('18SG032325500', '32 X 32 X 5500', 'SEGI', '18', 'Batang', 1, 0, 0, '0000-00-00', 0, 0, 0, 0),
('18SG0383840005400T', '38 X 38 X 4000/5400', 'SEGI', '18-TEXMACO', 'Batang', 7, 0, 384, '0000-00-00', 32, 384, 0, 0),
('18SG038385000', '38 X 38 X 5000', 'SEGI', '18', 'Batang', 3, 0, 0, '0000-00-00', 0, 0, 0, 0),
('18SG038385500', '38 X 38 X 5500', 'SEGI', '18', 'Batang', 1, 0, 0, '0000-00-00', 0, 0, 0, 0),
('18SG038386000', '38 X 38 X 6000', 'SEGI', '18', 'Batang', 0, 0, 24, '0000-00-00', 2, 24, 0, 0),
('18SG0454540005800', '45 X 45 X 4000/5800', 'SEGI', '18', 'Batang', 0, 0, 372, '0000-00-00', 31, 372, 0, 0),
('18SG045455000', '45 X 45 X 5000', 'SEGI', '18', 'Batang', 0, 0, 0, '0000-00-00', 0, 0, 0, 0),
('18SG045455500', '45 X 45 X 5500', 'SEGI', '18', 'Batang', 0, 0, 0, '0000-00-00', 0, 0, 0, 0),
('18SG0505040005800', '50 X 50 X 4000/5800', 'SEGI', '18', 'Batang', 0, 0, 216, '0000-00-00', 18, 216, 0, 0),
('18SG050504500', '50 X 50 X 4500', 'SEGI', '18', 'Batang', 1, 0, 0, '0000-00-00', 0, 0, 0, 0),
('18SG050505000', '50 X 50 X 5000', 'SEGI', '18', 'Batang', 0, 0, 60, '0000-00-00', 5, 60, 0, 0),
('18SG050505500', '50 X 50 X 5500', 'SEGI', '18', 'Batang', 0, 0, 66, '0000-00-00', 6, 66, 0, 0),
('18SG050506000', '50 X 50 X 6000', 'SEGI', '18', 'Batang', 0, 0, 766, '0000-00-00', 63, 766, 0, 0),
('18SG065655000', '65 X 65 X 5000', 'SEGI', '18', 'Batang', 0, 0, 0, '0000-00-00', 0, 0, 0, 0),
('18SG065655500', '65 X 65 X 5500', 'SEGI', '18', 'Batang', 0, 0, 0, '0000-00-00', 0, 0, 0, 0),
('18SG0656556205870', '65 X 65 X 5620/5870', 'SEGI', '18', 'Batang', 0, 0, 0, '0000-00-00', 0, 0, 0, 0),
('18SG065656000', '65 X 65 X 6000', 'SEGI', '18', 'Batang', 0, 0, 780, '0000-00-00', 65, 780, 0, 0),
('18SK0303036BBBXW', '30 X 30 X 3 X 6', 'SIKU', '18-BBB XW', 'Batang', 20, 0, 4374, '0000-00-00', 486, 4374, 0, 0),
('18SK0404046ITWT', '40 X 40 X 4 X 6', 'SIKU', '18-ITW', 'Batang', 479, 0, 19386, '0000-00-00', 2154, 19386, 0, 0),
('18SK0404046KS', '40 X 40 X 4 X 6', 'SIKU', '18-INDP KS', 'Batang', 1840, 0, 0, '0000-00-00', 0, 0, 0, 0),
('18SK0454556BBBKS', '45 X 45 X 5 X 6', 'SIKU', '18-BBB KS', 'Batang', 2305, 0, 22140, '0000-00-00', 2460, 22140, 0, 0),
('18SK05050512KS', '50 X 50 X 5 X 12', 'SIKU', '18-BBB KS', 'Batang', 0, 0, 0, '0000-00-00', 0, 0, 0, 0),
('18SK0505056BBBKS', '50 X 50 X 5 X 6', 'SIKU', '18-KS', 'Batang', 7, 0, 6552, '0000-00-00', 328, 6552, 0, 0),
('18SK0505056LN', '50 X 50 X 5 X 6', 'SIKU', '18-LN', 'Batang', 10, 0, 0, '0000-00-00', 0, 0, 0, 0),
('18SK0505066LN', '50 X 50 X 6 X 6', 'SIKU', '18-LN', 'Batang', 0, 0, 0, '0000-00-00', 0, 0, 0, 0),
('18SK0606066KS', '60 X 60 X 6 X 6', 'SIKU', '18-KS', 'Batang', 592, 0, 2427, '0000-00-00', 809, 2427, 0, 0),
('18SK0606066LN', '60 X 60 X 6 X 6', 'SIKU', '18-LN', 'Batang', 10, 0, 0, '0000-00-00', 0, 0, 0, 0),
('18SK0656566BBBKS', '65 X 65 X 6 X 6', 'SIKU', '18-BBB KS', 'Batang', 385, 0, 12294, '0000-00-00', 1366, 12294, 0, 0),
('18SK0656566ITWXW', '65 X 65 X 6 X 6', 'SIKU', '18-ITW XW', 'Batang', 1, 0, 2700, '0000-00-00', 300, 2700, 0, 0),
('18SK0707076BBBKS', '70 X 70 X 7 X 6', 'SIKU', '18-BBB KS', 'Batang', 250, 0, 369, '0000-00-00', 33, 369, 0, 0),
('18SK0707076LN', '70 X 70 X 7 X 6', 'SIKU', '18-LN', 'Batang', 0, 0, 0, '0000-00-00', 0, 0, 0, 0),
('18SK0757566BBBKS', '75 X 75 X 6 X 6', 'SIKU', '18-BBB KS', 'Batang', 11, 0, 4050, '0000-00-00', 450, 4050, 0, 0),
('18SK0757566XW', '75 X 75 X 6 X 6', 'SIKU', '18-XW', 'Batang', 53, 0, 0, '0000-00-00', 0, 0, 0, 0),
('18SK075756LN', '75 X 75 X 6 X 6', 'SIKU', '18-LN', 'Batang', 265, 0, 0, '0000-00-00', 0, 0, 0, 0),
('18SK0757576BBBKS', '75 X 75 X 7 X 6', 'SIKU', '18-BBB KS', 'Batang', 83, 0, 7200, '0000-00-00', 800, 7200, 0, 0),
('18SK0757576LN', '75 X 75 X 7 X 6', 'SIKU', '18-LN', 'Batang', 115, 0, 0, '0000-00-00', 0, 0, 0, 0),
('18SK0757586', '75 X 75 X 8 X 6', 'SIKU', '18-BBB KS', 'Batang', 0, 0, 0, '0000-00-00', 0, 0, 0, 0),
('18SK0757586LN', '75 X 75 X 8 X 6', 'SIKU', '18-LN', 'Batang', 1, 0, 0, '0000-00-00', 0, 0, 0, 0),
('18SK08080656LN', '80 X 80 X 6,5 X 6', 'SIKU', '18-LN', 'Batang', 0, 0, 0, '0000-00-00', 0, 0, 0, 0),
('18SK0808086BBBKS', '80 X 80 X 8 X 6', 'SIKU', '18-BBB KS', 'Batang', 269, 0, 6876, '0000-00-00', 764, 6876, 0, 0),
('18SK0808086LN', '80 X 80 X 8 X 6', 'SIKU', '18-LN', 'Batang', 0, 0, 0, '0000-00-00', 0, 0, 0, 0),
('18SK0909086LN', '90 X 90 X 8 X 6', 'SIKU', '18-LN', 'Batang', 23, 0, 0, '0000-00-00', 0, 0, 0, 0),
('18SK0909096BBBKS', '90 X 90 X 9 X 6', 'SIKU', '18-BBB KS', 'Batang', 0, 0, 13533, '0000-00-00', 1497, 13533, 0, 0),
('18SK100100106KS', '100 X 100 X 10 X 6', 'SIKU', '18-KS', 'Batang', 0, 0, 0, '0000-00-00', 0, 0, 0, 0),
('18SK100100106LN', '100 X 100 X 10 X 6', 'SIKU', '18-LN', 'Batang', 0, 0, 0, '0000-00-00', 0, 0, 0, 0),
('18SK10010076LN', '100 X 100 X 7 X 6', 'SIKU', '18-LN', 'Batang', 95, 0, 0, '0000-00-00', 0, 0, 0, 0),
('18SK10010086LN', '100 X 100 X 8 X 6', 'SIKU', '18-LN', 'Batang', 0, 0, 0, '0000-00-00', 0, 0, 0, 0),
('18SK10010096LN', '100 X 100 X 9 X 6', 'SIKU', '18-LN', 'Batang', 35, 0, 0, '0000-00-00', 0, 0, 0, 0),
('18SK10075106LNCA', '100 X 75 X 10 X 6', 'SIKU L', '18-LN CA', 'Batang', 241, 0, 1575, '0000-00-00', 175, 1575, 0, 0),
('18SK1007576LNCA', '100 X 75 X 7 X 6', 'SIKU L', '18-LN CA', 'Batang', 0, 0, 2412, '0000-00-00', 268, 2412, 0, 0),
('18SK1201201112', '120 X 120 X 11 X 12', 'SIKU', '18-SS400', 'Batang', 0, 0, 0, '0000-00-00', 0, 0, 0, 0),
('18SK120120116', '120 X 120 X 11 X 6', 'SIKU', '18-SS400', 'Batang', 9, 0, 0, '0000-00-00', 0, 0, 0, 0),
('18SK1201201212KS', '120 X 120 X 12 X 12', 'SIKU', '18-KS SMR', 'Batang', 0, 0, 0, '0000-00-00', 0, 0, 0, 0),
('18SK130130102LN', '130 X 130 X 10 X 2', 'SIKU', '18-LN', 'Batang', 1, 0, 9, '0000-00-00', 1, 9, 0, 0),
('18SK130130116KS', '130 X 130 X 11 X 6', 'SIKU', '18-KS', 'Batang', 13, 0, 4140, '0000-00-00', 460, 4140, 0, 0),
('18SK1501501212', '150 X 150 X 12 X 12', 'SIKU', '18-KS', 'Batang', 215, 0, 0, '0000-00-00', 0, 0, 0, 0),
('18SK1501501212KSG', '150 X 150 X 12 X 12', 'SIKU', '18-KS-SG', 'Batang', 0, 0, 0, '0000-00-00', 0, 0, 0, 0),
('18SK150150126KS', '150 X 150 X 12 X 6', 'SIKU', '18-KS-SG', 'Batang', 0, 0, 0, '0000-00-00', 0, 0, 0, 0),
('18SK150150129KS', '150 X 150 X 12 X 9', 'SIKU', '18-KS-SG', 'Batang', 54, 0, 0, '0000-00-00', 0, 0, 0, 0),
('18SK1501501512', '150 X 150 X 15 X 12', 'SIKU', '18-KS-SG', 'Batang', 181, 0, 0, '0000-00-00', 0, 0, 0, 0),
('18SK1501501512KS', '150 X 150 X 15 X 12', 'SIKU', '18-KS-SS400', 'Batang', 65, 0, 0, '0000-00-00', 0, 0, 0, 0),
('18SK150150156', '150 X 150 X 15 X 6', 'SIKU', '18-KS-SG', 'Batang', 18, 0, 0, '0000-00-00', 0, 0, 0, 0),
('18SK15090103LN', '150 X 90 X 10 X 3', 'SIKU L', '18-LN', 'Batang', 5, 0, 45, '0000-00-00', 5, 45, 0, 0),
('18SK15090104LN', '150 X 90 X 10 X 4', 'SIKU L', '18-LN', 'Batang', 22, 0, 176, '0000-00-00', 22, 176, 0, 0),
('18SK15090105LN', '150 X 90 X 10 X 5', 'SIKU L', '18-LN', 'Batang', 17, 0, 153, '0000-00-00', 17, 153, 0, 0),
('18SK1509096LNCA', '150 X 90 X 9 X 6', 'SIKU L', '18-LN CA', 'Batang', 21, 0, 1368, '0000-00-00', 152, 1368, 0, 0),
('18SK2002001255LN', '200 X 200 X 12 X 5,5', 'SIKU', '18-LN', 'Batang', 1, 0, 9, '0000-00-00', 1, 9, 0, 0),
('18SK2002001257LN', '200 X 200 X 12 X 5,7', 'SIKU', '18-LN', 'Batang', 1, 0, 9, '0000-00-00', 1, 9, 0, 0),
('18SK2002001258LN', '200 X 200 X 12 X 5,8', 'SIKU', '18-LN', 'Batang', 1, 0, 9, '0000-00-00', 1, 9, 0, 0),
('18SK200200126LN', '200 X 200 X 12 X 6', 'SIKU', '18-LN', 'Batang', 24, 0, 504, '0000-00-00', 56, 504, 0, 0),
('18SK2002002012KS', '200 X 200 X 20 X 12', 'SIKU', '18-KS', 'Batang', 18, 0, 0, '0000-00-00', 0, 0, 0, 0),
('18SK200200206KS', '200 X 200 X 20 X 6', 'SIKU', '18-KS', 'Batang', 205, 0, 293, '0000-00-00', 273, 293, 0, 0),
('18SL1007579LN', '100 X 75 X 7 X 9', 'SIKU L', '18-LN', 'Batang', 483, 0, 0, '0000-00-00', 0, 0, 0, 0),
('18SL1007596LN', '100 X 75 X 9 X 6', 'SIKU L', '18-LN', 'Batang', 406, 0, 0, '0000-00-00', 0, 0, 0, 0),
('18SL1257576LN', '125 X 75 X 7 X 6', 'SIKU L', '18-LN', 'Batang', 449, 0, 0, '0000-00-00', 0, 0, 0, 0),
('18SL12575959LN', '125 X 75 X 9,5 X 9', 'SIKU L', '18-LN', 'Batang', 679, 0, 0, '0000-00-00', 0, 0, 0, 0),
('18SL1257596LN', '125 X 75 X 9 X 6', 'SIKU L', '18-LN', 'Batang', 360, 0, 0, '0000-00-00', 0, 0, 0, 0),
('18SL15090126LN', '150 X 90 X 12 X 6', 'SIKU L', '18-LN', 'Batang', 240, 0, 0, '0000-00-00', 0, 0, 0, 0),
('18U080456KYF', '80 X 45 X 6', 'UNP', '18-KYF', 'Batang', 259, 0, 0, '0000-00-00', 0, 0, 0, 0),
('18U120556LN', '120 X 55 X 6', 'UNP', '18-LN', 'Batang', 235, 0, 0, '0000-00-00', 0, 0, 0, 0),
('18U15075579KS', '150 X 75 X 5,7 X 9', 'UNP', '18-KS', 'Batang', 42, 0, 0, '0000-00-00', 0, 0, 0, 0),
('18U200756LN', '200 X 75 X 6', 'UNP', '18-LN', 'Batang', 3, 0, 0, '0000-00-00', 0, 0, 0, 0),
('18U20080759KS', '200 X 80 X 7,5 X 9', 'UNP', '18-KS', 'Batang', 23, 0, 0, '0000-00-00', 0, 0, 0, 0),
('18U2509099KS', '250 X 90 X 9 X 9', 'UNP', '18-KS', 'Batang', 0, 0, 0, '0000-00-00', 0, 0, 0, 0),
('18U30090912LN', '300 X 90 X 9 X 12', 'UNP', '18-LN', 'Batang', 22, 0, 0, '0000-00-00', 0, 0, 0, 0),
('18WF1507573KS', '150 X 75 X 7 X 3', 'IWF', '18-KS', 'Batang', 2, 0, 42, '0000-00-00', 492, 42, 0, 0),
('18WF1507576KS', '150 X 75 X 7 X 6', 'IWF', '18-KS', 'Batang', 0, 0, 72, '0000-00-00', 495, 72, 0, 0),
('18WF1507579KS', '150 X 75 X 7 X 9', 'IWF', '18-KS', 'Batang', 0, 0, 0, '0000-00-00', 0, 0, 0, 0),
('18WF200100556KS', '200 X 100 X 5,5 X 6', 'IWF', '18-KS', 'Batang', 1, 0, 3, '0000-00-00', 1, 3, 0, 0),
('18WF20010059KS', '200 X 100 X 5,5 X 9', 'IWF', '18-KS', 'Batang', 4, 0, 0, '0000-00-00', 0, 0, 0, 0),
('18WF24812459KS', '248 X 124 X 5 X 9', 'IWF', '18-KS', 'Batang', 0, 0, 0, '0000-00-00', 0, 0, 0, 0),
('18WF25012553', '250 X 125 X 5 X 3', 'IWF', '18-SISA PTG 9M', 'Batang', 5, 0, 0, '0000-00-00', 0, 0, 0, 0),
('18WF25012559KS', '250 X 125 X 5 X 9', 'IWF', '18-KS', 'Batang', 0, 0, 0, '0000-00-00', 0, 0, 0, 0),
('18WF2501256912', '250 X 125 X 6 X 9 X 12', 'IWF', '18-KS-SG', 'Batang', 0, 0, 0, '0000-00-00', 0, 0, 0, 0),
('18WF250125696', '250 X 125 X 6 X 9 X 6', 'IWF', '18-KS-SG', 'Batang', 0, 0, 0, '0000-00-00', 0, 0, 0, 0),
('18WF30015012GG', '300 X 150 X 12', 'IWF', '18-GG', 'Batang', 0, 0, 0, '0000-00-00', 0, 0, 0, 0),
('18WF3001503', '300 X 150 X 3', 'IWF', '18', 'Batang', 0, 0, 8, '0000-00-00', 1, 8, 0, 0),
('18WF70030012', '700 X 300 X 13 X 24 X 12', 'IWF', '18-LN', 'Batang', 0, 0, 0, '0000-00-00', 0, 0, 0, 0),
('58PP00112BTG', '1 1/2"', 'PIPA', '', 'Batang', 0, 0, 0, '0000-00-00', 0, 0, 0, 0),
('58PP001BTG', '1"', 'PIPA', '', 'Batang', 0, 0, 0, '0000-00-00', 0, 0, 0, 0),
('58PP00212BTG', '2 1/2"', 'PIPA', '', 'Batang', 0, 0, 0, '0000-00-00', 0, 0, 0, 0),
('58PP002BTG', '2"', 'PIPA', '', 'Batang', 0, 0, 0, '0000-00-00', 0, 0, 0, 0),
('58PP004BTG', '4"', 'PIPA', '', 'Batang', 0, 0, 0, '0000-00-00', 0, 0, 0, 0),
('58PP005BTG', '5"', 'PIPA', '', 'Batang', 0, 0, 0, '0000-00-00', 0, 0, 0, 0),
('58PP006BTG', '6"', 'PIPA', '', 'Batang', 0, 0, 0, '0000-00-00', 0, 0, 0, 0),
('58PP008BTG', '8"', 'PIPA', '', 'Batang', 0, 0, 0, '0000-00-00', 0, 0, 0, 0),
('58PP010BTG', '10"', 'PIPA', '', 'Batang', 0, 0, 1, '0000-00-00', 1, 1, 0, 0),
('58PP012BTG', '12"', 'PIPA', '', 'Batang', 0, 0, 0, '0000-00-00', 0, 0, 0, 0),
('58PP014BTG', '14"', 'PIPA', '', 'Batang', 0, 0, 0, '0000-00-00', 0, 0, 0, 0),
('58PP016BTG', '16"', 'PIPA', '', 'Batang', 0, 0, 0, '0000-00-00', 0, 0, 0, 0),
('58PP020BTG', '20"', 'PIPA', '', 'Batang', 0, 0, 0, '0000-00-00', 0, 0, 0, 0),
('58PPKG', 'DALAM HITUNGAN KG', 'PIPA', '', 'Kg', 0, 0, 34500, '0000-00-00', 23000, 34500, 0, 0),
('A', '', '', '', '', 0, 0, 0, '0000-00-00', 0, 0, 0, 0),
('AAA', 'aaa', 'aaa', 'aa', 'Batang', 0, 0, 0, '0000-00-00', 0, 0, 0, 0),
('aaaaa', 'aaaa', 'aaaaa', 'aaaaa', 'Batang', 0, 3, NULL, NULL, NULL, NULL, 0, 0),
('AH0196', '18 / 19 X 6', 'ASS HITAM', '', 'Batang', 12, 0, 327, '0000-00-00', 45, 327, 0, 0),
('AH0206', '20 X 6', 'ASS HITAM', '', 'Batang', 0, 0, 0, '0000-00-00', 0, 0, 0, 0),
('AH0216', '21 X 6', 'ASS HITAM', '', 'Batang', 19, 0, 2558, '0000-00-00', 147, 2558, 0, 0),
('AH0226', '22 X 6', 'ASS HITAM', '', 'Batang', 56, 0, 1598, '0000-00-00', 94, 1598, 0, 0),
('AH0256', '23/24/25 X 6', 'ASS HITAM', '', 'Batang', 0, 0, 624, '0000-00-00', 93, 624, 0, 0),
('AH0266', '26 X 6', 'ASS HITAM', '', 'Batang', 26, 0, 2510, '0000-00-00', 160, 2510, 0, 0),
('AH0286', '28 X 6', 'ASS HITAM', '', 'Batang', 6, 0, 102, '0000-00-00', 6, 102, 0, 0),
('AH0296', '29 X 6', 'ASS HITAM', '', 'Batang', 52, 0, 1122, '0000-00-00', 66, 1122, 0, 0),
('AH0306', '30 X 6', 'ASS HITAM', '', 'Batang', 397, 0, 7956, '0000-00-00', 468, 7956, 0, 0),
('AH0316', '31 X 6', 'ASS HITAM', '', 'Batang', 8, 0, 136, '0000-00-00', 8, 136, 0, 0),
('AH0326', '32 X 6', 'ASS HITAM', '', 'Batang', 474, 0, 10761, '0000-00-00', 633, 10761, 0, 0),
('AH0336', '33 X 6', 'ASS HITAM', '', 'Batang', 226, 0, 3910, '0000-00-00', 230, 3910, 0, 0),
('AH0346', '34 X 6', 'ASS HITAM', '', 'Batang', 6, 0, 272, '0000-00-00', 16, 272, 0, 0),
('AH0356', '35 X 6', 'ASS HITAM', '', 'Batang', 76, 0, 2108, '0000-00-00', 124, 2108, 0, 0),
('AH0366', '36 X 6', 'ASS HITAM', '', 'Batang', 51, 0, 901, '0000-00-00', 53, 901, 0, 0),
('AH03855', '38 X 5,5', 'ASS HITAM', '', 'Batang', 188, 0, 7362, '0000-00-00', 433, 7362, 0, 0),
('AH0386', '38 X 6', 'ASS HITAM', '', 'Batang', 50, 0, 2, '0000-00-00', 1, 2, 0, 0),
('AH0396', '39 X 6', 'ASS HITAM', '', 'Batang', 92, 0, 1904, '0000-00-00', 112, 1904, 0, 0),
('AH0406', '40 X 6', 'ASS HITAM', '', 'Batang', 0, 0, 950, '0000-00-00', 63, 950, 0, 0),
('AH0426', '42 X 6', 'ASS HITAM', '', 'Batang', 6, 0, 94, '0000-00-00', 6, 94, 0, 0),
('AH0436', '43 X 6', 'ASS HITAM', '', 'Batang', 7, 0, 48, '0000-00-00', 4, 48, 0, 0),
('AH0446', '44 X 6', 'ASS HITAM', '', 'Batang', 20, 0, 0, '0000-00-00', 0, 0, 0, 0),
('AH0456', '45 X 6', 'ASS HITAM', '', 'Batang', 0, 0, 60, '0000-00-00', 0, 60, 0, 0),
('AH0466', '46 X 6', 'ASS HITAM', '', 'Batang', 7, 0, 119, '0000-00-00', 7, 119, 0, 0),
('AH0486', '48 X 6', 'ASS HITAM', '', 'Batang', 8, 0, 136, '0000-00-00', 8, 136, 0, 0),
('AH0506', '50 X 6', 'ASS HITAM', '', 'Batang', 52, 0, 5127, '0000-00-00', 166, 5127, 0, 0),
('AH0526', '52 X 6', 'ASS HITAM', '', 'Batang', 11, 0, 133, '0000-00-00', 37, 133, 0, 0),
('AH0536', '53 X 6', 'ASS HITAM', '', 'Batang', 3, 0, 163, '0000-00-00', 5, 163, 0, 0),
('AH0556', '55 X 6', 'ASS HITAM', '', 'Batang', 0, 0, 420, '0000-00-00', 22, 420, 0, 0),
('AH0586', '58 X 6', 'ASS HITAM', '', 'Batang', 0, 0, 3244, '0000-00-00', 179, 3244, 0, 0),
('AH0606', '60 X 6', 'ASS HITAM', '', 'Batang', 23, 0, 1772, '0000-00-00', 86, 1772, 0, 0),
('AH0636', '63 X 6', 'ASS HITAM', '', 'Batang', 0, 0, 75, '0000-00-00', 3, 75, 0, 0),
('AH065130NS', '65MM - - 130MM', 'ASS HITAM', 'NS', 'Batang', 0, 0, 0, '0000-00-00', 0, 0, 0, 0),
('AH0656', '65 X 6', 'ASS HITAM', '', 'Batang', 0, 0, 4054, '0000-00-00', 171, 4054, 0, 0),
('AH0686', '68 X 6', 'ASS HITAM', '', 'Batang', 0, 0, 320, '0000-00-00', 23, 320, 0, 0),
('AH0706', '70 X 6', 'ASS HITAM', '', 'Batang', 50, 0, 997, '0000-00-00', 43, 997, 0, 0),
('AH0756RE', '75 X 5,5/6/7', 'ASS HITAM', '', 'Batang', 56, 0, 3933, '0000-00-00', 228, 3933, 0, 0),
('AH07835454', '78 X 3''5/4/5''4', 'ASS HITAM', '', 'Batang', 6, 0, 400, '0000-00-00', 16, 400, 0, 0),
('AH08035555', '80 X 3''5/5/5''5', 'ASS HITAM', '', 'Batang', 0, 0, 1480, '0000-00-00', 64, 1480, 0, 0),
('AH0806', '80 X 6', 'ASS HITAM', '', 'Batang', 11, 0, 3487, '0000-00-00', 146, 3487, 0, 0),
('AH0856', '85 X 6', 'ASS HITAM', '', 'Batang', 0, 0, 336, '0000-00-00', 15, 336, 0, 0),
('AH08945355', '89 X 4''53 / 5''5', 'ASS HITAM', '', 'Batang', 0, 0, 56, '0000-00-00', 6, 56, 0, 0),
('AH090354', '90 X 3''5/4', 'ASS HITAM', '', 'Batang', 2, 0, 375, '0000-00-00', 15, 375, 0, 0),
('AH09045555', '90 X 4''5/5/5''5', 'ASS HITAM', '', 'Batang', 0, 0, 703, '0000-00-00', 38, 703, 0, 0),
('AH0906', '90 X 6', 'ASS HITAM', '', 'Batang', 15, 0, 1393, '0000-00-00', 64, 1393, 0, 0),
('AH0924', '92 X 4', 'ASS HITAM', '', 'Batang', 6, 0, 150, '0000-00-00', 6, 150, 0, 0),
('AH0926', '92 X 6', 'ASS HITAM', '', 'Batang', 50, 0, 1250, '0000-00-00', 50, 1250, 0, 0),
('AH0933444554', '93 X 3''4/4/4''5/5''4', 'ASS HITAM', '', 'Batang', 0, 0, 455, '0000-00-00', 23, 455, 0, 0),
('AH0936', '93 X 6', 'ASS HITAM', '', 'Batang', 22, 0, 1450, '0000-00-00', 58, 1450, 0, 0),
('AH09365688', '93 X 6''5/6''88', 'ASS HITAM', '', 'Batang', 10, 0, 575, '0000-00-00', 23, 575, 0, 0),
('AH095455', '95 X 4''5/5', 'ASS HITAM', '', 'Batang', 0, 0, 64, '0000-00-00', 6, 64, 0, 0),
('AH0956', '95 X 6', 'ASS HITAM', '', 'Batang', 14, 0, 625, '0000-00-00', 25, 625, 0, 0),
('AH096688', '96 X 6''88', 'ASS HITAM', '', 'Batang', 1, 0, 24, '0000-00-00', 1, 24, 0, 0),
('AH097355', '97 X 3''55', 'ASS HITAM', '', 'Batang', 0, 0, 48, '0000-00-00', 279, 48, 0, 0),
('AH0976', '97 X 6', 'ASS HITAM', '', 'Batang', 0, 0, 376, '0000-00-00', 299, 376, 0, 0),
('AH097688', '97 X 6''88', 'ASS HITAM', '', 'Batang', 0, 0, 24, '0000-00-00', 278, 24, 0, 0),
('AH09845', '98 X 4''5', 'ASS HITAM', '', 'Batang', 0, 0, 24, '0000-00-00', 278, 24, 0, 0),
('AH1005900', '100 X 5900', 'ASS HITAM', 'SISA 5600 M', 'Batang', 1, 0, 1446, '0000-00-00', 49, 1446, 0, 0),
('AH1006', '100 X 6', 'ASS HITAM', '', 'Batang', 16, 0, 2086, '0000-00-00', 85, 2086, 0, 0),
('AH1016', '101 X 6', 'ASS HITAM', '', 'Batang', 0, 0, 164, '0000-00-00', 21, 164, 0, 0),
('AH1026', '102 X 6', 'ASS HITAM', '', 'Batang', 0, 0, 651, '0000-00-00', 53, 651, 0, 0),
('AH1056', '105 X 6', 'ASS HITAM', '', 'Batang', 0, 0, 125, '0000-00-00', 5, 125, 0, 0),
('AH1106', '110 X 6', 'ASS HITAM', '', 'Batang', 0, 0, 89, '0000-00-00', 4, 89, 0, 0),
('AH1126', '112 X 6', 'ASS HITAM', '', 'Batang', 1, 0, 50, '0000-00-00', 2, 50, 0, 0),
('AH1135538', '113 X 5/5''38', 'ASS HITAM', '', 'Batang', 8, 0, 1000, '0000-00-00', 40, 1000, 0, 0),
('AH1156', '115 X 6', 'ASS HITAM', '', 'Batang', 0, 0, 175, '0000-00-00', 7, 175, 0, 0),
('AH1206', '120 X 6', 'ASS HITAM', '', 'Batang', 10, 0, 0, '0000-00-00', 0, 0, 0, 0),
('AH1256', '125 X 6', 'ASS HITAM', '', 'Batang', 8, 0, 400, '0000-00-00', 16, 400, 0, 0),
('AH1306', '130 X 6', 'ASS HITAM', '', 'Batang', 1, 0, 668, '0000-00-00', 26, 668, 0, 0),
('AH1506', '150 X 6', 'ASS HITAM', '', 'Batang', 0, 0, 17, '0000-00-00', 1, 17, 0, 0),
('AH1806', '180 X 6', 'ASS HITAM', '', 'Batang', 0, 0, 61, '0000-00-00', 4, 61, 0, 0),
('AH2006', '200 X 6', 'ASS HITAM', '', 'Batang', 0, 0, 24, '0000-00-00', 2, 24, 0, 0),
('AH3002650', '300 X 2650', 'ASS HITAM', '', 'Batang', 0, 0, 7, '0000-00-00', 1, 7, 0, 0),
('AH3006', '300 X 6', 'ASS HITAM', '', 'Batang', 1, 0, 61, '0000-00-00', 3, 61, 0, 0),
('AH30086787', '300 X 8''67 / 8''7', 'ASS HITAM', '', 'Batang', 0, 0, 37, '0000-00-00', 2, 37, 0, 0),
('AH3306', '330 X 6', 'ASS HITAM', '', 'Batang', 0, 0, 24, '0000-00-00', 1, 24, 0, 0),
('AH350094', '350 X 6100/ 9''4', 'ASS HITAM', '', 'Batang', 1, 0, 62, '0000-00-00', 4, 62, 0, 0),
('AH3501', '350 X 1MTR', 'ASS HITAM', '', 'Batang', 1, 0, 25, '0000-00-00', 1, 25, 0, 0),
('AHCAMPURAN', '', 'ASS HITAM', 'UKURAN CAMPUR', 'Batang', 0, 0, 63, '0000-00-00', 21, 63, 0, 0),
('AP000126', '1/2" @6M', 'ASS PUTIH', '', 'Batang', 0, 0, 0, '0000-00-00', 0, 0, 0, 0),
('AP000346', '3/4" (19MM) @6M', 'ASS PUTIH', '', 'Batang', 8, 0, 702, '0000-00-00', 102, 702, 0, 0),
('AP000386', '3/8" @6M', 'ASS PUTIH', '', 'Batang', 0, 0, 0, '0000-00-00', 0, 0, 0, 0),
('AP000586', '5/8" (16MM) @6M', 'ASS PUTIH', '', 'Batang', 0, 0, 2, '0000-00-00', 0, 2, 0, 0),
('AP001126', '1 1/2" @6M', 'ASS PUTIH', '', 'Batang', 0, 0, 0, '0000-00-00', 0, 0, 0, 0),
('AP001146', '1 1/4" (32MM) @6M', 'ASS PUTIH', '', 'Batang', 0, 0, 0, '0000-00-00', 0, 0, 0, 0),
('AP001186', '1 1/8" @6M', 'ASS PUTIH', '', 'Batang', 0, 0, 0, '0000-00-00', 0, 0, 0, 0),
('AP001346', '1 3/4" (44MM) @6M', 'ASS PUTIH', '', 'Batang', 0, 0, 0, '0000-00-00', 0, 0, 0, 0),
('AP0016', '1" (25MM) @6 M', 'ASS PUTIH', '', 'Batang', 0, 0, 3, '0000-00-00', 1, 3, 0, 0),
('AP002126', '2-1/2" @6M', 'ASS PUTIH', '', 'Batang', 0, 0, 280, '0000-00-00', 40, 280, 0, 0),
('AP002146', '2-1/4" @6M', 'ASS PUTIH', '', 'Batang', 0, 0, 0, '0000-00-00', 0, 0, 0, 0),
('AP0021806', '21,80MM (7/8") @6M', 'ASS PUTIH', '', 'Batang', 0, 0, 0, '0000-00-00', 0, 0, 0, 0),
('AP002506', '2" (50MM) @6M', 'ASS PUTIH', '', 'Batang', 0, 0, 0, '0000-00-00', 0, 0, 0, 0),
('AP0036', '3" @6M', 'ASS PUTIH', '', 'Batang', 0, 0, 0, '0000-00-00', 0, 0, 0, 0),
('AP005166', '5/16"  ( 8MM ) @6M', 'ASS PUTIH', '', 'Batang', 0, 0, 0, '0000-00-00', 0, 0, 0, 0),
('AP0056', '5MM @6M', 'ASS PUTIH', '', 'Batang', 0, 0, 11809, '0000-00-00', 1687, 11809, 0, 0),
('AP0066', '6MM @6M', 'ASS PUTIH', '', 'Batang', 0, 0, 7000, '0000-00-00', 1000, 7000, 0, 0),
('AP0076', '7MM @6M', 'ASS PUTIH', '', 'Batang', 0, 0, 0, '0000-00-00', 0, 0, 0, 0),
('AP0096', '9MM @6M', 'ASS PUTIH', '', 'Batang', 0, 0, 0, '0000-00-00', 0, 0, 0, 0),
('AP00986', '9,8MM @6M', 'ASS PUTIH', '', 'Batang', 0, 0, 0, '0000-00-00', 0, 0, 0, 0),
('AP0106', '10MM @6M', 'ASS PUTIH', '', 'Batang', 10800, 0, 12601, '0000-00-00', 1801, 12601, 0, 0),
('AP0126', '12MM @6M', 'ASS PUTIH', '', 'Batang', 0, 0, 7000, '0000-00-00', 1000, 7000, 0, 0),
('AP0146', '14MM @6M', 'ASS PUTIH', '', 'Batang', 0, 0, 0, '0000-00-00', 0, 0, 0, 0),
('AP0156', '15MM @6M', 'ASS PUTIH', '', 'Batang', 0, 0, 0, '0000-00-00', 0, 0, 0, 0),
('AP0186', '18MM @6M', 'ASS PUTIH', '', 'Batang', 0, 0, 0, '0000-00-00', 0, 0, 0, 0),
('AP0206', '20MM @6M', 'ASS PUTIH', '', 'Batang', 0, 0, 0, '0000-00-00', 0, 0, 0, 0),
('AP0226', '22MM @6M', 'ASS PUTIH', '', 'Batang', 0, 0, 0, '0000-00-00', 0, 0, 0, 0),
('AP02545', '25MM @4,5M', 'ASS PUTIH', '', 'Batang', 0, 0, 0, '0000-00-00', 0, 0, 0, 0),
('AP0255', '25MM @5M', 'ASS PUTIH', '', 'Batang', 0, 0, 0, '0000-00-00', 0, 0, 0, 0),
('AP0286', '28MM @6M', 'ASS PUTIH', '', 'Batang', 0, 0, 0, '0000-00-00', 0, 0, 0, 0),
('AP0305', '30MM @5M', 'ASS PUTIH', '', 'Batang', 0, 0, 0, '0000-00-00', 0, 0, 0, 0),
('AP03055', '30MM @5,5M', 'ASS PUTIH', '', 'Batang', 0, 0, 0, '0000-00-00', 0, 0, 0, 0),
('AP0306', '30MM @6M', 'ASS PUTIH', '', 'Batang', 0, 0, 0, '0000-00-00', 0, 0, 0, 0),
('AP0356', '35MM @6M', 'ASS PUTIH', '', 'Batang', 0, 0, 0, '0000-00-00', 0, 0, 0, 0),
('AP0406', '40MM @6M', 'ASS PUTIH', '', 'Batang', 0, 0, 0, '0000-00-00', 0, 0, 0, 0),
('AP0456', '45MM @6M', 'ASS PUTIH', '', 'Batang', 0, 0, 0, '0000-00-00', 0, 0, 0, 0),
('B1307001', '200x52', 'Pipa L', 'PL22', 'Batang', 5, 0, NULL, NULL, NULL, NULL, 0, 0),
('B1307002', '22x20', 'Plat', 'P22', 'Lembar', 0, 0, NULL, NULL, NULL, NULL, 0, 0),
('B1307003', '25x25x25', 'Plat Segi Tiga', 'PST2', 'Meter', 55, 0, NULL, NULL, NULL, NULL, 0, 0),
('B1307004', '15x12', 'Pipa Silinder X', 'PS15', 'Meter', 15, 0, NULL, NULL, NULL, NULL, 0, 0),
('B1307005', '200 x 500', 'Besi Super', 'BS25', 'Roll', 25, 0, NULL, NULL, NULL, NULL, 0, 0),
('B1307006', '400x500', 'Pipa Besi 3', 'Tes Data', 'Batang', 5235, 0, NULL, NULL, NULL, NULL, 0, 0),
('B1309001', '5 x 12', 'Beton Ulir', '18-KS', 'Inci', 0, 0, NULL, NULL, NULL, NULL, 0, 0),
('B1309002', '13 x 5', 'Besi 1', '18-KS', 'Cm', 0, 0, NULL, NULL, NULL, NULL, 0, 0),
('B1309003', '2 x 2 x 3', 'Besi 2', '2KS', 'Inci', 0, 0, NULL, NULL, NULL, NULL, 0, 0),
('B1309004', '3 X 3 X 6', 'Besi 3', '3KS', 'Meter', 0, 0, NULL, NULL, NULL, NULL, 0, 0),
('B1309005', '4 X 4L', 'Besi 4', '4BS', 'Cm', 0, 4, NULL, NULL, NULL, NULL, 0, 0),
('B1309006', '5 X 5 ', 'Besi 5x', '5BS', 'Inci', 15, 0, NULL, NULL, NULL, NULL, 250000, 270000),
('BP00612', '6 X 12', 'B- POLOS', '', 'Batang', 1, 0, 0, '0000-00-00', 0, 0, 0, 0),
('BP00812FITW', '8 X 12', 'B- POLOS', 'F.ITW', 'Batang', 1227, 0, 54087, '0000-00-00', 4504, 54087, 0, 0),
('BP00812KS', '8 X 12', 'B- POLOS', 'KS', 'Batang', 5015, 0, 31148, '0000-00-00', 2599, 31148, 0, 0),
('BP00812KSI', '8 X 12', 'B- POLOS', 'KSI', 'Batang', 0, 0, 0, '0000-00-00', 0, 0, 0, 0),
('BP00812MS', '8 X 12', 'B- POLOS', 'MS', 'Batang', 3200, 0, 0, '0000-00-00', 0, 0, 0, 0),
('BP008912', '8,9 X 12', 'B- POLOS', '', 'Batang', 2821, 0, 8892, '0000-00-00', 741, 8892, 0, 0),
('BP01012GG', '10 X 12', 'B- POLOS', 'GG', 'Batang', 2263, 0, 35200, '0000-00-00', 2925, 35200, 0, 0),
('BP01012HGF', '10 X 12', 'B- POLOS', 'HGF', 'Batang', 1600, 0, 0, '0000-00-00', 0, 0, 0, 0),
('BP01012KS', '10 X 12', 'B- POLOS', 'KS', 'Batang', 3965, 0, 92624, '0000-00-00', 15406, 92624, 0, 0),
('BP01012KSI', '10 X 12', 'B- POLOS', 'KSI', 'Batang', 0, 0, 0, '0000-00-00', 0, 0, 0, 0),
('BP01012MS', '10 X 12', 'B- POLOS', 'MS /SII', 'Batang', 2695, 0, 29004, '0000-00-00', 2417, 29004, 0, 0),
('BP01212GG', '12 X 12', 'B- POLOS', 'GG', 'Batang', 660, 0, 16800, '0000-00-00', 1400, 16800, 0, 0),
('BP01212KSITW', '12 X 12', 'B- POLOS', 'KS', 'Batang', 1435, 0, 32172, '0000-00-00', 2681, 32172, 0, 0),
('BP01212MS', '12 X 12', 'B- POLOS', 'MS', 'Batang', 2142, 0, 4692, '0000-00-00', 391, 4692, 0, 0),
('BP01612', '16 X 12', 'B- POLOS', 'BANCI', 'Batang', 0, 0, 4653, '0000-00-00', 846, 4653, 0, 0),
('BP01612FITW', '16 X 12', 'B- POLOS', 'F.ITW', 'Batang', 0, 0, 2320, '0000-00-00', 171, 2320, 0, 0),
('BP01612KS', '16 X 12', 'B- POLOS', 'KS', 'Batang', 2428, 0, 3635, '0000-00-00', 329, 3635, 0, 0),
('BP01912KS', '19 X 12', 'B- POLOS', 'KS', 'Batang', 211, 0, 15956, '0000-00-00', 1449, 15956, 0, 0),
('BP02212KS', '22 X 12', 'B- POLOS', 'KS', 'Batang', 138, 0, 171, '0000-00-00', 19, 171, 0, 0),
('BP02512KS', '25 X 12', 'B- POLOS', 'KS', 'Batang', 249, 0, 769, '0000-00-00', 66, 769, 0, 0),
('BP03212KS', '32 X 12', 'B- POLOS', 'KS', 'Batang', 5, 0, 2453, '0000-00-00', 223, 2453, 0, 0),
('BU01012CS', '10 X 12', 'B-ULIR', 'CS', 'Batang', 1599, 0, 0, '0000-00-00', 0, 0, 0, 0),
('BU01012HGF', '10 X 12', 'B-ULIR', 'HG FULL', 'Batang', 2000, 0, 0, '0000-00-00', 0, 0, 0, 0),
('BU01012KS', '10 X 12', 'B-ULIR', 'KS', 'Batang', 0, 0, 862, '0000-00-00', 46, 862, 0, 0),
('BU01012KSI', '10 X 12', 'B-ULIR', 'KSI', 'Batang', 84, 0, 0, '0000-00-00', 0, 0, 0, 0),
('BU01012MS', '10 X 12', 'B-ULIR', 'MS', 'Batang', 0, 0, 21600, '0000-00-00', 1200, 21600, 0, 0),
('BU01312FITW', '13 X 12', 'B-ULIR', 'F.ITW', 'Batang', 0, 0, 8385, '0000-00-00', 240, 8385, 0, 0),
('BU01312KS', '13 X 12', 'B-ULIR', 'KS', 'Batang', 128, 0, 37887, '0000-00-00', 2248, 37887, 0, 0),
('BU01312KSI', '13 X 12', 'B-ULIR', 'KSI', 'Batang', 1449, 0, 0, '0000-00-00', 0, 0, 0, 0),
('BU01312MS', '13 X 12', 'B-ULIR', 'MS', 'Batang', 700, 0, 0, '0000-00-00', 0, 0, 0, 0),
('BU01612KS', '16 X 12', 'B-ULIR', 'KS', 'Batang', 0, 0, 70708, '0000-00-00', 3072, 70708, 0, 0),
('BU01612KSF', '16 X 12', 'B-ULIR', 'KS-FULL', 'Batang', 0, 0, 0, '0000-00-00', 0, 0, 0, 0),
('BU01612KSI', '16 X 12', 'B-ULIR', 'KSI', 'Batang', 454, 0, 4913, '0000-00-00', 788, 4913, 0, 0),
('BU01612MS', '16 X 12', 'B-ULIR', 'MS', 'Batang', 90, 0, 0, '0000-00-00', 0, 0, 0, 0),
('BU01612SII', '16 X 12', 'B-ULIR', 'SII', 'Batang', 0, 0, 4750, '0000-00-00', 250, 4750, 0, 0),
('BU01912CS', '19 X 12', 'B-ULIR', 'CS', 'Batang', 358, 0, 0, '0000-00-00', 0, 0, 0, 0),
('BU01912KS', '19 X 12', 'B-ULIR', 'KS', 'Batang', 0, 0, 21882, '0000-00-00', 1224, 21882, 0, 0),
('BU01912KSI', '19 X 12', 'B-ULIR', 'KSI', 'Batang', 0, 0, 0, '0000-00-00', 0, 0, 0, 0),
('BU01912SII', '19 X 12', 'B-ULIR', 'KSI', 'Batang', 220, 0, 38312, '0000-00-00', 1944, 38312, 0, 0),
('BU02212CS', '22 X 12', 'B-ULIR', 'CS', 'Batang', 120, 0, 0, '0000-00-00', 0, 0, 0, 0),
('BU02212KS', '22 X 12', 'B-ULIR', 'KS', 'Batang', 8, 0, 4389, '0000-00-00', 231, 4389, 0, 0),
('BU02512CS', '25 X 12', 'B-ULIR', 'CS', 'Batang', 66, 0, 0, '0000-00-00', 0, 0, 0, 0),
('BU02512KS', '25 X 12', 'B-ULIR', 'KS', 'Batang', 1, 0, 16153, '0000-00-00', 1042, 16153, 0, 0),
('BU02512SII', '25 X 12', 'B-ULIR', 'SII', 'Batang', 4, 0, 9361, '0000-00-00', 304, 9361, 0, 0),
('BU02912KS', '29 X 12', 'B-ULIR', 'KS', 'Batang', 0, 0, 701, '0000-00-00', 39, 701, 0, 0),
('C06030236', '60x30x2''3x6', 'CNP', '', 'Batang', 0, 0, 0, '0000-00-00', 0, 0, 0, 0),
('C0603026', '60x30x2x6', 'CNP', '', 'Batang', 0, 0, 1324, '0000-00-00', 64, 1324, 0, 0),
('C075451536', '75x45x15x3x6', 'CNP', '', 'Batang', 1, 0, 42, '0000-00-00', 2, 42, 0, 0),
('C0754526', '75x45x2x6', 'CNP', '', 'Batang', 1441, 0, 24135, '0000-00-00', 1155, 24135, 0, 0),
('C1005012196', '100x40x12x1''9x6', 'CNP', '', 'Batang', 477, 0, 0, '0000-00-00', 0, 0, 0, 0),
('C1005020236NIPONK', '100x50x20x2,3x6', 'CNP', 'NPN KEMBANG', 'Batang', 27, 0, 1191, '0000-00-00', 31, 1191, 0, 0),
('C100502026', '100x50x20x2/2,3x6', 'CNP', '', 'Batang', 967, 0, 20914, '0000-00-00', 913, 20914, 0, 0),
('C100502036', '100x50x20x3x6', 'CNP', '', 'Batang', 1247, 0, 21366, '0000-00-00', 1026, 21366, 0, 0),
('C100502036G', '100x50x20x3x6', 'CNP', 'GALVANIZED', 'Batang', 0, 0, 2100, '0000-00-00', 100, 2100, 0, 0),
('C1254012196', '125x40x12x1''9 x6', 'CNP', '', 'Batang', 560, 0, 0, '0000-00-00', 0, 0, 0, 0),
('C1254126BJT', '125x41x2x6', 'CNP', 'BJT', 'Batang', 357, 0, 7497, '0000-00-00', 357, 7497, 0, 0),
('C1255020246', '125x50x20x2,4x6', 'CNP', '', 'Batang', 773, 0, 21693, '0000-00-00', 1033, 21693, 0, 0),
('C125502026', '125x50x20x 2 ( 2,3 ) x6', 'CNP', '', 'Batang', 1957, 0, 64593, '0000-00-00', 2713, 64593, 0, 0),
('C125502036', '125x50x20x3x6', 'CNP', '', 'Batang', 1435, 0, 11583, '0000-00-00', 893, 11583, 0, 0),
('C1505020236', '150x50x20x2,3x6', 'CNP', '', 'Batang', 362, 0, 9055, '0000-00-00', 453, 9055, 0, 0),
('C1505020236G', '150x50x20x2,3x6', 'CNP', 'GALVANIZED', 'Batang', 9, 0, 189, '0000-00-00', 9, 189, 0, 0),
('C1505020236MENIHIJAU', '150x50x20x2,3x6', 'CNP', 'MENI HIJAU', 'Batang', 0, 0, 1260, '0000-00-00', 60, 1260, 0, 0),
('C1505020256', '150x50x20x2,5x6', 'CNP', '', 'Batang', 394, 0, 10164, '0000-00-00', 484, 10164, 0, 0),
('C150502036', '150x50x20x3x6', 'CNP', '', 'Batang', 165, 0, 0, '0000-00-00', 0, 0, 0, 0),
('C150502036TDKTP', '150x50x20x3x6', 'CNP', 'TDKTP', 'Batang', 0, 0, 4353, '0000-00-00', 165, 4353, 0, 0),
('C150652026', '150x65x20x2,3x6', 'CNP', '', 'Batang', 934, 0, 9105, '0000-00-00', 437, 9105, 0, 0),
('C150652036', '150x65x20x3x6', 'CNP', '', 'Batang', 594, 0, 2856, '0000-00-00', 136, 2856, 0, 0),
('C20075236BMKU', '200x75x 2,3x6', 'CNP', '', 'Batang', 570, 0, 8707, '0000-00-00', 415, 8707, 0, 0),
('C2007536', '200x75x3x6', 'CNP', '', 'Batang', 1, 0, 4368, '0000-00-00', 206, 4368, 0, 0),
('GHFDHDF', '692 X 12', 'IWF', 'LN', 'Batang', 1, 0, 7, '0000-00-00', 1, 7, 0, 0),
('H10010010KS', '100 X 100 X 10', 'H BEAM', 'KS', 'Batang', 40, 0, 7425, '0000-00-00', 225, 7425, 0, 0),
('H10010012GG', '100 X 100 X 12', 'H BEAM', 'GG', 'Batang', 60, 0, 751, '0000-00-00', 22, 751, 0, 0),
('H10010012KS', '100 X 100 X 12', 'H BEAM', 'KS', 'Batang', 0, 0, 22973, '0000-00-00', 620, 22973, 0, 0),
('H10010012LN', '100 X 100 X 12', 'H BEAM', 'LN', 'Batang', 18, 0, 400, '0000-00-00', 20, 400, 0, 0),
('H10010015GG', '100 X 100 X 1,5', 'H BEAM', 'GG', 'Batang', 2, 0, 44, '0000-00-00', 2, 44, 0, 0),
('H1001003GG', '100 X 100 X 3', 'H BEAM', 'GG', 'Batang', 1, 0, 22, '0000-00-00', 1, 22, 0, 0),
('H1001004KS', '100 X 100 X 4', 'H BEAM', 'KS', 'Batang', 38, 0, 685, '0000-00-00', 4563, 685, 0, 0),
('H1001004KSTD', '100 X 100 X 4', 'H BEAM', 'KSTD', 'Batang', 0, 0, 38, '0000-00-00', 2, 38, 0, 0),
('H1001006KS', '100 X 100 X 6', 'H BEAM', 'KS', 'Batang', 0, 0, 12948, '0000-00-00', 539, 12948, 0, 0),
('H1001006TD', '100 X 100 X 6', 'H BEAM', 'TD', 'Batang', 11, 0, 298, '0000-00-00', 4520, 298, 0, 0),
('H12512512GG', '125 X 125 X 12', 'H BEAM', 'GG', 'Batang', 39, 0, 235, '0000-00-00', 7, 235, 0, 0),
('H12512512LN', '125 X 125 X 12', 'H BEAM', 'LN', 'Batang', 0, 0, 858, '0000-00-00', 32, 858, 0, 0),
('H1251256TD', '125 X 125 X 6', 'H BEAM', 'TD', 'Batang', 1, 0, 132, '0000-00-00', 6, 132, 0, 0),
('H15015012GG', '150 X 150 X 12', 'H BEAM', 'GG', 'Batang', 39, 0, 0, '0000-00-00', 0, 0, 0, 0),
('H15015012KS', '150 X 150 X 12', 'H BEAM', 'KS', 'Batang', 2, 0, 12448, '0000-00-00', 359, 12448, 0, 0),
('H15015012KSTD', '150 X 150 X 12', 'H BEAM', 'KSTD', 'Batang', 0, 0, 1627, '0000-00-00', 48, 1627, 0, 0),
('H1501506KS', '150 X 150 X 6', 'H BEAM', 'KS', 'Batang', 0, 0, 557, '0000-00-00', 35, 557, 0, 0),
('H1501506KSTD', '150 X 150 X 6', 'H BEAM', 'KSTD', 'Batang', 0, 0, 724, '0000-00-00', 34, 724, 0, 0),
('H17517512GG', '175 X 175 X 12', 'H BEAM', 'GG', 'Batang', 7, 0, 34, '0000-00-00', 1, 34, 0, 0),
('H1751756GGLN', '175 X 175 X 6', 'H BEAM', 'GG/LN', 'Batang', 0, 0, 62, '0000-00-00', 2, 62, 0, 0),
('H20020012GG', '200 X 200 X 12', 'H BEAM', 'GG', 'Batang', 56, 0, 0, '0000-00-00', 0, 0, 0, 0),
('H20020012LN', '200 X 200 X 12', 'H BEAM', 'LN', 'Batang', 0, 0, 7210, '0000-00-00', 215, 7210, 0, 0),
('H20020012TD', '200 X 200 X 12', 'H BEAM', 'TD', 'Batang', 0, 0, 66, '0000-00-00', 2, 66, 0, 0),
('H2002006TD', '200 X 200 X 6', 'H BEAM', 'LN', 'Batang', 0, 0, 42, '0000-00-00', 2, 42, 0, 0),
('H25025012GG', '250 X 250 X 12', 'H BEAM', 'GG', 'Batang', 49, 0, 18, '0000-00-00', 1, 18, 0, 0),
('H25025012LN', '250 X 250 X 12', 'H BEAM', 'LN', 'Batang', 4, 0, 3242, '0000-00-00', 98, 3242, 0, 0),
('H25025012MENI', '250 X 250 X 12', 'H BEAM', 'MENI', 'Batang', 2, 0, 0, '0000-00-00', 0, 0, 0, 0),
('H2502506TD', '250 X 250 X 6', 'H BEAM', 'TD', 'Batang', 1, 0, 113, '0000-00-00', 7, 113, 0, 0),
('H30030006TD', '300 X 300 X 6', 'H BEAM', '', 'Batang', 0, 0, 48, '0000-00-00', 4, 48, 0, 0),
('H30030009', '300 X 300 X 9', 'H BEAM', '', 'Batang', 1, 0, 22, '0000-00-00', 2, 22, 0, 0),
('H30030010', '300 X 300 X 10', 'H BEAM', '', 'Batang', 0, 0, 16, '0000-00-00', 1, 16, 0, 0),
('H30030012GG', '300 X 300 X 12', 'H BEAM', 'GG', 'Batang', 32, 0, 33, '0000-00-00', 1, 33, 0, 0),
('H30030012LN', '300 X 300 X 12', 'H BEAM', 'LN', 'Batang', 0, 0, 1637, '0000-00-00', 49, 1637, 0, 0),
('H30030012TD', '300 X 300 X 12', 'H BEAM', 'TD', 'Batang', 2, 0, 87, '0000-00-00', 2, 87, 0, 0),
('H3003006LN', '300 X 300 X 6', 'H BEAM', 'LN', 'Batang', 0, 0, 0, '0000-00-00', 0, 0, 0, 0),
('H33835112LN', '338 X 351 X 12', 'H BEAM', 'LN', 'Batang', 0, 0, 99, '0000-00-00', 3, 99, 0, 0),
('H35035012GG', '350 X 350 X 12', 'H BEAM', 'GG', 'Batang', 0, 0, 0, '0000-00-00', 0, 0, 0, 0),
('H35035012LN', '350 X 350 X 12', 'H BEAM', 'LN', 'Batang', 58, 0, 863, '0000-00-00', 25, 863, 0, 0),
('H35035012TD', '350 X 350 X 12', 'H BEAM', 'TD', 'Batang', 0, 0, 66, '0000-00-00', 2, 66, 0, 0),
('H3503506LN', '350 X 350 X 6', 'H BEAM', 'LN', 'Batang', 0, 0, 0, '0000-00-00', 0, 0, 0, 0),
('H40040012GG', '400 X 400 X 12', 'H BEAM', 'GG', 'Batang', 1, 0, 0, '0000-00-00', 0, 0, 0, 0),
('H40040012LN', '400 X 400 X 12', 'H BEAM', 'LN', 'Batang', 10, 0, 1205, '0000-00-00', 35, 1205, 0, 0),
('H4004006LN', '400 X 400 X 6', 'H BEAM', 'LN', 'Batang', 0, 0, 0, '0000-00-00', 73, 0, 0, 0),
('H4004006TD', '400 X 400 X 6', 'H BEAM', 'LN/TD', 'Batang', 1, 0, 23, '0000-00-00', 2, 23, 0, 0),
('HNS1001481030', '100 X 148 X 10''30M', 'H BEAM', 'NS', 'Batang', 1, 0, 22, '0000-00-00', 1, 22, 0, 0),
('HNS100148806', '100 X 148 X 8''06M', 'H BEAM', 'NS', 'Batang', 1, 0, 22, '0000-00-00', 1, 22, 0, 0),
('HNS17524512', '175 X 245 X 12', 'H BEAM', 'NS', 'Batang', 1, 0, 22, '0000-00-00', 1, 22, 0, 0),
('HNS19415012', '194 X 150 X 12', 'H BEAM', 'NS', 'Batang', 0, 0, 8, '0000-00-00', 0, 8, 0, 0);
INSERT INTO `barang` (`Kode`, `Ukuran`, `Nama`, `Nama2`, `Satuan1`, `Qty1`, `QtyOp`, `QtyGudang`, `Tgl_Saw`, `Saw`, `SawGudang`, `Harga_Beli`, `Harga_Jual`) VALUES
('HNS2001508', '200 X 150 X 8', 'H BEAM', 'NS', 'Batang', 1, 0, 22, '0000-00-00', 1, 22, 0, 0),
('HNS24417512', '244 X 175 X 12', 'H BEAM', 'NS', 'Batang', 1, 0, 22, '0000-00-00', 1, 22, 0, 0),
('HNS30030010440', '300 X 300 X 10,440', 'H BEAM', 'NS', 'Batang', 0, 0, 4, '0000-00-00', 1, 4, 0, 0),
('HNS300300106', '300 X 300 X 10,6', 'H BEAM', 'NS', 'Batang', 0, 0, 4, '0000-00-00', 1, 4, 0, 0),
('HNS30030011TD', '300 X 300 X 11', 'H BEAM', 'TD', 'Batang', 0, 0, 0, '0000-00-00', 0, 0, 0, 0),
('HNS3003004TD', '300 X 300 X 4', 'H BEAM', 'NS-TD', 'Batang', 0, 0, 10, '0000-00-00', 2, 10, 0, 0),
('HNS30030054', '300 X 300 X 5,4', 'H BEAM', 'NS', 'Batang', 0, 0, 4, '0000-00-00', 1, 4, 0, 0),
('HNS39030012', '390 X 300 X 12', 'H BEAM', 'NS', 'Batang', 0, 0, 11, '0000-00-00', 7, 11, 0, 0),
('HNS4003006EXUGA', '400 X 300 X 6', 'H BEAM', 'NSUGA', 'Batang', 0, 0, 22, '0000-00-00', 1, 22, 0, 0),
('INP100506KS', '100 X 50 X 6', 'I N P', 'KS', 'Batang', 2714, 0, 61641, '0000-00-00', 113, 61641, 0, 0),
('INP100556TD', '100 X 55 X 6', 'I N P', 'TD', 'Batang', 0, 0, 7367, '0000-00-00', 301, 7367, 0, 0),
('INP1406612', '140 X 66 X 12', 'I N P', '', 'Batang', 0, 0, 163, '0000-00-00', 10, 163, 0, 0),
('INP140666', '140 X 66 X 6', 'I N P', '', 'Batang', 1, 0, 137, '0000-00-00', 8, 137, 0, 0),
('INP1607412', '160 X 74 X 12', 'I N P', 'TD', 'Batang', 0, 0, 133, '0000-00-00', 6, 133, 0, 0),
('INP160746', '160 X 74 X 6', 'I N P', '', 'Batang', 9, 0, 193, '0000-00-00', 11, 193, 0, 0),
('INP1808312', '180 X 83 X 12', 'I N P', '', 'Batang', 3, 0, 57, '0000-00-00', 3, 57, 0, 0),
('INP180836', '180 X 83 X 6', 'I N P', '', 'Batang', 1, 0, 60, '0000-00-00', 3, 60, 0, 0),
('INP200906', '200 X 90 X 6', 'I N P', '', 'Batang', 0, 0, 32, '0000-00-00', 2, 32, 0, 0),
('INP2209912', '220 X 99 X 12', 'I N P', '', 'Batang', 0, 0, 72, '0000-00-00', 4, 72, 0, 0),
('INP24010612', '240 X 106 X 12', 'I N P', '', 'Batang', 2, 0, 68, '0000-00-00', 4, 68, 0, 0),
('INP2601136', '260 X 113 X 6', 'I N P', '', 'Batang', 0, 0, 131, '0000-00-00', 11, 131, 0, 0),
('INP30012512', '300 X 125 X 12', 'I N P', '', 'Batang', 0, 0, 38, '0000-00-00', 2, 38, 0, 0),
('INP30015010', '300 X 150 X 10', 'I N P', '', 'Batang', 1, 0, 19, '0000-00-00', 1, 19, 0, 0),
('INP32013012', '320 X 130 X 12', 'I N P', '', 'Batang', 0, 0, 0, '0000-00-00', 0, 0, 0, 0),
('INP4501706', '450 X 170 X 6', 'I N P', '', 'Batang', 0, 0, 38, '0000-00-00', 2, 38, 0, 0),
('IPE100556', '100 X 55 X 6', 'I P E', '', 'Batang', 0, 0, 6, '0000-00-00', 1, 6, 0, 0),
('IPE1206', '120 X 6', 'I P E', '', 'Batang', 0, 0, 84, '0000-00-00', 8, 84, 0, 0),
('IPE130756', '130 X 75 X 6', 'I P E', '', 'Batang', 0, 0, 24, '0000-00-00', 4, 24, 0, 0),
('IPE1407012', '140 X 70 X 12', 'I P E', '', 'Batang', 3, 0, 342, '0000-00-00', 16, 342, 0, 0),
('IPE140706', '140 X 70 X 6', 'I P E', '', 'Batang', 1, 0, 61, '0000-00-00', 6, 61, 0, 0),
('IPE152896', '152 X 89 X 6', 'I P E', '', 'Batang', 0, 0, 3679, '0000-00-00', 199, 3679, 0, 0),
('Kode', 'Ukuran', 'Nama', 'Nama2', 'Satuan', 0, 0, 0, '0000-00-00', 0, 0, 0, 0),
('PB002348KS', '2,2 /2,3 X 4 X 8', 'P-BORDES', 'KS', 'Lembar', 6100, 0, 655, '0000-00-00', 31, 655, 0, 0),
('PB00248KS', '2 X 4 X 8', 'P-BORDES', 'KS', 'Lembar', 70, 0, 0, '0000-00-00', 0, 0, 0, 0),
('PB00248LN', '2 X 4 X 8', 'P-BORDES', 'LN', 'Lembar', 0, 0, 0, '0000-00-00', 0, 0, 0, 0),
('PB002548KS', '2,5 X 4 X 8', 'P-BORDES', 'KS', 'Lembar', 147, 0, 0, '0000-00-00', 0, 0, 0, 0),
('PB002648KS', '2,6 X 4 X 8', 'P-BORDES', 'KS', 'Lembar', 110, 0, 68514, '0000-00-00', 2721, 68514, 0, 0),
('PB002648LN', '2,5 / 2,6 X 4 X 8', 'P-BORDES', 'LN', 'Lembar', 609, 0, 5521, '0000-00-00', 230, 5521, 0, 0),
('PB003248LN', '3,2 X 4 X 8', 'P-BORDES', 'LN', 'Lembar', 90, 0, 0, '0000-00-00', 0, 0, 0, 0),
('PB00348KS', '3 X 4 X 8', 'P-BORDES', 'KS', 'Lembar', 23, 0, 43464, '0000-00-00', 1740, 43464, 0, 0),
('PB00348LN', '3 X 4 X 8', 'P-BORDES', 'LN', 'Lembar', 445, 0, 66373, '0000-00-00', 2679, 66373, 0, 0),
('PB003648KS', '3,6 X 4 X 8', 'P-BORDES', 'KS', 'Lembar', 0, 0, 626, '0000-00-00', 25, 626, 0, 0),
('PB003648LN', '3,6 X 4 X 8', 'P-BORDES', 'LN', 'Lembar', 0, 0, 0, '0000-00-00', 0, 0, 0, 0),
('PB004248KS', '4,2 / 4,3 X 4 X 8', 'P-BORDES', 'KS', 'Lembar', 0, 0, 0, '0000-00-00', 0, 0, 0, 0),
('PB004248LN', '4,2 X 4 X 8', 'P-BORDES', 'LN', 'Lembar', 880, 0, 22313, '0000-00-00', 905, 22313, 0, 0),
('PB004348LN', '4,3-4,5 X 4 X 8', 'P-BORDES', 'LN-TNT', 'Lembar', 668, 0, 0, '0000-00-00', 0, 0, 0, 0),
('PB00448KS', '4 X 4 X 8', 'P-BORDES', 'KS', 'Lembar', 0, 0, 4411, '0000-00-00', 182, 4411, 0, 0),
('PB00448LN', '4 X 4 X 8', 'P-BORDES', 'LN', 'Lembar', 0, 0, 0, '0000-00-00', 0, 0, 0, 0),
('PB004548GG', '4,5 X 4 X 8', 'P-BORDES', 'GG', 'Lembar', 0, 0, 0, '0000-00-00', 0, 0, 0, 0),
('PB004548KS', '4,5 X 4 X 8', 'P-BORDES', 'KS', 'Lembar', 0, 0, 119, '0000-00-00', 20, 119, 0, 0),
('PB00548KS', '5 X 4 X 8', 'P-BORDES', 'KS', 'Lembar', 246, 0, 4250, '0000-00-00', 170, 4250, 0, 0),
('PB005548LN', '5,5 X 4 X 8', 'P-BORDES', 'LN', 'Lembar', 412, 0, 0, '0000-00-00', 0, 0, 0, 0),
('PB005648LN', '5,8 X 4 X 8', 'P-BORDES', 'LN', 'Lembar', 490, 0, 0, '0000-00-00', 0, 0, 0, 0),
('PB005848LN', '5,8 X 4 X 8', 'P-BORDES', 'LN', 'Lembar', 0, 0, 0, '0000-00-00', 0, 0, 0, 0),
('PB00648KS', '5,6 / 6 X 4 X 8', 'P-BORDES', 'KS', 'Lembar', 384, 0, 626, '0000-00-00', 27, 626, 0, 0),
('PB00648LN', '6 X 4 X 8', 'P-BORDES', 'LN', 'Lembar', 132, 0, 6329, '0000-00-00', 248, 6329, 0, 0),
('PB007548LN', '7,5 X 4 X 8', 'P-BORDES', 'LN', 'Lembar', 85, 0, 0, '0000-00-00', 0, 0, 0, 0),
('PB007548SBY', '7,5 X 4 X 8', 'P-BORDES', 'SBY', 'Lembar', 0, 0, 486, '0000-00-00', 26, 486, 0, 0),
('PB007948LN', '7,9 X 4 X 8', 'P-BORDES', 'LN-TNT', 'Lembar', 0, 0, 0, '0000-00-00', 0, 0, 0, 0),
('PB00848LN', '8 X 4 X 8', 'P-BORDES', 'LN', 'Lembar', 0, 0, 6047, '0000-00-00', 231, 6047, 0, 0),
('PB008948LN', '8,9 X 4 X 8', 'P-BORDES', 'LN-TNT', 'Lembar', 141, 0, 0, '0000-00-00', 0, 0, 0, 0),
('PC00181000', '1,8 X 1000  COIL', 'P-COIL', 'KS', 'Roll', 0, 0, 0, '0000-00-00', 0, 0, 0, 0),
('PC00231235', '2,3 X 1235 COIL', 'P-COIL', 'KS', 'Roll', 5, 0, 0, '0000-00-00', 0, 0, 0, 0),
('PC0024', '2 X 4 COIL', 'P-COIL', '', 'Roll', 0, 0, 0, '0000-00-00', 0, 0, 0, 0),
('PC0025', '2,46/2,50 X 1235/50', 'P-COIL', 'KS', 'Roll', 2, 0, 0, '0000-00-00', 0, 0, 0, 0),
('PC00281200', '2,8 (2,70/2,75) X 1230/5', 'P-COIL', 'KS', 'Roll', 2, 0, 0, '0000-00-00', 0, 0, 0, 0),
('PC00291200', '2,9 X 1200 COIL', 'P-COIL', 'KS', 'Roll', 0, 0, 0, '0000-00-00', 0, 0, 0, 0),
('PC00374', '3,7 X 4 COIL', 'P-COIL', '', 'Roll', 0, 0, 0, '0000-00-00', 0, 0, 0, 0),
('PC004', '3,96 X 1233', 'P-COIL', 'KS', 'Roll', 1, 0, 0, '0000-00-00', 0, 0, 0, 0),
('PCEXCAYAKO', '', 'PLAAT', 'EX.CAYAKO', 'Roll', 0, 0, 0, '0000-00-00', 0, 0, 0, 0),
('PH001248LN', '1 / 1,2 X 4 X 8', 'PLAAT HITAM', '', 'Lembar', 0, 0, 0, '0000-00-00', 0, 0, 0, 0),
('PH001548', '1,4/1,5/1,6 x4x8', 'PLAAT HITAM', 'LN- 1,5MM', 'Lembar', 1259, 0, 0, '0000-00-00', 0, 0, 0, 0),
('PH00212001300KS', '2 X 1200 X 1300', 'PLAAT HITAM', 'KS', 'Lembar', 0, 0, 0, '0000-00-00', 0, 0, 0, 0),
('PH002348KS', '2,3 X 4 X 8', 'PLAAT HITAM', 'KS', 'Lembar', 1430, 0, 1311, '0000-00-00', 461, 1311, 0, 0),
('PH002448KS', '2,4 X 4 X 8', 'PLAAT HITAM', 'KS', 'Lembar', 971, 0, 0, '0000-00-00', 0, 0, 0, 0),
('PH00248KS', '2 X 4 X 8', 'PLAAT HITAM', 'KS', 'Lembar', 0, 0, 4488, '0000-00-00', 392, 4488, 0, 0),
('PH00248LN', '1,8 / 2 X 4 X 8', 'PLAAT HITAM', 'LN', 'Lembar', 0, 0, 57100, '0000-00-00', 991, 57100, 0, 0),
('PH0024LDH', '2 X 4 X LDH', 'PLAAT HITAM', 'LIDAH', 'Lembar', 0, 0, 870, '0000-00-00', 15, 870, 0, 0),
('PH002548LN', '2,5 X 4 X 8', 'PLAAT HITAM', 'LN', 'Lembar', 37, 0, 154, '0000-00-00', 22, 154, 0, 0),
('PH002648KS', '2,6 X 4 X 8', 'PLAAT HITAM', 'KS', 'Lembar', 48, 0, 147, '0000-00-00', 21, 147, 0, 0),
('PH002748KS', '2,7 X 4 X 8', 'PLAAT HITAM', 'KS', 'Lembar', 0, 0, 40529, '0000-00-00', 768, 40529, 0, 0),
('PH002848KS', '2,8 X 4 X 8', 'PLAAT HITAM', 'KS', 'Lembar', 255, 0, 2279, '0000-00-00', 53, 2279, 0, 0),
('PH002948KS', '2,9 X 4 X 8', 'PLAAT HITAM', 'KS', 'Lembar', 0, 0, 0, '0000-00-00', 0, 0, 0, 0),
('PH002948LNBTI', '2,9 X 4 X 8', 'PLAAT HITAM', 'LN', 'Lembar', 0, 0, 6073, '0000-00-00', 233, 6073, 0, 0),
('PH0031542400KS', '3,15 X 4 X 2400', 'PLAAT HITAM', 'KS', 'Lembar', 0, 0, 0, '0000-00-00', 0, 0, 0, 0),
('PH003242400GG', '3,2 X 4 X 2400', 'PLAAT HITAM', 'GG', 'Lembar', 0, 0, 0, '0000-00-00', 0, 0, 0, 0),
('PH003248KS', '3,2 X 4 X 8', 'PLAAT HITAM', 'KS', 'Lembar', 30, 0, 75205, '0000-00-00', 1304, 75205, 0, 0),
('PH003248LN', '3,2 X 4 X 8', 'PLAAT HITAM', 'LN', 'Lembar', 101, 0, 0, '0000-00-00', 0, 0, 0, 0),
('PH00342400GA', '3 X 4 X 2400', 'PLAAT HITAM', 'GG-GRACIA ABD', 'Lembar', 0, 0, 0, '0000-00-00', 0, 0, 0, 0),
('PH00348GG', '3 X 4 X 8', 'PLAAT HITAM', 'GG', 'Lembar', 0, 0, 0, '0000-00-00', 0, 0, 0, 0),
('PH00348KS', '3 X 4 X 8', 'PLAAT HITAM', 'KS', 'Lembar', 2526, 0, 83431, '0000-00-00', 1452, 83431, 0, 0),
('PH00348LN', '3 X 4 X 8', 'PLAAT HITAM', 'LN', 'Lembar', 0, 0, 24931, '0000-00-00', 607, 24931, 0, 0),
('PH003548KS', '3,5 X 4 X 8', 'PLAAT HITAM', 'KS', 'Lembar', 0, 0, 8981, '0000-00-00', 154, 8981, 0, 0),
('PH003642400KS', '3,6 X 4 X 2400', 'PLAAT HITAM', 'KS-PAPAJAYA A', 'Lembar', 0, 0, 0, '0000-00-00', 0, 0, 0, 0),
('PH003712002400', '3,7 X 1200 X 2400', 'PLAAT HITAM', 'KS', 'Lembar', 0, 0, 0, '0000-00-00', 0, 0, 0, 0),
('PH003848KS', '3,8 X 4 X 8', 'PLAAT HITAM', 'KS', 'Lembar', 0, 0, 0, '0000-00-00', 0, 0, 0, 0),
('PH003848LN', '3,8 X 4 X 8', 'PLAAT HITAM', 'LN', 'Lembar', 49, 0, 42, '0000-00-00', 1, 42, 0, 0),
('PH003848LNBTI', '3,8 X 4 X 8', 'PLAAT HITAM', 'LN', 'Lembar', 31, 0, 10625, '0000-00-00', 186, 10625, 0, 0),
('PH003948KS', '3,9 X 4 X 8', 'PLAAT HITAM', 'KS', 'Lembar', 503, 0, 0, '0000-00-00', 0, 0, 0, 0),
('PH004242400KS', '4,2 X 4 X 2400', 'PLAAT HITAM', 'KS-SARANA STEEL', 'Lembar', 62, 0, 0, '0000-00-00', 0, 0, 0, 0),
('PH004248KS', '4,2 X 4 X 8', 'PLAAT HITAM', 'KS', 'Lembar', 63, 0, 31705, '0000-00-00', 623, 31705, 0, 0),
('PH004248LN', '4,2 / 4,3 X 4 X 8', 'PLAAT HITAM', 'LN', 'Lembar', 306, 0, 15400, '0000-00-00', 700, 15400, 0, 0),
('PH00448GG', '3,8 /4 X 4 X 8', 'PLAAT HITAM', 'GG', 'Lembar', 244, 0, 0, '0000-00-00', 0, 0, 0, 0),
('PH00448KS', '4 X 4 X 8', 'PLAAT HITAM', 'KS', 'Lembar', 0, 0, 178757, '0000-00-00', 3019, 178757, 0, 0),
('PH004548KS', '4,5 X 4 X 8', 'PLAAT HITAM', 'KS', 'Lembar', 513, 0, 100491, '0000-00-00', 1857, 100491, 0, 0),
('PH004548LN', '4,5 X 4 X 8', 'PLAAT HITAM', 'LN', 'Lembar', 1308, 0, 151466, '0000-00-00', 2177, 151466, 0, 0),
('PH004712002400KS', '4,7x1200/1210x2400', 'PLAAT HITAM', 'KS', 'Lembar', 3, 0, 0, '0000-00-00', 0, 0, 0, 0),
('PH00548GG', '5 X 4 X 8', 'PLAAT HITAM', 'GG', 'Lembar', 674, 0, 3944, '0000-00-00', 68, 3944, 0, 0),
('PH00548KS', '5 X 4 X 8', 'PLAAT HITAM', 'KS', 'Lembar', 2, 0, 62581, '0000-00-00', 1077, 62581, 0, 0),
('PH00548LN', '5 X 4 X 8', 'PLAAT HITAM', 'LN', 'Lembar', 0, 0, 176, '0000-00-00', 4, 176, 0, 0),
('PH005548KS', '5,5 X 4 X 8', 'PLAAT HITAM', 'KS', 'Lembar', 7, 0, 2364, '0000-00-00', 41, 2364, 0, 0),
('PH005548LN', '5,5 X 4 X 8', 'PLAAT HITAM', 'LN', 'Lembar', 49, 0, 0, '0000-00-00', 0, 0, 0, 0),
('PH005712002400KS', '5,7 X 4 X 8', 'PLAAT HITAM', 'KS', 'Lembar', 444, 0, 0, '0000-00-00', 0, 0, 0, 0),
('PH005748GG', '5,7 X 4 X 8', 'PLAAT HITAM', 'GG', 'Lembar', 3, 0, 0, '0000-00-00', 0, 0, 0, 0),
('PH005748LN', '5,7 X 4 X 8', 'PLAAT HITAM', 'LN', 'Lembar', 101, 0, 0, '0000-00-00', 0, 0, 0, 0),
('PH005842400GG', '5,8 X 4 X 2400', 'PLAAT HITAM', 'GG', 'Lembar', 104, 0, 0, '0000-00-00', 0, 0, 0, 0),
('PH005848GG', '5,8 X 4 X 8', 'PLAAT HITAM', 'GG', 'Lembar', 200, 0, 202, '0000-00-00', 776, 202, 0, 0),
('PH005942400GG', '5,9 X 4 X 2400', 'PLAAT HITAM', 'GG', 'Lembar', 168, 0, 0, '0000-00-00', 0, 0, 0, 0),
('PH005948GG', '5,9 X 4 X 8', 'PLAAT HITAM', 'GG', 'Lembar', 222, 0, 0, '0000-00-00', 0, 0, 0, 0),
('PH0064858KS', '6 X 4 X 8', 'PLAAT HITAM', 'KS', 'Lembar', 239, 0, 1277, '0000-00-00', 419, 1277, 0, 0),
('PH00648GG', '6 X 4 X 8', 'PLAAT HITAM', 'GG', 'Lembar', 3, 0, 1416, '0000-00-00', 388, 1416, 0, 0),
('PH00648KSFULL', '6 X 4 X 8', 'PLAAT HITAM', 'KS F', 'Lembar', 0, 0, 344, '0000-00-00', 8, 344, 0, 0),
('PH00648LN', '6 X 4 X 8', 'PLAAT HITAM', 'LN', 'Lembar', 0, 0, 20182, '0000-00-00', 335, 20182, 0, 0),
('PH006548LN', '6,5 X 4 X 8', 'PLAAT HITAM', 'LN', 'Lembar', 294, 0, 24056, '0000-00-00', 388, 24056, 0, 0),
('PH00711552480GG', '7 X 115.5 X 2480', 'PLAAT HITAM', 'GG', 'Lembar', 0, 0, 1674, '0000-00-00', 27, 1674, 0, 0),
('PH00748GDS', '7 X 4 X 8', 'PLAAT HITAM', 'GDS', 'Lembar', 0, 0, 0, '0000-00-00', 0, 0, 0, 0),
('PH00748JPS', '7 X 4 X 8', 'PLAAT HITAM', 'JPS', 'Lembar', 27, 0, 3701, '0000-00-00', 59, 3701, 0, 0),
('PH00748KS', '7 X 4 X 8', 'PLAAT HITAM', 'KS', 'Lembar', 24, 0, 806, '0000-00-00', 13, 806, 0, 0),
('PH00756848KS', '7,8 X 4 X 8', 'PLAAT HITAM', 'KS', 'Lembar', 181, 0, 0, '0000-00-00', 0, 0, 0, 0),
('PH007848LN', '7,8 X 4 X 8', 'PLAAT HITAM', 'LN', 'Lembar', 50, 0, 0, '0000-00-00', 0, 0, 0, 0),
('PH00848GDS', '8 X 4 X 8', 'PLAAT HITAM', 'GDS', 'Lembar', 2535, 0, 134920, '0000-00-00', 2100, 134920, 0, 0),
('PH00848GG', '7,7 / 8 X 4 X 8', 'PLAAT HITAM', 'GG', 'Lembar', 0, 0, 50, '0000-00-00', 1, 50, 0, 0),
('PH00848JPS', '8 X 4 X 8', 'PLAAT HITAM', 'JPS', 'Lembar', 88, 0, 146643, '0000-00-00', 2383, 146643, 0, 0),
('PH00848KS', '8 X 4 X 8', 'PLAAT HITAM', 'KS', 'Lembar', 184, 0, 1168, '0000-00-00', 20, 1168, 0, 0),
('PH00848OVAL', '8 X 4 X 8', 'PLAAT HITAM', 'KS-OVAL', 'Lembar', 2, 0, 0, '0000-00-00', 0, 0, 0, 0),
('PH00948GDS', '9 X 4 X 8', 'PLAAT HITAM', 'GDS', 'Lembar', 1110, 0, 30876, '0000-00-00', 498, 30876, 0, 0),
('PH00948JPS', '9 X 4 X 8', 'PLAAT HITAM', 'JPS', 'Lembar', 459, 0, 36999, '0000-00-00', 596, 36999, 0, 0),
('PH00948KS', '9 X 4 X 8', 'PLAAT HITAM', 'KS', 'Lembar', 420, 0, 50, '0000-00-00', 1, 50, 0, 0),
('PH00948LN', '9 X 4 X 8', 'PLAAT HITAM', 'LN', 'Lembar', 17, 0, 803, '0000-00-00', 14, 803, 0, 0),
('PH009548', '9,5 X 4 X 8', 'PLAAT HITAM', '', 'Lembar', 14, 0, 1364, '0000-00-00', 22, 1364, 0, 0),
('PH01048GDS', '10 X 4 X 8', 'PLAAT HITAM', 'GDS', 'Lembar', 328, 0, 1174, '0000-00-00', 48, 1174, 0, 0),
('PH01048GG', '10 X 4 X 8', 'PLAAT HITAM', 'GG', 'Lembar', 71, 0, 100, '0000-00-00', 2, 100, 0, 0),
('PH01048JPS', '10 X 4 X 8', 'PLAAT HITAM', 'JPS', 'Lembar', 25, 0, 37723, '0000-00-00', 496, 37723, 0, 0),
('PH01048KS', '10 X 4 X 8', 'PLAAT HITAM', 'KS', 'Lembar', 149, 0, 14125, '0000-00-00', 217, 14125, 0, 0),
('PH01048OVAL', '10 X 4 X 8', 'PLAAT HITAM', 'KS-OVAL', 'Lembar', 18, 0, 0, '0000-00-00', 0, 0, 0, 0),
('PH011248KS', '11,2 X 4 X 8', 'PLAAT HITAM', 'KS', 'Lembar', 0, 0, 50, '0000-00-00', 1, 50, 0, 0),
('PH01148GDS', '11 X 4 X 8', 'PLAAT HITAM', 'GDS', 'Lembar', 92, 0, 0, '0000-00-00', 0, 0, 0, 0),
('PH01148GG', '11 X 4 X 8', 'PLAAT HITAM', 'GG', 'Lembar', 53, 0, 0, '0000-00-00', 0, 0, 0, 0),
('PH01148JPS', '11 X 4 X 8', 'PLAAT HITAM', 'JPS', 'Lembar', 489, 0, 16391, '0000-00-00', 294, 16391, 0, 0),
('PH011748GG', '11,7 X 4 X 8', 'PLAAT HITAM', 'GG', 'Lembar', 26, 0, 0, '0000-00-00', 0, 0, 0, 0),
('PH01248GDS', '12 X 4 X 8', 'PLAAT HITAM', 'GDS', 'Lembar', 80, 0, 5206, '0000-00-00', 62, 5206, 0, 0),
('PH01248JPS', '12 X 4 X 8', 'PLAAT HITAM', 'JPS', 'Lembar', 286, 0, 42755, '0000-00-00', 722, 42755, 0, 0),
('PH01248KS', '12 X 4 X 8', 'PLAAT HITAM', 'KS', 'Lembar', 222, 0, 5270, '0000-00-00', 86, 5270, 0, 0),
('PH01248OVAL', '12 X 4 X 8', 'PLAAT HITAM', 'KS-OVAL', 'Lembar', 6, 0, 0, '0000-00-00', 0, 0, 0, 0),
('PH01348GDS', '13 X 4 X 8', 'PLAAT HITAM', 'GDS', 'Lembar', 9, 0, 0, '0000-00-00', 0, 0, 0, 0),
('PH01348JPS', '13 X 4 X 8', 'PLAAT HITAM', 'JPS', 'Lembar', 78, 0, 5904, '0000-00-00', 95, 5904, 0, 0),
('PH01348KS', '13 X 4 X 8', 'PLAAT HITAM', 'KS', 'Lembar', 288, 0, 21266, '0000-00-00', 343, 21266, 0, 0),
('PH01448GDS', '14 X 4 X 8', 'PLAAT HITAM', 'GDS', 'Lembar', 47, 0, 940, '0000-00-00', 20, 940, 0, 0),
('PH01448JPS', '14 X 4 X 8', 'PLAAT HITAM', 'JPS', 'Lembar', 6, 0, 21513, '0000-00-00', 323, 21513, 0, 0),
('PH01448KS', '14 X 4 X 8', 'PLAAT HITAM', 'KS', 'Lembar', 3, 0, 434, '0000-00-00', 7, 434, 0, 0),
('PH01548GDS', '15 X 4 X 8', 'PLAAT HITAM', 'GDS', 'Lembar', 163, 0, 7936, '0000-00-00', 128, 7936, 0, 0),
('PH01548GG', '15 X 4 X 8', 'PLAAT HITAM', 'GG', 'Lembar', 11, 0, 2170, '0000-00-00', 35, 2170, 0, 0),
('PH01548JPS', '15 X 4 X 8', 'PLAAT HITAM', 'JPS', 'Lembar', 105, 0, 28364, '0000-00-00', 447, 28364, 0, 0),
('PH01548OVAL', '15 X 4 X 8', 'PLAAT HITAM', 'KS-OVAL', 'Lembar', 2, 0, 0, '0000-00-00', 0, 0, 0, 0),
('PH01648GDS', '16 X 4 X 8', 'PLAAT HITAM', 'GDS', 'Lembar', 562, 0, 0, '0000-00-00', 0, 0, 0, 0),
('PH01648JPS', '16 X 4 X 8', 'PLAAT HITAM', 'JPS', 'Lembar', 46, 0, 5006, '0000-00-00', 56, 5006, 0, 0),
('PH01648KS', '16 X 4 X 8', 'PLAAT HITAM', 'KS', 'Lembar', 12, 0, 1606, '0000-00-00', 27, 1606, 0, 0),
('PH01648LN', '16 X 4 X 8', 'PLAAT HITAM', 'LN', 'Lembar', 214, 0, 0, '0000-00-00', 0, 0, 0, 0),
('PH01748GDS', '17 X 4 X 8', 'PLAAT HITAM', 'GDS', 'Lembar', 57, 0, 958, '0000-00-00', 29, 958, 0, 0),
('PH01748JPS', '17 X 4 X 8', 'PLAAT HITAM', 'JPS', 'Lembar', 171, 0, 158, '0000-00-00', 144, 158, 0, 0),
('PH01748SBYGG', '17 X 4 X 8', 'PLAAT HITAM', 'SBY/ GG', 'Lembar', 38, 0, 2480, '0000-00-00', 40, 2480, 0, 0),
('PH01848GDS', '18 X 4 X 8', 'PLAAT HITAM', 'GDS', 'Lembar', 41, 0, 0, '0000-00-00', 0, 0, 0, 0),
('PH01848JPS', '18 X 4 X 8', 'PLAAT HITAM', 'JPS', 'Lembar', 44, 0, 1738, '0000-00-00', 62, 1738, 0, 0),
('PH01848KS', '18 X 4 X 8', 'PLAAT HITAM', 'KS', 'Lembar', 7, 0, 434, '0000-00-00', 7, 434, 0, 0),
('PH01848TD', '18 X 4 X 8', 'PLAAT HITAM', 'TD', 'Lembar', 1, 0, 62, '0000-00-00', 1, 62, 0, 0),
('PH01942400JPS', '19 X 4 X 2400', 'PLAAT HITAM', 'JPS', 'Lembar', 6, 0, 0, '0000-00-00', 0, 0, 0, 0),
('PH01948GDS', '19 X 4 X 8', 'PLAAT HITAM', 'GDS', 'Lembar', 33, 0, 3465, '0000-00-00', 58, 3465, 0, 0),
('PH01948GG', '19 X 4 X 8', 'PLAAT HITAM', 'GG', 'Lembar', 7, 0, 533, '0000-00-00', 13, 533, 0, 0),
('PH01948JPS', '19 X 4 X 8', 'PLAAT HITAM', 'JPS', 'Lembar', 384, 0, 3933, '0000-00-00', 96, 3933, 0, 0),
('PH01948KS', '19 X 4 X 8', 'PLAAT HITAM', 'KS', 'Lembar', 60, 0, 4424, '0000-00-00', 79, 4424, 0, 0),
('PH02048GDS', '20 X 4 X 8', 'PLAAT HITAM', 'GDS', 'Lembar', 49, 0, 681, '0000-00-00', 23, 681, 0, 0),
('PH02048JPS', '20 X 4 X 8', 'PLAAT HITAM', 'JPS', 'Lembar', 68, 0, 14690, '0000-00-00', 251, 14690, 0, 0),
('PH02048KS', '20 X 4 X 8', 'PLAAT HITAM', 'KS', 'Lembar', 0, 0, 3920, '0000-00-00', 70, 3920, 0, 0),
('PH02148GDS', '21 X 4 X 8', 'PLAAT HITAM', 'GDS', 'Lembar', 11, 0, 0, '0000-00-00', 0, 0, 0, 0),
('PH02148JPS', '21 X 4 X 8', 'PLAAT HITAM', 'JPS', 'Lembar', 102, 0, 1320, '0000-00-00', 9, 1320, 0, 0),
('PH02248GDS', '22 X 4 X 8', 'PLAAT HITAM', 'GDS', 'Lembar', 44, 0, 456, '0000-00-00', 31, 456, 0, 0),
('PH02248JPS', '22 X 4 X 8', 'PLAAT HITAM', 'JPS', 'Lembar', 0, 0, 10156, '0000-00-00', 179, 10156, 0, 0),
('PH02248KS', '22 X 4 X 8', 'PLAAT HITAM', 'KS', 'Lembar', 34, 0, 0, '0000-00-00', 0, 0, 0, 0),
('PH02348GDS', '23 X 4 X 8', 'PLAAT HITAM', 'GDS', 'Lembar', 14, 0, 0, '0000-00-00', 0, 0, 0, 0),
('PH02348JPS', '23 X 4 X 8', 'PLAAT HITAM', 'JPS', 'Lembar', 89, 0, 2237, '0000-00-00', 51, 2237, 0, 0),
('PH02448GDS', '24 X 4 X 8', 'PLAAT HITAM', 'GDS', 'Lembar', 16, 0, 0, '0000-00-00', 0, 0, 0, 0),
('PH02448JPS', '24 X 4 X 8', 'PLAAT HITAM', 'JPS', 'Lembar', 122, 0, 10335, '0000-00-00', 180, 10335, 0, 0),
('PH02548GDS', '25 X 4 X 8', 'PLAAT HITAM', 'GDS', 'Lembar', 171, 0, 5782, '0000-00-00', 112, 5782, 0, 0),
('PH02548JPS', '25 X 4 X 8', 'PLAAT HITAM', 'JPS', 'Lembar', 2, 0, 15072, '0000-00-00', 305, 15072, 0, 0),
('PH02548KS', '25 X 4 X 8', 'PLAAT HITAM', 'KS', 'Lembar', 3, 0, 2745, '0000-00-00', 49, 2745, 0, 0),
('PH02548TDNS', '25 X 4 X 8', 'PLAAT HITAM', 'TDNS', 'Lembar', 1, 0, 112, '0000-00-00', 2, 112, 0, 0),
('PH02648GDS', '26 X 4 X 8', 'PLAAT HITAM', 'GDS', 'Lembar', 4, 0, 0, '0000-00-00', 0, 0, 0, 0),
('PH02648JPS', '26 X 4 X 8', 'PLAAT HITAM', 'JPS', 'Lembar', 26, 0, 0, '0000-00-00', 0, 0, 0, 0),
('PH02648LN', '26 X 4 X 8', 'PLAAT HITAM', 'LN', 'Lembar', 2, 0, 0, '0000-00-00', 0, 0, 0, 0),
('PH02648SBY', '26 X 4 X 8', 'PLAAT HITAM', 'SBY', 'Lembar', 45, 0, 3416, '0000-00-00', 61, 3416, 0, 0),
('PH02748JPS', '27 X 4 X 8', 'PLAAT HITAM', 'JPS', 'Lembar', 7, 0, 385, '0000-00-00', 7, 385, 0, 0),
('PH02748LN', '28 X 4 X 8', 'PLAAT HITAM', 'LN', 'Lembar', 7, 0, 0, '0000-00-00', 0, 0, 0, 0),
('PH02748TD', '27 X 4 X 8', 'PLAAT HITAM', 'TD', 'Lembar', 0, 0, 56, '0000-00-00', 1, 56, 0, 0),
('PH02812452435', '28 X 1245 X 2435', 'PLAAT HITAM', 'LN', 'Lembar', 0, 0, 0, '0000-00-00', 0, 0, 0, 0),
('PH02848GDS', '28 X 4 X 8', 'PLAAT HITAM', 'GDS', 'Lembar', 1, 0, 2155, '0000-00-00', 40, 2155, 0, 0),
('PH02848GG', '28 X 4 X 8', 'PLAAT HITAM', 'GG', 'Lembar', 17, 0, 0, '0000-00-00', 0, 0, 0, 0),
('PH02848JPS', '28 X 4 X 8', 'PLAAT HITAAM', 'JPS', 'Lembar', 0, 0, 0, '0000-00-00', 0, 0, 0, 0),
('PH02948GG', '29 X 4 X 8', 'PLAAT HITAM', 'GG', 'Lembar', 1, 0, 936, '0000-00-00', 17, 936, 0, 0),
('PH03048GDS', '30 X 4 X 8', 'PLAAT HITAM', 'GDS/RIJEK', 'Lembar', 15, 0, 1259, '0000-00-00', 23, 1259, 0, 0),
('PH03048GG', '30 X 4 X 8', 'PLAAT HITAM', 'GG', 'Lembar', 0, 0, 0, '0000-00-00', 0, 0, 0, 0),
('PH03048KS', '30 X 4 X 8', 'PLAAT HITAM', 'KS', 'Lembar', 0, 0, 0, '0000-00-00', 0, 0, 0, 0),
('PH03148GDS', '31 X 4 X 8', 'PLAAT HITAM', 'GDS', 'Lembar', 0, 0, 18, '0000-00-00', 2, 18, 0, 0),
('PH03148LN', '31 X 4 X 8', 'PLAAT HITAM', '', 'Lembar', 0, 0, 479, '0000-00-00', 9, 479, 0, 0),
('PH03248GDS', '32 X 4 X 8', 'PLAAT HITAM', 'GDS', 'Lembar', 1, 0, 74, '0000-00-00', 2, 74, 0, 0),
('PH03248GDSTD', '32 X 4 X 8', 'PLAAT HITAM', 'GDSTD', 'Lembar', 0, 0, 56, '0000-00-00', 1, 56, 0, 0),
('PH03248GG', '32 X 4 X 8', 'PLAAT HITAM', 'GG', 'Lembar', 6, 0, 0, '0000-00-00', 0, 0, 0, 0),
('PH03248KS', '32 X 4 X 8', 'PLAAT HITAM', 'KS', 'Lembar', 19, 0, 0, '0000-00-00', 0, 0, 0, 0),
('PH03248LN', '32 X 4 X 8', 'PLAAT HITAM', 'LN', 'Lembar', 48, 0, 0, '0000-00-00', 0, 0, 0, 0),
('PH03348KS', '33 X 4 X 8', 'PLAAT HITAM', 'KS', 'Lembar', 0, 0, 88, '0000-00-00', 33, 88, 0, 0),
('PH03348NS', '33 X 4 X 8', 'PLAAT HITAM', 'NS', 'Lembar', 0, 0, 132, '0000-00-00', 34, 132, 0, 0),
('PH03448GDS', '34 X 4 X 8', 'PLAAT HITAM', 'GDS', 'Lembar', 0, 0, 446, '0000-00-00', 7, 446, 0, 0),
('PH03448GG', '34 X 4 X 8', 'PLAAT HITAM', 'GG', 'Lembar', 5, 0, 0, '0000-00-00', 0, 0, 0, 0),
('PH03448LN', '34 X 4 X 8', 'PLAAT HITAM', 'LN', 'Lembar', 4, 0, 0, '0000-00-00', 0, 0, 0, 0),
('PH03548GDS', '35 X 4 X 8', 'PLAAT HITAM', 'GDS', 'Lembar', 0, 0, 1402, '0000-00-00', 27, 1402, 0, 0),
('PH03548KS', '35 X 4 X 8', 'PLAAT HITAM', 'KS', 'Lembar', 0, 0, 44, '0000-00-00', 32, 44, 0, 0),
('PH03648GDS', '36 X 4 X 8', 'PLAAT HITAM', 'GDS', 'Lembar', 0, 0, 0, '0000-00-00', 0, 0, 0, 0),
('PH03748SBY', '37 X 4 X 8', 'PLAAT HITAM', 'SBY', 'Lembar', 2, 0, 480, '0000-00-00', 10, 480, 0, 0),
('PH03848KS', '38 X 4 X 8', 'PLAAT HITAM', 'KS', 'Lembar', 0, 0, 0, '0000-00-00', 0, 0, 0, 0),
('PH03848LN', '38 X 4 X 8', 'PLAAT HITAM', 'LN', 'Lembar', 0, 0, 15, '0000-00-00', 1, 15, 0, 0),
('PH03848SBYGDS', '38 X 4 X 8', 'PLAAT HITAM', 'SBY/GDS', 'Lembar', 30, 0, 2886, '0000-00-00', 51, 2886, 0, 0),
('PH03948GDS', '39 X 4 X 8', 'PLAAT HITAM', 'GDS', 'Lembar', 0, 0, 1434, '0000-00-00', 23, 1434, 0, 0),
('PH04048GDS', '40 X 4 X 8', 'PLAAT HITAM', 'GDS', 'Lembar', 27, 0, 482, '0000-00-00', 30, 482, 0, 0),
('PH04048GDSTD', '40 X 4 X 8', 'PLAAT HITAM', 'GDS-TD', 'Lembar', 0, 0, 11, '0000-00-00', 1, 11, 0, 0),
('PH04048KS', '40 X 4 X 8', 'PLAAT HITAM', 'KS', 'Lembar', 0, 0, 54, '0000-00-00', 31, 54, 0, 0),
('PH04248GDS', '42 X 4 X 8', 'PLAAT HITAM', 'GDS', 'Lembar', 0, 0, 0, '0000-00-00', 0, 0, 0, 0),
('PH04348GDS', '43 X 4 X 8', 'PLAAT HITAM', 'GDS', 'Lembar', 1, 0, 18, '0000-00-00', 1, 18, 0, 0),
('PH04448GDS', '44 X 4 X 8', 'PLAAT HITAM', 'GDS', 'Lembar', 2, 0, 0, '0000-00-00', 0, 0, 0, 0),
('PH04448LN', '44 X 4 X 8', 'PLAAT HITAM', 'LN', 'Lembar', 2, 0, 76, '0000-00-00', 4, 76, 0, 0),
('PH04548GDS', '45 X 4 X 8', 'PLAAT HITAM', 'GDS', 'Lembar', 0, 0, 44, '0000-00-00', 4, 44, 0, 0),
('PH04548GG', '45 X 4 X 8', 'PLAAT HITAM', 'GG', 'Lembar', 1, 0, 0, '0000-00-00', 0, 0, 0, 0),
('PH04548KS', '45 X 4 X 8', 'PLAAT HITAM', 'KS', 'Lembar', 13, 0, 0, '0000-00-00', 0, 0, 0, 0),
('PH04548LN', '45 X 4 X 8', 'PLAAT HITAM', 'LN-RIJEK', 'Lembar', 0, 0, 226, '0000-00-00', 10, 226, 0, 0),
('PH04648', '46 X 4 X 8', 'PLAAT HITAM', '', 'Lembar', 3, 0, 133, '0000-00-00', 7, 133, 0, 0),
('PH04748KS', '47 X 4 X 8', 'PLAAT HITAM', 'KS', 'Lembar', 5, 0, 19, '0000-00-00', 1, 19, 0, 0),
('PH04848KS', '48 X 4 X 8', 'PLAAT HITAM', 'KS', 'Lembar', 0, 0, 19, '0000-00-00', 1, 19, 0, 0),
('PH04948GDS', '49 X 4 X 8', 'PLAAT HITAM', 'GDS', 'Lembar', 0, 0, 0, '0000-00-00', 0, 0, 0, 0),
('PH04948KS', '49 X 4 X 8', 'PLAAT HITAM', 'KS', 'Lembar', 0, 0, 57, '0000-00-00', 3, 57, 0, 0),
('PH05048GDS', '50 X 4 X 8', 'PLAAT HITAM', 'GDS', 'Lembar', 1, 0, 0, '0000-00-00', 0, 0, 0, 0),
('PH05048GG', '50 X 4 X 8', 'PLAAT HITAM', 'GG', 'Lembar', 1, 0, 0, '0000-00-00', 0, 0, 0, 0),
('PH05048KS', '50 X 4 X 8', 'PLAAT HITAM', 'KS', 'Lembar', 9, 0, 0, '0000-00-00', 0, 0, 0, 0),
('PH05048LN', '50 X 4 X 8', 'PLAAT HITAM', 'LN', 'Lembar', 0, 0, 161, '0000-00-00', 10, 161, 0, 0),
('PH05048SBY', '50 X 4 X 8  GDS', 'PLAAT HITAM', 'SISA GELOMBANG', 'Lembar', 0, 0, 543, '0000-00-00', 26, 543, 0, 0),
('PH05148KS', '51 X 4 X 8', 'PLAAT HITAM', 'KS', 'Lembar', 0, 0, 311, '0000-00-00', 16, 311, 0, 0),
('PH05248KS', '52 X 1320 X 8', 'PLAAT HITAM', 'KS', 'Lembar', 2, 0, 23, '0000-00-00', 31, 23, 0, 0),
('PH05248SBY', '52 X 4 X 8', 'PLAAT HITAM', 'SBY', 'Lembar', 3, 0, 131, '0000-00-00', 8, 131, 0, 0),
('PH05348GDS', '53 X 4 X 8', 'PLAAT HITAM', 'GDS(MELENGKUNG)', 'Lembar', 1, 0, 28, '0000-00-00', 1, 28, 0, 0),
('PH05548GDS', '55 X 4 X 8', 'PLAAT HITAM', 'GDS', 'Lembar', 6, 0, 76, '0000-00-00', 4, 76, 0, 0),
('PH05648GDS', '56 X 4 X 8', 'PLAAT HITAM', 'GDS', 'Lembar', 1, 0, 0, '0000-00-00', 0, 0, 0, 0),
('PH05648LN', '56 X 4 X 8', 'PLAAT HITAM', 'LN', 'Lembar', 1, 0, 17, '0000-00-00', 1, 17, 0, 0),
('PH05748GDS', '57 X 4 X 8', 'PLAAT HITAM', 'GDS', 'Lembar', 0, 0, 114, '0000-00-00', 6, 114, 0, 0),
('PH06048GDS', '60 X 4 X 8', 'PLAAT HITAM', 'GDS', 'Lembar', 0, 0, 399, '0000-00-00', 21, 399, 0, 0),
('PH06048KS', '60 X 4 X 8', 'PLAAT HITAM', 'KS', 'Lembar', 3, 0, 0, '0000-00-00', 0, 0, 0, 0),
('PH06048LN', '60 X 4 X 8', 'PLAAT HITAM', 'LN', 'Lembar', 0, 0, 0, '0000-00-00', 0, 0, 0, 0),
('PH06148GDS', '61 X 4 X 8', 'PLAAT HITAM', 'GDS', 'Lembar', 1, 0, 0, '0000-00-00', 0, 0, 0, 0),
('PH06348GDS', '63 X 4 X 8', 'PLAAT HITAM', 'GDS', 'Lembar', 10, 0, 190, '0000-00-00', 10, 190, 0, 0),
('PH06448GDS', '64 X 4 X 8', 'PLAAT HITAM', 'GDS', 'Lembar', 2, 0, 0, '0000-00-00', 0, 0, 0, 0),
('PH06548GDS', '65 X 4 X 8', 'PLAAT HITAM', 'GDS', 'Lembar', 0, 0, 741, '0000-00-00', 39, 741, 0, 0),
('PH06548KS', '65 X 4 X 8', 'PLAAT HITAM', 'KS', 'Lembar', 19, 0, 0, '0000-00-00', 0, 0, 0, 0),
('PH06748GDS', '67 X 4 X 8', 'PLAAT HITAM', 'GDS', 'Lembar', 3, 0, 0, '0000-00-00', 0, 0, 0, 0),
('PH07048GDS', '70 X 4 X 8', 'PLAAT HITAM', 'GDS', 'Lembar', 1, 0, 228, '0000-00-00', 12, 228, 0, 0),
('PH07048KS', '70 X 4 X 8', 'PLAAT HITAM', 'KS', 'Lembar', 12, 0, 0, '0000-00-00', 0, 0, 0, 0),
('PH07248GDS', '72 X 4 X 8', 'PLAAT HITAM', 'GDS', 'Lembar', 1, 0, 0, '0000-00-00', 0, 0, 0, 0),
('PH07248KS', '72 X 4 X 8', 'PLAAT HITAM', 'KS', 'Lembar', 7, 0, 0, '0000-00-00', 0, 0, 0, 0),
('PH07348KS', '73 X 4 X 8', 'PLAAT HITAM', 'KS', 'Lembar', 12, 0, 0, '0000-00-00', 0, 0, 0, 0),
('PH07448GDS', '74 X 4 X 8', 'PLAAT HITAM', 'GDS', 'Lembar', 0, 0, 0, '0000-00-00', 0, 0, 0, 0),
('PH07548GDS', '75 X 4 X 8', 'PLAAT HITAM', 'GDS', 'Lembar', 1, 0, 0, '0000-00-00', 0, 0, 0, 0),
('PH07548KS', '75 X 4 X 8', 'PLAAT HITAM', 'KS', 'Lembar', 5, 0, 247, '0000-00-00', 13, 247, 0, 0),
('PH07648GDS', '76 X 4 X 8', 'PLAAT HITAM', 'GDS', 'Lembar', 0, 0, 133, '0000-00-00', 7, 133, 0, 0),
('PH07648KS', '76 X 4 X 8', 'PLAAT HITAM', 'KS', 'Lembar', 1, 0, 0, '0000-00-00', 0, 0, 0, 0),
('PH08048GDS', '80 X 4 X 8', 'PLAAT HITAM', 'GDS', 'Lembar', 3, 0, 247, '0000-00-00', 13, 247, 0, 0),
('PH08048KS', '80 X 4 X 8', 'PLAAT HITAM', 'KS', 'Lembar', 2, 0, 0, '0000-00-00', 0, 0, 0, 0),
('PH08548', '85 X 4 X 8', 'PLAAT HITAM', '', 'Lembar', 0, 0, 0, '0000-00-00', 0, 0, 0, 0),
('PH08548GDS', '85 X 4 X 8', 'PLAAT HITAM', 'GDS', 'Lembar', 2, 0, 0, '0000-00-00', 0, 0, 0, 0),
('PH08548KS', '85 X 4 X 8', 'PLAAT HITAM', 'KS', 'Lembar', 1, 0, 0, '0000-00-00', 0, 0, 0, 0),
('PH08848KS', '88 X 4 X 8', 'PLAAT HITAM', 'KS', 'Lembar', 1, 0, 0, '0000-00-00', 0, 0, 0, 0),
('PH08948GDS', '89 X 4 X 8', 'PLAAT HITAM', 'GDS', 'Lembar', 0, 0, 18, '0000-00-00', 1, 18, 0, 0),
('PH09048GDS', '90 X 4 X 8', 'PLAAT HITAM', 'GDS', 'Lembar', 0, 0, 108, '0000-00-00', 6, 108, 0, 0),
('PH09048KS', '90 X 4 X 8', 'PLAAT HITAM', 'KS', 'Lembar', 1, 0, 0, '0000-00-00', 0, 0, 0, 0),
('PH09348GDS', '93 X 4 X 8', 'PLAAT HITAM', 'GDS', 'Lembar', 0, 0, 18, '0000-00-00', 1, 18, 0, 0),
('PH10048GDS', '100 X 4 X 8', 'PLAAT HITAM', 'GDS', 'Lembar', 0, 0, 288, '0000-00-00', 16, 288, 0, 0),
('PH10048GG', '100 X 4 X 8', 'PLAAT HITAM', 'GG', 'Lembar', 0, 0, 0, '0000-00-00', 0, 0, 0, 0),
('PH11048GDS', '110 X 4 X 8', 'PLAAT HITAM', 'GDS', 'Lembar', 0, 0, 0, '0000-00-00', 0, 0, 0, 0),
('PH11548KS', '115 X 4 X 8', 'PLAAT HITAM', 'KS', 'Lembar', 0, 0, 0, '0000-00-00', 0, 0, 0, 0),
('PH15548KS', '155 X 4 X 8', 'PLAAT HITAM', 'KS', 'Lembar', 1, 0, 0, '0000-00-00', 0, 0, 0, 0),
('PK0036620LN', '3,6 X 6 X 20', 'PLAAT KAPAL', 'LN', 'Lembar', 0, 0, 25518, '0000-00-00', 514, 25518, 0, 0),
('PK004155060006100LN', '4x1550x6000/6100', 'PLAAT KAPAL', 'LN', 'Lembar', 0, 0, 0, '0000-00-00', 0, 0, 0, 0),
('PK00423520KS', '4,2-4,3 X 5 X 20', 'PLAAT KAPAL', 'KS', 'Lembar', 18, 0, 0, '0000-00-00', 0, 0, 0, 0),
('PK004520KS', '4 X 5 X 20', 'PLAAT KAPAL', 'KS', 'Lembar', 154, 0, 0, '0000-00-00', 0, 0, 0, 0),
('PK004520LNTD', '3,6 / 4 X 5 X 20', 'PLAAT KAPAL', 'LN TD', 'Lembar', 0, 0, 839, '0000-00-00', 20, 839, 0, 0),
('PK0045520KS', '4,4 / 4,5 X 5 X 20', 'PLAAT KAPAL', 'KS', 'Lembar', 121, 0, 0, '0000-00-00', 0, 0, 0, 0),
('PK0045520LN', '4,5/4,8 X 5 X 20', 'PLAAT KAPAL', 'LN', 'Lembar', 0, 0, 489, '0000-00-00', 76, 489, 0, 0),
('PK004556000GG', '4,5 X 5 X 6000', 'PLAAT KAPAL', 'GG', 'Lembar', 0, 0, 2752, '0000-00-00', 48, 2752, 0, 0),
('PK0045620LN', '4,5 X 6 X 20', 'PLAAT KAPAL', 'LN', 'Lembar', 1, 0, 50, '0000-00-00', 1, 50, 0, 0),
('PK005520KS', '4,8 / 5 X 5 X 20', 'PLAAT KAPAL', 'KS', 'Lembar', 0, 0, 3489, '0000-00-00', 57, 3489, 0, 0),
('PK00556000GG', '5 X 5 X 6000', 'PLAAT KAPAL', 'GG', 'Lembar', 0, 0, 9294, '0000-00-00', 163, 9294, 0, 0),
('PK005620KS', '5 X 6 X 20', 'PLAAT KAPAL', 'KS', 'Lembar', 184, 0, 5, '0000-00-00', 1, 5, 0, 0),
('PK005620LN', '5 X 6 X 20', 'PLAAT KAPAL', 'LN', 'Lembar', 0, 0, 0, '0000-00-00', 0, 0, 0, 0),
('PK0057520GG', '5,7 X 5 X 20', 'PLAAT KAPAL', 'GG', 'Lembar', 0, 0, 8, '0000-00-00', 2, 8, 0, 0),
('PK0057520TD', '5,7x5x20 / 5,7x1515x6000', 'PLAAT KAPAL', 'TD / LN', 'Lembar', 0, 0, 204, '0000-00-00', 6, 204, 0, 0),
('PK0057620KS', '5,7/ 6 X 6 X 20', 'PLAAT KAPAL', 'KS', 'Lembar', 399, 0, 518, '0000-00-00', 17, 518, 0, 0),
('PK0058520GG', '5,8 X 5 X 20', 'PLAAT KAPAL', 'GG', 'Lembar', 0, 0, 30, '0000-00-00', 10, 30, 0, 0),
('PK0058520KS', '5,7/ 5,8/ 6 X 5 X 20', 'PLAAT KAPAL', 'KS', 'Lembar', 153, 0, 2657, '0000-00-00', 180, 2657, 0, 0),
('PK0058520LNTNT', '5,8 X 5 X 20', 'PLAAT KAPAL', 'LN TNT', 'Lembar', 0, 0, 38, '0000-00-00', 1, 38, 0, 0),
('PK0058620KS', '5,8 X 6 X 20', 'PLAAT KAPAL', 'KS', 'Lembar', 284, 0, 60, '0000-00-00', 1, 60, 0, 0),
('PK006520BTI', '6 X 5 X 20', 'PLAAT KAPAL', 'BTI', 'Lembar', 0, 0, 10319, '0000-00-00', 166, 10319, 0, 0),
('PK006520GG', '6 X 5 X 20', 'PLAAT KAPAL', 'GG', 'Lembar', 15, 0, 848, '0000-00-00', 53, 848, 0, 0),
('PK006520KS', '6 X 5 X 20', 'PLAAT KAPAL', 'KS', 'Lembar', 85, 0, 1128, '0000-00-00', 70, 1128, 0, 0),
('PK006520LN', '6 X 5 X 20', 'PLAAT KAPAL', 'LN', 'Lembar', 236, 0, 0, '0000-00-00', 0, 0, 0, 0),
('PK00656000GG', '6 X 5 X 6000', 'PLAAT KAPAL', 'GG', 'Lembar', 0, 0, 844, '0000-00-00', 16, 844, 0, 0),
('PK006620KIAKS', '6 X 6 X 20', 'PLAAT KAPAL', 'KIAKS', 'Lembar', 0, 0, 0, '0000-00-00', 0, 0, 0, 0),
('PK006620KS', '6 X 6 X 20', 'PLAAT KAPAL', 'KS', 'Lembar', 0, 0, 0, '0000-00-00', 0, 0, 0, 0),
('PK006620LN', '6 X 6 X 20', 'PLAAT KAPAL', 'LN', 'Lembar', 0, 0, 5772, '0000-00-00', 92, 5772, 0, 0),
('PK007520GDS', '7 X 5 X 20', 'PLAAT KAPAL', 'GDS', 'Lembar', 0, 0, 380, '0000-00-00', 10, 380, 0, 0),
('PK007520JPS', '7 X 5 X 20', 'PLAAT KAPAL', 'JPS', 'Lembar', 16, 0, 1140, '0000-00-00', 30, 1140, 0, 0),
('PK007620GDS', '7 X 6 X 20', 'PLAAT KAPAL', 'GDS', 'Lembar', 0, 0, 100, '0000-00-00', 4, 100, 0, 0),
('PK0077520GG', '7,7 X 5 X 20', 'PLAAT KAPAL', 'GG-MANUNGGAL', 'Lembar', 0, 0, 0, '0000-00-00', 0, 0, 0, 0),
('PK0077520LNTNT', '7,7 X 5 X 20', 'PLAAT KAPAL', 'LN TNT', 'Lembar', 4, 0, 0, '0000-00-00', 0, 0, 0, 0),
('PK0077620KS', '7,8 X 6 X 20', 'PLAAT KAPAL', 'KS', 'Lembar', 657, 0, 0, '0000-00-00', 0, 0, 0, 0),
('PK00820007860GDS', '8 X 2000 X 7860', 'PLAAT KAPAL', 'GDS', 'Lembar', 0, 0, 0, '0000-00-00', 0, 0, 0, 0),
('PK008520GDS', '8 X 5 X 20', 'PLAAT KAPAL', 'GDS', 'Lembar', 7, 0, 2429, '0000-00-00', 24, 2429, 0, 0),
('PK008520JPS', '8 X 5 X 20', 'PLAAT KAPAL', 'JPS', 'Lembar', 166, 0, 34064, '0000-00-00', 632, 34064, 0, 0),
('PK008520KS', '7,8/ 8 X 5 X 20', 'PLAAT KAPAL', 'KS', 'Lembar', 34, 0, 9438, '0000-00-00', 146, 9438, 0, 0),
('PK008520TD', '8 X 5 X 20', 'PLAAT KAPAL', 'TD', 'Lembar', 0, 0, 30, '0000-00-00', 1, 30, 0, 0),
('PK008620BKIA', '8 X 6 X 20', 'PLAAT KAPAL', 'BKI-A', 'Lembar', 0, 0, 0, '0000-00-00', 0, 0, 0, 0),
('PK008620GS', '8 X 6 X 20', 'PLAAT KAPAL', 'GDS', 'Lembar', 28, 0, 1261, '0000-00-00', 42, 1261, 0, 0),
('PK008620KIAKS', '8 X 6 X 20', 'PLAAT KAPAL', 'KIAKS', 'Lembar', 0, 0, 0, '0000-00-00', 0, 0, 0, 0),
('PK008620KS', '8 X 6 X 20', 'PLAAT KAPAL', 'KS', 'Lembar', 0, 0, 0, '0000-00-00', 0, 0, 0, 0),
('PK008620LN', '8 X 6 X 20', 'PLAAT KAPAL', 'LN', 'Lembar', 0, 0, 0, '0000-00-00', 0, 0, 0, 0),
('PK0087520KS', '8,7 X 5 X 20', 'PLAAT KAPAL', 'KS', 'Lembar', 0, 0, 0, '0000-00-00', 0, 0, 0, 0),
('PK009520GDS', '9 X 5 X 20', 'PLAAT KAPAL', 'GDS-SS 400', 'Lembar', 93, 0, 11392, '0000-00-00', 184, 11392, 0, 0),
('PK009520JPS', '9 X 5 X 20', 'PLAAT KAPAL', 'JPS', 'Lembar', 198, 0, 25060, '0000-00-00', 414, 25060, 0, 0),
('PK009520KS', '9 X 5 X 20', 'PLAAT KAPAL', 'KS', 'Lembar', 2, 0, 806, '0000-00-00', 13, 806, 0, 0),
('PK009620GDS', '9 X 6 X 20', 'PLAAT KAPAL', 'GDS', 'Lembar', 7, 0, 100, '0000-00-00', 4, 100, 0, 0),
('PK009620GG', '9 X 6 X 20', 'PLAAT KAPAL', 'GG', 'Lembar', 1, 0, 0, '0000-00-00', 0, 0, 0, 0),
('PK009620KS', '9 X 6 X 20', 'PLAAT KAPAL', 'KS', 'Lembar', 50, 0, 4527, '0000-00-00', 90, 4527, 0, 0),
('PK0097520LNTNT', '9,7 X 5 X 20', 'PLAAT KAPAL', 'LN TNT', 'Lembar', 30, 0, 0, '0000-00-00', 0, 0, 0, 0),
('PK0098520KS', '9,8 X 5 X 20', 'PLAAT KAPAL', 'KS', 'Lembar', 23, 0, 0, '0000-00-00', 0, 0, 0, 0),
('PK01015006000JPS', '10 X 1500 X 6000', 'PLAAT KAPAL', 'JPS', 'Lembar', 0, 0, 0, '0000-00-00', 0, 0, 0, 0),
('PK010520BKI', '10 X 5 X 20', 'PLAAT KAPAL', 'BKI-A', 'Lembar', 0, 0, 0, '0000-00-00', 0, 0, 0, 0),
('PK010520GDS', '10 X 5 X 20', 'PLAAT KAPAL', 'GDS', 'Lembar', 6, 0, 283, '0000-00-00', 5, 283, 0, 0),
('PK010520JPS', '10 X 5 X 20', 'PLAAT KAPAL', 'JPS', 'Lembar', 144, 0, 32412, '0000-00-00', 590, 32412, 0, 0),
('PK010520KS', '10 X 5 X 20', 'PLAAT KAPAL', 'KS', 'Lembar', 5, 0, 12297, '0000-00-00', 198, 12297, 0, 0),
('PK010520LN', '10 X 5 X 20', 'PLAAT KAPAL', 'LNBMKU', 'Lembar', 0, 0, 0, '0000-00-00', 0, 0, 0, 0),
('PK010520TD', '10 X 5 X 20', 'PLAAT KAPAL', 'TD', 'Lembar', 1, 0, 30, '0000-00-00', 1, 30, 0, 0),
('PK010620BKIA', '10 X 6 X 20', 'PLAAT KAPAL', 'BKI-A', 'Lembar', 0, 0, 0, '0000-00-00', 0, 0, 0, 0),
('PK010620GD', '10 X 6 X 20', 'PLAAT KAPAL', 'GDS', 'Lembar', 0, 0, 16, '0000-00-00', 2, 16, 0, 0),
('PK010620GDSRIJEK', '10 X 6 X 20', 'PLAAT KAPAL', 'GDS-RIJEK', 'Lembar', 3, 0, 9, '0000-00-00', 3, 9, 0, 0),
('PK010620GG', '10 X 6 X 20', 'PLAAT KAPAL', 'GG', 'Lembar', 0, 0, 0, '0000-00-00', 0, 0, 0, 0),
('PK010620KS', '10 (9,8) X 6 X 20', 'PLAAT KAPAL', 'KS', 'Lembar', 251, 0, 0, '0000-00-00', 0, 0, 0, 0),
('PK010620LN', '10 X 6 X 20', 'PLAAT KAPAL', 'LN', 'Lembar', 0, 0, 0, '0000-00-00', 0, 0, 0, 0),
('PK011520GDS', '11 X 5 X 20', 'PLAAT KAPAL', 'GDS', 'Lembar', 5, 0, 6, '0000-00-00', 1, 6, 0, 0),
('PK011520JPS', '11 X 5 X 20', 'PLAAT KAPAL', 'JPS', 'Lembar', 27, 0, 739, '0000-00-00', 16, 739, 0, 0),
('PK011520TD', '11 X 5 X 20', 'PLAAT KAPAL', 'TD', 'Lembar', 0, 0, 60, '0000-00-00', 2, 60, 0, 0),
('PK0115620KS', '11,5 X 6 X 20', 'PLAAT KAPAL', 'KS', 'Lembar', 0, 0, 0, '0000-00-00', 0, 0, 0, 0),
('PK011620GDS', '11 X 6 X 20', 'PLAAT KAPAL', 'GDS', 'Lembar', 0, 0, 444, '0000-00-00', 2, 444, 0, 0),
('PK012520GDS', '12 X 5 X 20', 'PLAAT KAPAL', 'GDS', 'Lembar', 0, 0, 2126, '0000-00-00', 45, 2126, 0, 0),
('PK012520JPS', '12 X 5 X 20', 'PLAAT KAPAL', 'JPS', 'Lembar', 101, 0, 18074, '0000-00-00', 281, 18074, 0, 0),
('PK012520KS', '12 X 5 X 20', 'PLAAT KAPAL', 'KS', 'Lembar', 56, 0, 6700, '0000-00-00', 105, 6700, 0, 0),
('PK01256000', '12 X 5 X 6000', 'PLAAT KAPAL', 'TD', 'Lembar', 0, 0, 413, '0000-00-00', 5, 413, 0, 0),
('PK012620GDS', '12 X 6 X 20', 'PLAAT KAPAL', 'GDS', 'Lembar', 4, 0, 6670, '0000-00-00', 182, 6670, 0, 0),
('PK012620GG', '12 X 6 X 20', 'PLAAT KAPAL', 'GG', 'Lembar', 0, 0, 0, '0000-00-00', 0, 0, 0, 0),
('PK012620KS', '12 X 6 X 20', 'PLAAT KAPAL', 'KS', 'Lembar', 236, 0, 100, '0000-00-00', 2, 100, 0, 0),
('PK012620LN', '12 X 6 X 20', 'PLAAT KAPAL', 'LN', 'Lembar', 0, 0, 2, '0000-00-00', 1, 2, 0, 0),
('PK013520JPS', '13 X 5 X 20', 'PLAAT KAPAL', 'JPS', 'Lembar', 36, 0, 226, '0000-00-00', 4, 226, 0, 0),
('PK013520JPSTD', '13 X 5 X 20', 'PLAAT KAPAL', 'JPS-EX SAPTA', 'Lembar', 12, 0, 0, '0000-00-00', 0, 0, 0, 0),
('PK013520TD', '13 X 5 X 20', 'PLAAT KAPAL', 'TD', 'Lembar', 3, 0, 90, '0000-00-00', 3, 90, 0, 0),
('PK013620GDS', '13 X 6 X 20', 'PLAAT KAPAL', 'GDS', 'Lembar', 2, 0, 61, '0000-00-00', 1, 61, 0, 0),
('PK014520GDS', '14 X 5 X 20', 'PLAAT KAPAL', 'GDS', 'Lembar', 10, 0, 108, '0000-00-00', 3, 108, 0, 0),
('PK014520JPS', '14 X 5 X 20', 'PLAAT KAPAL', 'JPS', 'Lembar', 6, 0, 146, '0000-00-00', 2, 146, 0, 0),
('PK014620GDS', '14 X 6 X 20', 'PLAAT KAPAL', 'GDS', 'Lembar', 0, 0, 48, '0000-00-00', 2, 48, 0, 0),
('PK014620GG', '14 X 6 X 20', 'PLAAT KAPAL', 'GG', 'Lembar', 1, 0, 0, '0000-00-00', 0, 0, 0, 0),
('PK014620KS', '14 X 6 X 20', 'PLAAT KAPAL', 'KS', 'Lembar', 0, 0, 0, '0000-00-00', 0, 0, 0, 0),
('PK015520GDS', '15 X 5 X 20', 'PLAAT KAPAL', 'GDS', 'Lembar', 7, 0, 0, '0000-00-00', 0, 0, 0, 0),
('PK015520JPS', '15 X 5 X 20', 'PLAAT KAPAL', 'JPS', 'Lembar', 151, 0, 7878, '0000-00-00', 129, 7878, 0, 0),
('PK015520LN', '15 X 5 X 20', 'PLAAT KAPAL', 'LN', 'Lembar', 13, 0, 926, '0000-00-00', 14, 926, 0, 0),
('PK015620', '15 X 6 X 20', 'PLAAT KAPAL', 'GG', 'Lembar', 0, 0, 166, '0000-00-00', 2, 166, 0, 0),
('PK015620GDS', '15 X 6 X 20', 'PLAAT KAPAL', 'GDS', 'Lembar', 0, 0, 683, '0000-00-00', 18, 683, 0, 0),
('PK015620LN', '15 X 6 X 20', 'PLAAT KAPAL', 'LN', 'Lembar', 28, 0, 0, '0000-00-00', 0, 0, 0, 0),
('PK016520GDS', '16x5x20 /2Lbr PENYOK', 'PLAAT KAPAL', 'GDS', 'Lembar', 13, 0, 2744, '0000-00-00', 76, 2744, 0, 0),
('PK016520JPS', '16 X 5 X 20', 'PLAAT KAPAL', 'JPS', 'Lembar', 269, 0, 10230, '0000-00-00', 317, 10230, 0, 0),
('PK016520KS', '16 X 5 X 20', 'PLAAT KAPAL', 'KS', 'Lembar', 1, 0, 0, '0000-00-00', 0, 0, 0, 0),
('PK016620GDS', '16 X 6 X 20', 'PLAAT KAPAL', 'GDS', 'Lembar', 0, 0, 1251, '0000-00-00', 25, 1251, 0, 0),
('PK016620LN', '16 X 6 X 20', 'PLAAT KAPAL', 'LN', 'Lembar', 15, 0, 0, '0000-00-00', 0, 0, 0, 0),
('PK017520SBY', '17 X 5 X 20', 'PLAAT KAPAL', 'SBY', 'Lembar', 30, 0, 144, '0000-00-00', 4, 144, 0, 0),
('PK01756000JPS', '17 X 5 X 6000', 'PLAAT KAPAL', 'JPS', 'Lembar', 5, 0, 0, '0000-00-00', 0, 0, 0, 0),
('PK017620GDS', '17 X 6 X 20', 'PLAAT KAPAL', 'GDS', 'Lembar', 0, 0, 0, '0000-00-00', 0, 0, 0, 0),
('PK018520SBY', '18 X 5 X 20', 'PLAAT KAPAL', 'JPS', 'Lembar', 54, 0, 64, '0000-00-00', 2, 64, 0, 0),
('PK018620GDS', '18 X 6 X 20', 'PLAAT KAPAL', 'GDS', 'Lembar', 4, 0, 0, '0000-00-00', 0, 0, 0, 0),
('PK019520GDS', '19 X 5 X 20', 'PLAAT KAPAL', 'GDS', 'Lembar', 2, 0, 0, '0000-00-00', 0, 0, 0, 0),
('PK019520JPS', '19 X 5 X 20', 'PLAAT KAPAL', 'JPS', 'Lembar', 95, 0, 5867, '0000-00-00', 170, 5867, 0, 0),
('PK019620GDS', '19 X 6 X 20', 'PLAAT KAPAL', 'GDS', 'Lembar', 17, 0, 772, '0000-00-00', 16, 772, 0, 0),
('PK020520GDS', '20 X 5 X 20', 'PLAAT KAPAL', 'GDS', 'Lembar', 5, 0, 0, '0000-00-00', 0, 0, 0, 0),
('PK020520JPS', '20 X 5 X 20', 'PLAAT KAPAL', 'JPS', 'Lembar', 18, 0, 5423, '0000-00-00', 151, 5423, 0, 0),
('PK02056000JP', '20 X 5 (1500) X 6000', 'PLAAT KAPAL', 'JPS', 'Lembar', 0, 0, 0, '0000-00-00', 0, 0, 0, 0),
('PK020620GDS', '20 X 6 X 20', 'PLAAT KAPAL', 'GDS', 'Lembar', 1, 0, 450, '0000-00-00', 9, 450, 0, 0),
('PK021520GDS', '21 X 5 X 20', 'PLAAT KAPAL', 'GDS', 'Lembar', 1, 0, 0, '0000-00-00', 0, 0, 0, 0),
('PK021520JPS', '21 X 5 X 20', 'PLAAT KAPAL', 'JPS', 'Lembar', 1, 0, 3, '0000-00-00', 1, 3, 0, 0),
('PK022520GDS', '22 X 5 X 20', 'PLAAT KAPAL', 'GDS', 'Lembar', 2, 0, 1333, '0000-00-00', 54, 1333, 0, 0),
('PK022520JPS', '22 X 5 X 20', 'PLAAT KAPAL', 'JPS', 'Lembar', 0, 0, 47, '0000-00-00', 3, 47, 0, 0),
('PK022520LN', '22 X 5 X 20', 'PLAAT KAPAL', 'LN', 'Lembar', 2, 0, 0, '0000-00-00', 0, 0, 0, 0),
('PK022620GDS', '22 X 6 X 20', 'PLAAT KAPAL', 'GDS', 'Lembar', 1, 0, 0, '0000-00-00', 0, 0, 0, 0),
('PK024620GDS', '24 X 6 X 20', 'PLAAT KAPAL', 'GDS', 'Lembar', 1, 0, 0, '0000-00-00', 0, 0, 0, 0),
('PK02548JPS', '25 X 4 X 8', 'PLAAT KAPAL', 'JPS', 'Lembar', 42, 0, 0, '0000-00-00', 0, 0, 0, 0),
('PK025520GDS', '25 X 5 X 20', 'PLAAT KAPAL', 'GDS', 'Lembar', 6, 0, 489, '0000-00-00', 33, 489, 0, 0),
('PK025520GG', '25 X 5 X 20', 'PLAAT KAPAL', 'GG', 'Lembar', 0, 0, 694, '0000-00-00', 26, 694, 0, 0),
('PK025520KS', '25 X 5 X 20', 'PLAAT KAPAL', 'KS', 'Lembar', 0, 0, 0, '0000-00-00', 0, 0, 0, 0),
('PK025620GDS', '25 X 6 X 20', 'PLAAT KAPAL', 'GDS', 'Lembar', 10, 0, 1642, '0000-00-00', 33, 1642, 0, 0),
('PK025620GG', '25 X 6 X 20', 'PLAAT KAPAL', 'GG', 'Lembar', 0, 0, 0, '0000-00-00', 0, 0, 0, 0),
('PK02648JPS', '26 X 4 X 8', 'PLAAT KAPAL', 'JPS', 'Lembar', 3, 0, 0, '0000-00-00', 0, 0, 0, 0),
('PK026520GDS', '26 X 5 X 20', 'PLAAT KAPAL', 'GDS', 'Lembar', 1, 0, 0, '0000-00-00', 0, 0, 0, 0),
('PK026520GG', '26 X 5 X 20', 'PLAAT KAPAL', 'GG', 'Lembar', 8, 0, 0, '0000-00-00', 0, 0, 0, 0),
('PK027620GDS', '27 X 6 X 20', 'PLAAT KAPAL', 'GDS', 'Lembar', 0, 0, 0, '0000-00-00', 0, 0, 0, 0),
('PK028520GDS', '28 X 5 X 20', 'PLAAT KAPAL', 'GDS', 'Lembar', 15, 0, 0, '0000-00-00', 0, 0, 0, 0),
('PK028520GG', '28 X 5 X 20', 'PLAAT KAPAL', 'GG', 'Lembar', 0, 0, 0, '0000-00-00', 0, 0, 0, 0),
('PK028620GDS', '28 X 6 X 20', 'PLAAT KAPAL', 'GDS', 'Lembar', 0, 0, 700, '0000-00-00', 14, 700, 0, 0),
('PK029620GDS', '29 X 6 X 20', 'PLAAT KAPAL', 'GDS', 'Lembar', 2, 0, 0, '0000-00-00', 0, 0, 0, 0),
('PK030520GDS', '30 X 5 X 20', 'PLAAT KAPAL', 'GDS', 'Lembar', 8, 0, 213, '0000-00-00', 5, 213, 0, 0),
('PK030520GG', '30 X 5 X 20', 'PLAAT KAPAL', 'GG', 'Lembar', 0, 0, 0, '0000-00-00', 0, 0, 0, 0),
('PK030520LN', '30 X 5 X 20', 'PLAAT KAPAL', 'LN', 'Lembar', 0, 0, 646, '0000-00-00', 17, 646, 0, 0),
('PK030620GDS', '30 X 6 X 20', 'PLAAT KAPAL', 'GDS', 'Lembar', 0, 0, 810, '0000-00-00', 6, 810, 0, 0),
('PK032520GDS', '32 X 5 X 20', 'PLAAT KAPAL', 'GDS', 'Lembar', 1, 0, 396, '0000-00-00', 2, 396, 0, 0),
('PK032620GDS', '32 X 6 X 20', 'PLAAT KAPAL', 'GDS', 'Lembar', 0, 0, 100, '0000-00-00', 2, 100, 0, 0),
('PK035520GDS', '35 X 5 X 20', 'PLAAT KAPAL', 'GDS', 'Lembar', 0, 0, 0, '0000-00-00', 0, 0, 0, 0),
('PK035620GDS', '35 X 6 X 20', 'PLAAT KAPAL', 'GDS', 'Lembar', 0, 0, 0, '0000-00-00', 0, 0, 0, 0),
('PK036620GDS', '35 / 36 X 6 X 20', 'PLAAT KAPAL', 'GDS', 'Lembar', 0, 0, 0, '0000-00-00', 0, 0, 0, 0),
('PK038520GDS', '38 X 5 X 20', 'PLAAT KAPAL', 'GDS', 'Lembar', 2, 0, 106, '0000-00-00', 3, 106, 0, 0),
('PK038620GDS', '38 X 6 X 20', 'PLAAT KAPAL', 'GDS', 'Lembar', 6, 0, 1450, '0000-00-00', 29, 1450, 0, 0),
('PK040520SBY', '40 X 5 X 20', 'PLAAT KAPAL', 'SBY', 'Lembar', 3, 0, 448, '0000-00-00', 14, 448, 0, 0),
('PK040620GD', '40 X 6 X 20', 'PLAAT KAPAL', 'GDS', 'Lembar', 0, 0, 224, '0000-00-00', 7, 224, 0, 0),
('PK043620GDS', '43 X 6 X 20', 'PLAAT KAPAL', 'GDS', 'Lembar', 1, 0, 0, '0000-00-00', 0, 0, 0, 0),
('PK044620GDS', '44 X 6 X 20', 'PLAAT KAPAL', 'GDS', 'Lembar', 2, 0, 0, '0000-00-00', 0, 0, 0, 0),
('PK045520GDS', '45 X 5 X 20', 'PLAAT KAPAL', 'GDS', 'Lembar', 0, 0, 0, '0000-00-00', 0, 0, 0, 0),
('PK045620GD', '45 X 6 X 20', 'PLAAT KAPAL', 'GDS', 'Lembar', 0, 0, 440, '0000-00-00', 11, 440, 0, 0),
('PK050520', '50 X 5 X 20', 'PLAAT KAPAL', '', 'Lembar', 0, 0, 0, '0000-00-00', 0, 0, 0, 0),
('PK050520GDS', '50 X 5 X 20', 'PLAAT KAPAL', 'GDS', 'Lembar', 0, 0, 0, '0000-00-00', 0, 0, 0, 0),
('PK050520GG', '50 X 5 X 20', 'PLAAT KAPAL', 'GG', 'Lembar', 0, 0, 0, '0000-00-00', 0, 0, 0, 0),
('PK050620GDS', '50 X 6 X 20', 'PLAAT KAPAL', 'GDS', 'Lembar', 0, 0, 0, '0000-00-00', 0, 0, 0, 0),
('PK055520GDS', '55 X 5 X 20', 'PLAAT KAPAL', 'GDS', 'Lembar', 0, 0, 439, '0000-00-00', 12, 439, 0, 0),
('PK060520GDS', '60 X 5 X 20', 'PLAAT KAPAL', 'GDS', 'Lembar', 0, 0, 0, '0000-00-00', 0, 0, 0, 0),
('PK065520GDS', '65 X 5 X 20', 'PLAAT KAPAL', 'GDS', 'Lembar', 0, 0, 32, '0000-00-00', 1, 32, 0, 0),
('PK070520GDS', '70 X 5 X 20', 'PLAAT KAPAL', 'GDS', 'Lembar', 0, 0, 0, '0000-00-00', 0, 0, 0, 0),
('PK070620GDS', '70 X 6 X 20', 'PLAAT KAPAL', 'GDS', 'Lembar', 0, 0, 0, '0000-00-00', 0, 0, 0, 0),
('PK071520GDS', '71 X 5 X 20', 'PLAAT KAPAL', 'GDS', 'Lembar', 1, 0, 0, '0000-00-00', 0, 0, 0, 0),
('PK080620GDS', '80 X 6 X 20', 'PLAAT KAPAL', 'GDS', 'Lembar', 0, 0, 0, '0000-00-00', 0, 0, 0, 0),
('PK088520GDS', '88 X 5 X 20', 'PLAAT KAPAL', 'GDS', 'Lembar', 1, 0, 0, '0000-00-00', 0, 0, 0, 0),
('PK100520GDS', '100 X 5 X 20', 'PLAAT KAPAL', 'GDS', 'Lembar', 0, 0, 0, '0000-00-00', 0, 0, 0, 0),
('PLTPTH001548', '1,5 X 4 X 8', 'PLAAT PUTIH', '', 'Lembar', 0, 0, 0, '0000-00-00', 0, 0, 0, 0),
('PNS00648GG', '6 X 4 X 8', 'PLAAT NS', 'GG/BAJA INDO', 'Lembar', 0, 0, 0, '0000-00-00', 0, 0, 0, 0),
('PNS016150170', '3 X 1215 X 2180', 'PLAAT NS', 'KS', 'Lembar', 1, 0, 21, '0000-00-00', 1, 21, 0, 0),
('PNSSIPOHITAM', '9x1210x 815/ 1625/ 1720/', 'PLAAT NS-HITAM', '2172', 'Lembar', 4, 0, 328, '0000-00-00', 62, 328, 0, 0),
('PNSSIPOPUTIH', '', 'PLAAT NS-PUTIH', 'SIPO', 'Lembar', 0, 0, 0, '0000-00-00', 0, 0, 0, 0),
('PNSSTRIP', '', 'PLAAT NS-STRIP', 'SIPO', 'Batang', 0, 0, 132, '0000-00-00', 6, 132, 0, 0),
('PPH000126SCH40', '1/2" X 6', 'PIPA HITAM', 'SCH40', 'Batang', 0, 0, 0, '0000-00-00', 0, 0, 0, 0),
('PPH0001426', '1/4" (2) X 6', 'PIPA HITAM', '', 'Batang', 0, 0, 0, '0000-00-00', 0, 0, 0, 0),
('PPH000346', '3/4" (1''8) X 6', 'PIPA HITAM', '', 'Batang', 0, 0, 0, '0000-00-00', 0, 0, 0, 0),
('PPH00112326', '1 1/2" (3''2/3''5) X 6', 'PIPA HITAM', '', 'Batang', 44, 0, 0, '0000-00-00', 0, 0, 0, 0),
('PPH001123546S', '1 1/2" (3''5/4) X 6', 'PIPA HITAM', 'SEAM LESS', 'Batang', 0, 0, 13310, '0000-00-00', 490, 13310, 0, 0),
('PPH00112556', '1 1/2" ( 5''5 ) X 6', 'PIPA HITAM', 'SEAMLESS', 'Batang', 0, 0, 0, '0000-00-00', 0, 0, 0, 0),
('PPH001126', '1 1/2" (2''5/2''7) X 6', 'PIPA HITAM', 'SCH80-SEAM LESS', 'Batang', 2, 0, 79, '0000-00-00', 8, 79, 0, 0),
('PPH0011276', '1 1/2" (7) X 6', 'PIPA HITAM', 'SCH80-SEAM LESS', 'Batang', 40, 0, 288, '0000-00-00', 48, 288, 0, 0),
('PPH00114286', '1 1/4" (2''8) X 6', 'PIPA HITAM', '', 'Batang', 59, 0, 0, '0000-00-00', 0, 0, 0, 0),
('PPH00114353746S', '1 1/4" (3''5/3''7/4) X 6', 'PIPA HITAM', 'SEAM LESS', 'Batang', 0, 0, 42290, '0000-00-00', 1686, 42290, 0, 0),
('PPH0011436', '1 1/4" (3) X 6', 'PIPA HITAM', '', 'Batang', 0, 0, 2784, '0000-00-00', 96, 2784, 0, 0),
('PPH0011446STD', '1 1/4" (4) X 6 SEAM L', 'PIPA HITAM', 'KARAT', 'Batang', 20, 0, 20, '0000-00-00', 20, 20, 0, 0),
('PPH00114556', '1 1/4" (5''5) X 6', 'PIPA HITAM', 'SCH80-SEAM LESS', 'Batang', 0, 0, 271, '0000-00-00', 17, 271, 0, 0),
('PPH00126', '1" (1''8/2)  X 6', 'PIPA HITAM', '', 'Batang', 79, 0, 132, '0000-00-00', 6, 132, 0, 0),
('PPH001286', '1" (2''6 / 2''8) X 6', 'PIPA HITAM', '', 'Batang', 0, 0, 28, '0000-00-00', 4, 28, 0, 0),
('PPH00134486S', '1 3/4" (4''8) X 6', 'PIPA HITAM', 'SEAM LESS', 'Batang', 12, 0, 348, '0000-00-00', 12, 348, 0, 0),
('PPH00135386S', '1" (3''5/3''8) X 6', 'PIPA HITAM', 'SEAM LESS', 'Batang', 125, 0, 53724, '0000-00-00', 2036, 53724, 0, 0),
('PPH001356W', '1" (3''5) X 6', 'PIPA HITAM', 'WELDED', 'Batang', 0, 0, 119, '0000-00-00', 7, 119, 0, 0),
('PPH00136', '1" (3) X 6', 'PIPA HITAM', '', 'Batang', 9, 0, 0, '0000-00-00', 0, 0, 0, 0),
('PPH001456', '1" (4''5) X 6', 'PIPA HITAM', '', 'Batang', 20, 0, 783, '0000-00-00', 27, 783, 0, 0),
('PPH0016', '1" X 6', 'PIPA HITAM', 'SCH40', 'Batang', 0, 0, 0, '0000-00-00', 0, 0, 0, 0),
('PPH00212256', '2 1/2" (2''5) X 6', 'PIPA HITAM', '', 'Batang', 152, 0, 11774, '0000-00-00', 406, 11774, 0, 0),
('PPH00212326', '2 1/2" (3''2) X 6', 'PIPA HITAM', '', 'Batang', 0, 0, 0, '0000-00-00', 0, 0, 0, 0),
('PPH0021235366', '2 1/2" (3''5/3''6) X 6', 'PIPA HITAM', 'WELDED', 'Batang', 52, 0, 7676, '0000-00-00', 358, 7676, 0, 0),
('PPH00212456', '2 1/2" (4''5) X 6', 'PIPA HITAM', 'SCH40-WELDED', 'Batang', 61, 0, 0, '0000-00-00', 0, 0, 0, 0),
('PPH002125526SSCH40', '2 1/2" (5/5''2) X 6', 'PIPA HITAM', 'SEAM LESS SCH40', 'Batang', 0, 0, 23768, '0000-00-00', 793, 23768, 0, 0),
('PPH002125866W', '2 1/2" (5''8/6) X 6', 'PIPA HITAM', 'WELDED', 'Batang', 4, 0, 168, '0000-00-00', 6, 168, 0, 0),
('PPH0021266SSCH80', '2 1/2" (6) X 6', 'PIPA HITAM', 'SEAM LESS SCH80', 'Batang', 1, 0, 8149, '0000-00-00', 281, 8149, 0, 0),
('PPH00226', '2" (2) X 6', 'PIPA HITAM', 'MEDIUM-SUMBER HASIL', 'Batang', 409, 0, 0, '0000-00-00', 0, 0, 0, 0),
('PPH002286', '2" (2''5 /2''8 / 3) X 6', 'PIPA HITAM', '', 'Batang', 118, 0, 0, '0000-00-00', 0, 0, 0, 0),
('PPH00246W', '2" (3''5/3''6/4) X 6', 'PIPA HITAM', 'WELDED', 'Batang', 281, 0, 1480, '0000-00-00', 56, 1480, 0, 0),
('PPH00266S', '2" (6) X 6', 'PIPA HITAM', 'SEAM LESS', 'Batang', 0, 0, 16815, '0000-00-00', 610, 16815, 0, 0),
('PPH00312356S', '3 1/2" (3''5) X 6', 'PIPA HITAM', 'SEAM LESS', 'Batang', 25, 0, 713, '0000-00-00', 25, 713, 0, 0),
('PPH003286', '3" (2''5 / 2''8) X 6', 'PIPA HITAM', '', 'Batang', 110, 0, 0, '0000-00-00', 0, 0, 0, 0),
('PPH003456W', '3" (4''5 / 5) X 6', 'PIPA HITAM', 'WELDED', 'Batang', 218, 0, 848, '0000-00-00', 62, 848, 0, 0),
('PPH00366SSCH40', '3" (6) X 6', 'PIPA HITAM', 'SEAM LESS SCH40', 'Batang', 0, 0, 11595, '0000-00-00', 390, 11595, 0, 0);
INSERT INTO `barang` (`Kode`, `Ukuran`, `Nama`, `Nama2`, `Satuan1`, `Qty1`, `QtyOp`, `QtyGudang`, `Tgl_Saw`, `Saw`, `SawGudang`, `Harga_Beli`, `Harga_Jual`) VALUES
('PPH0036776S', '3" (6''7/7) X 6', 'PIPA HITAM', 'SEAM LESS', 'Batang', 5, 0, 1281, '0000-00-00', 57, 1281, 0, 0),
('PPH004236', '4" (2''3) X 6', 'PIPA HITAM', '', 'Batang', 224, 0, 10332, '0000-00-00', 369, 10332, 0, 0),
('PPH004296', '4" (2''5/2''8/2''9) X 6', 'PIPA HITAM', '', 'Batang', 182, 0, 21, '0000-00-00', 1, 21, 0, 0),
('PPH004386', '4" (3''8) X 6', 'PIPA HITAM', '', 'Batang', 0, 0, 166, '0000-00-00', 8, 166, 0, 0),
('PPH004456', '4" (4''5) X 6', 'PIPA HITAM', 'WELDED', 'Batang', 1, 0, 148, '0000-00-00', 16, 148, 0, 0),
('PPH004566W', '4" (5/6) X 6', 'PIPA HITAM', 'WELDED', 'Batang', 103, 0, 0, '0000-00-00', 0, 0, 0, 0),
('PPH00466SSCH40', '4" (5''5/6) X 6', 'PIPA HITAM', 'SEAM LESS SCH40', 'Batang', 6, 0, 9093, '0000-00-00', 445, 9093, 0, 0),
('PPH0049106SSCH80', '4" (9/10) X 6', 'PIPA HITAM', 'SEAM LESS SCH80', 'Batang', 0, 0, 5342, '0000-00-00', 255, 5342, 0, 0),
('PPH005384576S', '5" (3''8/4) X 5,7/6', 'PIPA HITAM', 'SEAM LESS', 'Batang', 0, 0, 5153, '0000-00-00', 292, 5153, 0, 0),
('PPH005656', '5" (6''5) X 6', 'PIPA HITAM', 'SEAM LESS', 'Batang', 0, 0, 7, '0000-00-00', 1, 7, 0, 0),
('PPH0059106SSCH80', '5" (9/10) X 6', 'PIPA HITAM', 'SEAM LESS SCH80', 'Batang', 0, 0, 955, '0000-00-00', 47, 955, 0, 0),
('PPH006366', '6" (3''6) X 6', 'PIPA HITAM', '', 'Batang', 0, 0, 304, '0000-00-00', 8, 304, 0, 0),
('PPH0064855S', '6" (4''8) X 5,5', 'PIPA HITAM', 'SEAM LESS', 'Batang', 35, 0, 840, '0000-00-00', 40, 840, 0, 0),
('PPH006486G', '6" (4''8) X 6', 'PIPA HITAM', 'GALVANIZED', 'Batang', 3, 0, 84, '0000-00-00', 4, 84, 0, 0),
('PPH0066S', '6"  X 6', 'PIPA HITAM', 'SEAM LESS-SCH80', 'Batang', 0, 0, 32, '0000-00-00', 2, 32, 0, 0),
('PPH00671746S', '6" (7''1/7''4) X 6', 'PIPA HITAM', 'SEAM LESS-SCH40', 'Batang', 0, 0, 113, '0000-00-00', 6, 113, 0, 0),
('PPH0071057', '7" (10) X 5,7', 'PIPA HITAM', '', 'Batang', 1, 0, 21, '0000-00-00', 1, 21, 0, 0),
('PPH007586S', '7" (5''8) X 6', 'PIPA HITAM', 'SEAM LESS', 'Batang', 0, 0, 84, '0000-00-00', 4, 84, 0, 0),
('PPH0081256', '8" (12''5) X 6', 'PIPA HITAM', '', 'Batang', 0, 0, 0, '0000-00-00', 0, 0, 0, 0),
('PPH00856S', '8" (5) X 6', 'PIPA HITAM', 'WEL DED', 'Batang', 0, 0, 117, '0000-00-00', 5, 117, 0, 0),
('PPH00866S', '8" (6) X 6', 'PIPA HITAM', 'SEAM LESS', 'Batang', 0, 0, 54, '0000-00-00', 2, 54, 0, 0),
('PPH00886', '8" (8) X 6', 'PIPA HITAM', '', 'Batang', 3, 0, 60, '0000-00-00', 4, 60, 0, 0),
('PPH01056', '10" (5 s/d 10) X 6', 'PIPA HITAM', 'BAKRIE', 'Batang', 0, 0, 13, '0000-00-00', 1, 13, 0, 0),
('PPH012106', '12" (10) X 6', 'PIPA HITAM', '', 'Batang', 0, 0, 10, '0000-00-00', 1, 10, 0, 0),
('PPH014136S', '14" (13) X 6', 'PIPA HITAM', 'SEAM LESS', 'Batang', 1, 0, 21, '0000-00-00', 1, 21, 0, 0),
('PPH01417808', '14" (17) X 808', 'PIPA HITAM', '', 'Batang', 2, 0, 42, '0000-00-00', 2, 42, 0, 0),
('PPHRIJEK', 'UKURAN CAMPUR', 'PIPA RIJEK', '', 'Batang', 0, 0, 296, '0000-00-00', 37, 296, 0, 0),
('PPMD0026', '2" @6M', 'PIPA MEDIUM', '', 'Batang', 0, 0, 0, '0000-00-00', 0, 0, 0, 0),
('PPMD00446', '4" (4) @6M', 'PIPA MEDIUM', '', 'Batang', 0, 0, 420, '0000-00-00', 8, 420, 0, 0),
('PPPTH0001226G', '1/2" (2)  @6M', 'PIPA PUTIH', 'GALVANIZED', 'Batang', 0, 0, 0, '0000-00-00', 0, 0, 0, 0),
('PPPTH0003426', '3/4" (2) @6M', 'PIPA PUTIH', 'GALVANIZED', 'Batang', 0, 0, 0, '0000-00-00', 0, 0, 0, 0),
('PPPTH0011236', '1 1/2" (3) @6M', 'PIPA PUTIH (GALVANIZED)', 'DRAT / TP DRAT', 'Batang', 0, 0, 2, '0000-00-00', 2, 2, 0, 0),
('PPPTH001256', '1" (2''5/2''8/3) @6M', 'PIPA PUTIH', 'GALVANIZED', 'Batang', 0, 0, 0, '0000-00-00', 0, 0, 0, 0),
('PPPTH00136MENI', '1" (3) @6M', 'PIPA PUTIH', 'MENI', 'Batang', 1, 0, 21, '0000-00-00', 1, 21, 0, 0),
('PPPTH00236', '2'''' (3) @6M', 'PIPA PUTIH', 'GALVANIZED', 'Batang', 0, 0, 0, '0000-00-00', 0, 0, 0, 0),
('PPPTH003356MENI', '3" (3''5) @6M', 'PIPA PUTIH', 'MENI', 'Batang', 1, 0, 21, '0000-00-00', 1, 21, 0, 0),
('PPPTH003366', '3" (3''6) @6M', 'PIPA PUTIH', 'MED', 'Batang', 0, 0, 0, '0000-00-00', 0, 0, 0, 0),
('PPPTH00336AG', '3" (3) @6M', 'PIPA PUTIH', 'AIR GALVANIZED', 'Batang', 3, 0, 63, '0000-00-00', 3, 63, 0, 0),
('PPPTH004416', '4" (4''1) @6M', 'PIPA PUTIH', '', 'Batang', 0, 0, 0, '0000-00-00', 0, 0, 0, 0),
('PPPTH005456AG', '5" (4''5) @6M', 'PIPA PUTIH', 'AIR GALVANIZED', 'Batang', 3, 0, 63, '0000-00-00', 3, 63, 0, 0),
('PPPTH0063756MENI', '6" (3''75) @6M', 'PIPA PUTIH', 'MENI', 'Batang', 1, 0, 21, '0000-00-00', 1, 21, 0, 0),
('PPPTH006436', '6" (4''3) @6M', 'PIPA PUTIH', '', 'Batang', 0, 0, 0, '0000-00-00', 0, 0, 0, 0),
('PPPTH006686AG', '6" (6''8) @6M', 'PIPA PUTIH', 'AIR GALVANIZED', 'Batang', 1, 0, 21, '0000-00-00', 1, 21, 0, 0),
('PPPTH006686MENI', '6" (6''8) @6M', 'PIPA PUTIH', 'MENI', 'Batang', 3, 0, 63, '0000-00-00', 3, 63, 0, 0),
('PPPTH00676PTH', '6" (7) @6M', 'PIPA PUTIH', 'PUTIH', 'Batang', 2, 0, 42, '0000-00-00', 2, 42, 0, 0),
('PPPTH014106AG', '14" (10) @6M', 'PIPA PUTIH', 'AIR GALVANIZED', 'Batang', 2, 0, 42, '0000-00-00', 2, 42, 0, 0),
('PS003196', '3 X 19 X 6', 'P-STRIP', '', 'Batang', 1, 0, 0, '0000-00-00', 0, 0, 0, 0),
('PS003256', '3 X 25 X 6', 'P-STRIP', '', 'Batang', 586, 0, 0, '0000-00-00', 0, 0, 0, 0),
('PS003306', '3 X 30 X 6', 'P-STRIP', '', 'Batang', 4546, 0, 0, '0000-00-00', 0, 0, 0, 0),
('PS003386', '3 X 38 X 6', 'P-STRIP', '', 'Batang', 2777, 0, 0, '0000-00-00', 0, 0, 0, 0),
('PS0038406', '3,8 X 40 X 6', 'P-STRIP', '', 'Batang', 2611, 0, 0, '0000-00-00', 0, 0, 0, 0),
('PS004196', '4 X 19 X 6', 'P-STRIP', '', 'Batang', 0, 0, 84860, '0000-00-00', 2148, 84860, 0, 0),
('PS004256', '4 X 25 X 6', 'P-STRIP', '', 'Batang', 1869, 0, 74490, '0000-00-00', 1910, 74490, 0, 0),
('PS004326', '4 X 32 X 6', 'P-STRIP', '', 'Batang', 4310, 0, 105891, '0000-00-00', 2715, 105891, 0, 0),
('PS004386', '4 X 38 X 6', 'P-STRIP', '', 'Batang', 83, 0, 0, '0000-00-00', 0, 0, 0, 0),
('PS004403', '4 X 40 X 3', 'P-STRIP', '', 'Batang', 1900, 0, 0, '0000-00-00', 0, 0, 0, 0),
('PS004406', '4 X 40 X 6', 'P-STRIP', '', 'Batang', 1534, 0, 65281, '0000-00-00', 1676, 65281, 0, 0),
('PS004506', '4 X 50 X 6', 'P-STRIP', '', 'Batang', 2502, 0, 0, '0000-00-00', 0, 0, 0, 0),
('PS0045386', '4,5 X 38 X 6', 'P-STRIP', '', 'Batang', 578, 0, 0, '0000-00-00', 0, 0, 0, 0),
('PS0045506', '4,5 X 50 X 6', 'P-STRIP', '', 'Batang', 409, 0, 0, '0000-00-00', 0, 0, 0, 0),
('PS005256', '5 X 25 X 6', 'P-STRIP', '', 'Batang', 4837, 0, 0, '0000-00-00', 0, 0, 0, 0),
('PS005326', '5 X 32 X 6', 'P-STRIP', '', 'Batang', 1494, 0, 61230, '0000-00-00', 1570, 61230, 0, 0),
('PS005386', '5 X 38 X 6', 'P-STRIP', '', 'Batang', 454, 0, 0, '0000-00-00', 0, 0, 0, 0),
('PS005506', '5 X 50 X 6', 'P-STRIP', '', 'Batang', 8777, 0, 123747, '0000-00-00', 3173, 123747, 0, 0),
('PS0061006', '6 X 100 X 6', 'P-STRIP', '', 'Batang', 856, 0, 70161, '0000-00-00', 1799, 70161, 0, 0),
('PS006196', '6 X 19 X 6', 'P-STRIP', '', 'Batang', 0, 0, 0, '0000-00-00', 0, 0, 0, 0),
('PS0062006', '6 X 200 X 6', 'P-STRIP', '', 'Batang', 153, 0, 6084, '0000-00-00', 156, 6084, 0, 0),
('PS006256', '6 X 25 X 6', 'P-STRIP', '', 'Batang', 5413, 0, 1560, '0000-00-00', 40, 1560, 0, 0),
('PS006326', '6 X 32 X 6', 'P-STRIP', '', 'Batang', 2796, 0, 72795, '0000-00-00', 1855, 72795, 0, 0),
('PS006386', '6 X 38 X 6', 'P-STRIP', '', 'Batang', 2339, 0, 34190, '0000-00-00', 1315, 34190, 0, 0),
('PS006506', '6 X 50 X 6', 'P-STRIP', '', 'Batang', 1488, 0, 0, '0000-00-00', 0, 0, 0, 0),
('PS006656', '6 X 65 X 6', 'P-STRIP', '', 'Batang', 2523, 0, 2988, '0000-00-00', 74, 2988, 0, 0),
('PS006756', '6 X 75 X 6', 'P-STRIP', '', 'Batang', 1510, 0, 50651, '0000-00-00', 1293, 50651, 0, 0),
('PS0081006', '8 X 100 X 6', 'P-STRIP', '', 'Batang', 167, 0, 37713, '0000-00-00', 967, 37713, 0, 0),
('PS0081506', '8 X 150 X 6', 'P-STRIP', '', 'Batang', 0, 0, 1412, '0000-00-00', 37, 1412, 0, 0),
('PS008256', '8 X 25 X 6', 'P-STRIP', '', 'Batang', 0, 0, 0, '0000-00-00', 0, 0, 0, 0),
('PS008386', '8 X 38 X 6', 'P-STRIP', '', 'Batang', 1150, 0, 11700, '0000-00-00', 300, 11700, 0, 0),
('PS008506', '8 X 50 X 6', 'P-STRIP', '', 'Batang', 1069, 0, 35685, '0000-00-00', 915, 35685, 0, 0),
('PS008656', '8 X 65 X 6', 'P-STRIP', '', 'Batang', 0, 0, 0, '0000-00-00', 0, 0, 0, 0),
('PS008756', '8 X 75 X 6', 'P-STRIP', '', 'Batang', 474, 0, 0, '0000-00-00', 0, 0, 0, 0),
('PS0091006', '9 X 100 X 6', 'P-STRIP', '', 'Batang', 1738, 0, 47944, '0000-00-00', 1280, 47944, 0, 0),
('PS0091256', '9 X 125 X 6', 'P-STRIP', '', 'Batang', 557, 0, 47463, '0000-00-00', 1217, 47463, 0, 0),
('PS009256', '9 X 25 X 6', 'P-STRIP', '', 'Batang', 2811, 0, 100659, '0000-00-00', 2581, 100659, 0, 0),
('PS009326', '9 X 32 X 6', 'P-STRIP', '', 'Batang', 1257, 0, 40989, '0000-00-00', 1051, 40989, 0, 0),
('PS009386', '9 X 38 X 6', 'P-STRIP', '', 'Batang', 948, 0, 20592, '0000-00-00', 528, 20592, 0, 0),
('PS009506', '9 X 50 X 6', 'P-STRIP', '', 'Batang', 1476, 0, 75372, '0000-00-00', 2112, 75372, 0, 0),
('PS009656', '9 X 65 X 6', 'P-STRIP', '', 'Batang', 456, 0, 59818, '0000-00-00', 1583, 59818, 0, 0),
('PS009756', '9 X 75 X 6', 'P-STRIP', '', 'Batang', 978, 0, 3385, '0000-00-00', 19, 3385, 0, 0),
('PS0121006', '12 X 100 X 6', 'P-STRIP', '', 'Batang', 1167, 0, 42276, '0000-00-00', 1084, 42276, 0, 0),
('PS0121256', '12 X 125 X 6', 'P-STRIP', '', 'Batang', 65, 0, 19656, '0000-00-00', 504, 19656, 0, 0),
('PS0122006', '12 X 200 X 6', 'P-STRIP', '', 'Batang', 0, 0, 48, '0000-00-00', 2, 48, 0, 0),
('PS012256', '12 X 25 X 6', 'P-STRIP', '', 'Batang', 1253, 0, 12354, '0000-00-00', 316, 12354, 0, 0),
('PS012326', '12 X 32 X 6', 'P-STRIP', '', 'Batang', 1585, 0, 234, '0000-00-00', 6, 234, 0, 0),
('PS012386', '12 X 38 X 6', 'P-STRIP', '', 'Batang', 334, 0, 0, '0000-00-00', 0, 0, 0, 0),
('PS012506', '12 X 50 X 6', 'P-STRIP', '', 'Batang', 624, 0, 44997, '0000-00-00', 1154, 44997, 0, 0),
('PS012656', '12 X 65 X 6', 'P-STRIP', '', 'Batang', 681, 0, 166, '0000-00-00', 8, 166, 0, 0),
('PS012756', '12x75x5800/6000', 'P-STRIP', '', 'Batang', 419, 0, 1544, '0000-00-00', 14, 1544, 0, 0),
('PS0161006', '16 X 100 X 6', 'P-STRIP', '', 'Batang', 836, 0, 20475, '0000-00-00', 525, 20475, 0, 0),
('PS016386', '16 X 38 X 6', 'P-STRIP', '', 'Batang', 928, 0, 25440, '0000-00-00', 665, 25440, 0, 0),
('PS016506', '16 X 50 X 6', 'P-STRIP', '', 'Batang', 702, 0, 37159, '0000-00-00', 958, 37159, 0, 0),
('PS016656', '16 X 65 X 6', 'P-STRIP', '', 'Batang', 295, 0, 50493, '0000-00-00', 1294, 50493, 0, 0),
('PS016756', '16 X 75 X 6', 'P-STRIP', '', 'Batang', 192, 0, 3020, '0000-00-00', 60, 3020, 0, 0),
('PS0191006', '19 X 100 X 6', 'P-STRIP', '', 'Batang', 364, 0, 4251, '0000-00-00', 109, 4251, 0, 0),
('PS0191506', '19 X 150 X 6', 'P-STRIP', '', 'Batang', 0, 0, 0, '0000-00-00', 0, 0, 0, 0),
('PS019386', '19 X 38 X 6', 'P-STRIP', '', 'Batang', 110, 0, 15792, '0000-00-00', 658, 15792, 0, 0),
('PS019506', '19 X 50 X 6', 'P-STRIP', '', 'Batang', 729, 0, 10647, '0000-00-00', 273, 10647, 0, 0),
('PS019656', '19 X 65 X 6', 'P-STRIP', '', 'Batang', 859, 0, 0, '0000-00-00', 0, 0, 0, 0),
('PS019756', '19 X 75 X 6', 'P-STRIP', '', 'Batang', 300, 0, 18954, '0000-00-00', 486, 18954, 0, 0),
('PS0251006', '25 X 100 X 6', 'P-STRIP', '', 'Batang', 6, 0, 4056, '0000-00-00', 104, 4056, 0, 0),
('PS025506', '25 X 50 X 6', 'P-STRIP', '', 'Batang', 489, 0, 12051, '0000-00-00', 309, 12051, 0, 0),
('PSB0204026', '20x40x2x6', 'P-STAL BUIS', '', 'Batang', 2531, 0, 0, '0000-00-00', 0, 0, 0, 0),
('PSB03030166', '30x30x1,6/1,8x6', 'P-STAL BUIS', '', 'Batang', 1559, 0, 0, '0000-00-00', 0, 0, 0, 0),
('PSB0306026', '30x60x2x6', 'P-STAL BUIS', '', 'Batang', 765, 0, 1703, '0000-00-00', 131, 1703, 0, 0),
('PSB03838186', '38x38x1,8x6', 'P-STAL BUIS', '', 'Batang', 652, 0, 0, '0000-00-00', 0, 0, 0, 0),
('PSB04040236', '40x40x2,3/2,6x6', 'P-STAL BUIS', '', 'Batang', 0, 0, 0, '0000-00-00', 0, 0, 0, 0),
('PSB0404026', '40x40x2x6', 'P-STAL BUIS', '', 'Batang', 1456, 0, 0, '0000-00-00', 0, 0, 0, 0),
('PSB0404036', '40x40x3x6', 'P-STAL BUIS', '', 'Batang', 996, 0, 0, '0000-00-00', 0, 0, 0, 0),
('PSB04060186', '40x60x1''8x6', 'P-STAL BUIS', '', 'Batang', 372, 0, 0, '0000-00-00', 0, 0, 0, 0),
('PSB0502526', '50x25x2x6', 'P-STAL BUIS', '', 'Batang', 0, 0, 0, '0000-00-00', 0, 0, 0, 0),
('PSB0505026', '50x50x2x6', 'P-STAL BUIS', '', 'Batang', 569, 0, 0, '0000-00-00', 0, 0, 0, 0),
('PSB0505036', '50x50x3x6', 'P-STAL BUIS', '', 'Batang', 1174, 0, 7072, '0000-00-00', 545, 7072, 0, 0),
('PSB05050426', '50x50x4''2x6', 'P-STAL BUIS', '', 'Batang', 0, 0, 910, '0000-00-00', 70, 910, 0, 0),
('PSB0606026', '60x60x2x6', 'P-STAL BUIS', '', 'Batang', 605, 0, 2752, '0000-00-00', 210, 2752, 0, 0),
('PSB0606034230', '60x60x3x4230', 'P-STAL BUIS', '', 'Batang', 0, 0, 842, '0000-00-00', 106, 842, 0, 0),
('PSB06060342704280', '60x60x3x4270/4280', 'P-STAL BUIS', '', 'Batang', 0, 0, 9262, '0000-00-00', 1154, 9262, 0, 0),
('PSB0606036', '60x60x3x6', 'P-STAL BUIS', '', 'Batang', 22, 0, 1014, '0000-00-00', 78, 1014, 0, 0),
('PSB0608026', '60x80x2x6', 'P-STAL BUIS', '', 'Batang', 33, 0, 305, '0000-00-00', 34, 305, 0, 0),
('PSB0754536', '75x45x3x6', 'P-STAL BUIS', '', 'Batang', 379, 0, 0, '0000-00-00', 0, 0, 0, 0),
('PSB07550476', '75x50x4''7x6', 'P-STAL BUIS', '', 'Batang', 14, 0, 182, '0000-00-00', 14, 182, 0, 0),
('PSB0757536', '75x75x2,8x6', 'P-STAL BUIS', '', 'Batang', 181, 0, 1450, '0000-00-00', 126, 1450, 0, 0),
('PSB0909026', '90x90x2x6', 'P-STAL BUIS', '', 'Batang', 0, 0, 3484, '0000-00-00', 268, 3484, 0, 0),
('PSB0909046', '90x90x4x6', 'P-STAL BUIS', '', 'Batang', 0, 0, 130, '0000-00-00', 10, 130, 0, 0),
('PSB10010036', '100x100x3x6', 'P-STAL BUIS', '', 'Batang', 0, 0, 3443, '0000-00-00', 258, 3443, 0, 0),
('PSB10010046', '100x100x4x6', 'P-STAL BUIS', '', 'Batang', 13, 0, 429, '0000-00-00', 41, 429, 0, 0),
('PSB10050256', '100x50x2,5x6', 'P-STAL BUIS', '', 'Batang', 417, 0, 0, '0000-00-00', 0, 0, 0, 0),
('PSB1005036', '100x50x2,6/3x6', 'P-STAL BUIS', '', 'Batang', 676, 0, 5397, '0000-00-00', 420, 5397, 0, 0),
('PSB150150456', '150x150x4''5x6', 'P-STAL BUIS', '', 'Batang', 0, 0, 1625, '0000-00-00', 125, 1625, 0, 0),
('PSB15075486', '150x75x4''8x6', 'P-STAL BUIS', '', 'Batang', 1, 0, 1261, '0000-00-00', 97, 1261, 0, 0),
('SEGI065656', '', '', '', 'Batang', 0, 0, 9146, '0000-00-00', 356, 9146, 0, 0),
('SG00886DN', '8 X 8 X 6', 'SEGI', 'DN', 'Batang', 11276, 0, 0, '0000-00-00', 0, 0, 0, 0),
('SG00886LN', '8 X 8 X 6', 'SEGI', 'LN', 'Batang', 317, 0, 65129, '0000-00-00', 1975, 65129, 0, 0),
('SG010106LN', '10 X 10 X 6', 'SEGI', 'LN', 'Batang', 0, 0, 333282, '0000-00-00', 7858, 333282, 0, 0),
('SG012126', '12 X 12 X 6', 'SEGI', '', 'Batang', 0, 0, 10374, '0000-00-00', 399, 10374, 0, 0),
('SG012126DN', '12 X 12 X 6', 'SEGI', 'DN', 'Batang', 6340, 0, 93864, '0000-00-00', 2077, 93864, 0, 0),
('SG016166DNTD', '16 X 16 X 6', 'SEGI', 'DN', 'Batang', 4400, 0, 91260, '0000-00-00', 2028, 91260, 0, 0),
('SG019196DN', '19 X 19 X 6', 'SEGI', 'DN', 'Batang', 809, 0, 49851, '0000-00-00', 1109, 49851, 0, 0),
('SG022226KMS', '22 X 22 X 6', 'SEGI', '', 'Batang', 2254, 0, 6642, '0000-00-00', 169, 6642, 0, 0),
('SG025256INDP', '25 X 25 X 6', 'SEGI', 'DN', 'Batang', 1062, 0, 39661, '0000-00-00', 985, 39661, 0, 0),
('SG028286', '28 X 28 X 6', 'SEGI', '', 'Batang', 491, 0, 8017, '0000-00-00', 185, 8017, 0, 0),
('SG030306', '30 X 30 X 6', 'SEGI', '', 'Batang', 60, 0, 0, '0000-00-00', 0, 0, 0, 0),
('SG032326DN', '32 X 32 X 6', 'SEGI', 'DN', 'Batang', 1012, 0, 95022, '0000-00-00', 2110, 95022, 0, 0),
('SG038386DN', '38 X 38 X 6', 'SEGI', 'DN', 'Batang', 1860, 0, 34485, '0000-00-00', 770, 34485, 0, 0),
('SG040406DN', '40 X 40 X 6', 'SEGI', 'DN', 'Batang', 338, 0, 23957, '0000-00-00', 532, 23957, 0, 0),
('SG044446LN', '44 X 44 X 6', 'SEGI', 'LN', 'Batang', 1, 0, 880, '0000-00-00', 44, 880, 0, 0),
('SG045456LN', '45 X 45 X 6', 'SEGI', 'LN', 'Batang', 150, 0, 4744, '0000-00-00', 108, 4744, 0, 0),
('SG045456MS', '45 X 45 X 6', 'SEGI', 'DN', 'Batang', 617, 0, 2009, '0000-00-00', 79, 2009, 0, 0),
('SG050505000', '50 X 50 X 5000', 'SEGI', '', 'Batang', 0, 0, 0, '0000-00-00', 0, 0, 0, 0),
('SG050505500', '50 X 50 X 5500', 'SEGI', '', 'Batang', 0, 0, 0, '0000-00-00', 0, 0, 0, 0),
('SG050505800', '50 X 50 X 5800', 'SEGI', '', 'Batang', 5, 0, 142, '0000-00-00', 2, 142, 0, 0),
('SG050506DN', '50x50x6 /9Btg Bengkok', 'SEGI', 'DN', 'Batang', 36, 0, 42, '0000-00-00', 45, 42, 0, 0),
('SG050506LN', '50 X 50 X 6', 'SEGI', 'LN', 'Batang', 0, 0, 41, '0000-00-00', 1, 41, 0, 0),
('SG065655800', '65 X 65 X 5800', 'SEGI', '', 'Batang', 0, 0, 374, '0000-00-00', 22, 374, 0, 0),
('SG065656', '65 X 65 X 6', 'SEGI', '', 'Batang', 12, 0, 14, '0000-00-00', 2, 14, 0, 0),
('SG065656LN', '65 X 65 X 6', 'SEGI', 'LN', 'Batang', 73, 0, 0, '0000-00-00', 0, 0, 0, 0),
('SG075756', '75 X 75 X 6', 'SEGI', '', 'Batang', 0, 0, 0, '0000-00-00', 0, 0, 0, 0),
('SG075756LN', '75 X 75 X 6', 'SEGI', 'LN', 'Batang', 133, 0, 0, '0000-00-00', 0, 0, 0, 0),
('SK0252536', '25x25x3x6', 'SIKU', '', 'Batang', 0, 0, 0, '0000-00-00', 0, 0, 0, 0),
('SK0303036ITW', '30x30x3x6', 'SIKU', 'ITW', 'Batang', 116, 0, 139023, '0000-00-00', 3658, 139023, 0, 0),
('SK0303036XW', '30x30x3x6', 'SIKU', 'XW', 'Batang', 4750, 0, 360767, '0000-00-00', 9482, 360767, 0, 0),
('SK0404036', '40x40x3x6', 'SIKU', '', 'Batang', 2382, 0, 0, '0000-00-00', 0, 0, 0, 0),
('SK0404046ITW', '40x40x4x6', 'SIKU', 'ITW', 'Batang', 5395, 0, 84873, '0000-00-00', 2217, 84873, 0, 0),
('SK0404046KS', '40x40x4x6', 'SIKU', 'KS', 'Batang', 1370, 0, 50252, '0000-00-00', 1472, 50252, 0, 0),
('SK0404046XW', '40x40x4x6', 'SIKU', 'XW', 'Batang', 145, 0, 287294, '0000-00-00', 7417, 287294, 0, 0),
('SK0404056', '40x40x5x6', 'SIKU', '', 'Batang', 0, 0, 28678, '0000-00-00', 737, 28678, 0, 0),
('SK0454536', '45x45x3x6', 'SIKU', '', 'Batang', 352, 0, 11092, '0000-00-00', 559, 11092, 0, 0),
('SK04545412', '45x45x4x12', 'SIKU', '', 'Batang', 0, 0, 2014, '0000-00-00', 53, 2014, 0, 0),
('SK0454546', '45x45x4x6', 'SIKU', '', 'Batang', 0, 0, 3697, '0000-00-00', 119, 3697, 0, 0),
('SK0454556', '45x45x5x6', 'SIKU', '', 'Batang', 0, 0, 24, '0000-00-00', 2, 24, 0, 0),
('SK0505046', '50x50x4x6', 'SIKU', 'TEBAL', 'Batang', 0, 0, 25984, '0000-00-00', 674, 25984, 0, 0),
('SK0505046MS', '50x50x4x6', 'SIKU', 'MS', 'Batang', 1922, 0, 0, '0000-00-00', 0, 0, 0, 0),
('SK05050512KS', '50x50x5x12', 'SIKU', 'KS', 'Batang', 2342, 0, 0, '0000-00-00', 0, 0, 0, 0),
('SK0505056ITW', '50x50x5x6', 'SIKU', 'ITW', 'Batang', 5257, 0, 228884, '0000-00-00', 6057, 228884, 0, 0),
('SK0505056KS', '50x50x5x6', 'SIKU', 'KS', 'Batang', 1243, 0, 667, '0000-00-00', 84, 667, 0, 0),
('SK0505056LN', '50x50x5x6', 'SIKU', 'LN', 'Batang', 1025, 0, 3340, '0000-00-00', 57, 3340, 0, 0),
('SK0505056XW', '50x50x5x6', 'SIKU', 'XW', 'Batang', 2700, 0, 52098, '0000-00-00', 1320, 52098, 0, 0),
('SK0505066DN', '50x50x6x6', 'SIKU', 'DN', 'Batang', 1841, 0, 0, '0000-00-00', 0, 0, 0, 0),
('SK0505066LN', '50x50x6x6', 'SIKU', 'LN', 'Batang', 410, 0, 164778, '0000-00-00', 4430, 164778, 0, 0),
('SK0606046', '60x60x4x6', 'SIKU', '', 'Batang', 36, 0, 1406, '0000-00-00', 37, 1406, 0, 0),
('SK0606056BBBTIPIS', '60x60x5x6', 'SIKU', 'BBB-T', 'Batang', 1886, 0, 67536, '0000-00-00', 1934, 67536, 0, 0),
('SK0606066ITW', '60x60x6x6', 'SIKU', 'ITW', 'Batang', 150, 0, 172962, '0000-00-00', 4686, 172962, 0, 0),
('SK0606066KS', '60x60x6x6', 'SIKU', 'KS', 'Batang', 3432, 0, 0, '0000-00-00', 0, 0, 0, 0),
('SK0606066XW', '60x60x6x6', 'SIKU', 'XW', 'Batang', 1098, 0, 51936, '0000-00-00', 1369, 51936, 0, 0),
('SK0636366LN', '63x63x6x6', 'SIKU', 'LN', 'Batang', 1206, 0, 97584, '0000-00-00', 2568, 97584, 0, 0),
('SK0656556', '65x65x5x6', 'SIKU', '', 'Batang', 273, 0, 12497, '0000-00-00', 283, 12497, 0, 0),
('SK06565658ACN', '65x65x6x5''8', 'SIKU', 'ACN', 'Batang', 265, 0, 10070, '0000-00-00', 265, 10070, 0, 0),
('SK0656566ITW', '65x65x6x6', 'SIKU', 'ITW', 'Batang', 154, 0, 16880, '0000-00-00', 401, 16880, 0, 0),
('SK0656566KS', '65x65x6x6', 'SIKU', 'KS', 'Batang', 824, 0, 0, '0000-00-00', 0, 0, 0, 0),
('SK0656566LNKTP', '65x65x6x6', 'SIKU', 'LNKTP', 'Batang', 75, 0, 4484, '0000-00-00', 118, 4484, 0, 0),
('SK0656566XW', '65x65x6x6', 'SIKU', 'XW', 'Batang', 76, 0, 2413, '0000-00-00', 62, 2413, 0, 0),
('SK07070512', '70x70x5x12', 'SIKU', '', 'Batang', 256, 0, 10656, '0000-00-00', 296, 10656, 0, 0),
('SK07070612', '70x70x6x12', 'SIKU', '', 'Batang', 8, 0, 280, '0000-00-00', 8, 280, 0, 0),
('SK07070658', '70x70x6x5,8', 'SIKU', '', 'Batang', 6, 0, 16765, '0000-00-00', 479, 16765, 0, 0),
('SK07070712KS', '70x70x7x12', 'SIKU', 'KS', 'Batang', 1000, 0, 0, '0000-00-00', 0, 0, 0, 0),
('SK0707076ITW', '70x70x7x6', 'SIKU', 'ITW', 'Batang', 210, 0, 11823, '0000-00-00', 323, 11823, 0, 0),
('SK0707076KS', '70x70x7x6', 'SIKU', 'KS', 'Batang', 292, 0, 4987, '0000-00-00', 355, 4987, 0, 0),
('SK0707076LN', '70x70x7x6', 'SIKU', 'LN', 'Batang', 0, 0, 0, '0000-00-00', 0, 0, 0, 0),
('SK0707076XW', '70x70x7x6', 'SIKU', 'XW', 'Batang', 827, 0, 17219, '0000-00-00', 302, 17219, 0, 0),
('SK07070812', '70x70x8x12', 'SIKU', '', 'Batang', 76, 0, 2835, '0000-00-00', 81, 2835, 0, 0),
('SK0707096LN', '70x70x9x6', 'SIKU', 'LN', 'Batang', 0, 0, 16, '0000-00-00', 2, 16, 0, 0),
('SK07575512', '75x75x5x12', 'SIKU', '', 'Batang', 0, 0, 1225, '0000-00-00', 35, 1225, 0, 0),
('SK07575612KS', '75x75x6x12', 'SIKU', 'KS', 'Batang', 44, 0, 1770, '0000-00-00', 54, 1770, 0, 0),
('SK0757566ITW', '75x75x6x6', 'SIKU', 'ITW', 'Batang', 239, 0, 25678, '0000-00-00', 742, 25678, 0, 0),
('SK0757566KS', '75x75x6x6', 'SIKU', 'KS', 'Batang', 27, 0, 13300, '0000-00-00', 380, 13300, 0, 0),
('SK0757566LN', '75x75x6x6', 'SIKU', 'LN', 'Batang', 3216, 0, 0, '0000-00-00', 0, 0, 0, 0),
('SK0757566XW', '75x75x6x6', 'SIKU', 'XW', 'Batang', 0, 0, 106869, '0000-00-00', 2849, 106869, 0, 0),
('SK0757576', '75x75x7x6 (LN)', 'SIKU', '', 'Batang', 4, 0, 10906, '0000-00-00', 833, 10906, 0, 0),
('SK0757576KS', '75x75x7x6', 'SIKU', 'KS', 'Batang', 558, 0, 56750, '0000-00-00', 1807, 56750, 0, 0),
('SK0757576XW', '75x75x7x6', 'SIKU', 'XW', 'Batang', 323, 0, 0, '0000-00-00', 0, 0, 0, 0),
('SK0757586', '75x75x8x6 (LN)', 'SIKU', '', 'Batang', 30, 0, 20026, '0000-00-00', 1178, 20026, 0, 0),
('SK0757586KS', '75x75x8x6', 'SIKU', 'KS', 'Batang', 239, 0, 3991, '0000-00-00', 307, 3991, 0, 0),
('SK0757586XW', '75x75x8x6', 'SIKU', 'XW', 'Batang', 0, 0, 0, '0000-00-00', 0, 0, 0, 0),
('SK07575912NEW', '75x75x9x12 (LN)', 'SIKU', '', 'Batang', 0, 0, 5500, '0000-00-00', 368, 5500, 0, 0),
('SK0757596', '75x75x9x6', 'SIKU', 'LN', 'Batang', 1375, 0, 52, '0000-00-00', 2, 52, 0, 0),
('SK080801012', '80x80x10x12', 'SIKU', '', 'Batang', 0, 0, 70, '0000-00-00', 2, 70, 0, 0),
('SK0808066XW', '80x80x6x6', 'SIKU', 'XW', 'Batang', 0, 0, 54, '0000-00-00', 5, 54, 0, 0),
('SK0808076', '80x80x7x6 (KS)', 'SIKU', '', 'Batang', 19, 0, 598, '0000-00-00', 46, 598, 0, 0),
('SK08080812NEW', '80x80x8x12', 'SIKU', '', 'Batang', 0, 0, 923, '0000-00-00', 71, 923, 0, 0),
('SK0808086', '80x80x8x6', 'SIKU', 'LN', 'Batang', 336, 0, 27871, '0000-00-00', 1643, 27871, 0, 0),
('SK0808086KS', '80x80x8x6', 'SIKU', 'KS', 'Batang', 364, 0, 0, '0000-00-00', 0, 0, 0, 0),
('SK0808086STDM', '80x80x8x6', 'SIKU', 'STDM', 'Batang', 14, 0, 0, '0000-00-00', 0, 0, 0, 0),
('SK0808096', '80x80x9x6', 'SIKU', '', 'Batang', 7, 0, 245, '0000-00-00', 7, 245, 0, 0),
('SK09090106LN', '90x90x10x6', 'SIKU', 'LN', 'Batang', 0, 0, 81, '0000-00-00', 5, 81, 0, 0),
('SK09090126', '90x90x12x6', 'SIKU', '', 'Batang', 14, 0, 864, '0000-00-00', 24, 864, 0, 0),
('SK09090139', '90x90x13x9', 'SIKU', '', 'Batang', 2, 0, 72, '0000-00-00', 2, 72, 0, 0),
('SK0909056', '90x90x5x6', 'SIKU', '', 'Batang', 10, 0, 490, '0000-00-00', 14, 490, 0, 0),
('SK09090612', '90x90x6x12', 'SIKU', '', 'Batang', 38, 0, 14140, '0000-00-00', 404, 14140, 0, 0),
('SK0909066', '90x90x6x6', 'SIKU', '', 'Batang', 10, 0, 832, '0000-00-00', 52, 832, 0, 0),
('SK09090712', '90x90x7x12', 'SIKU', '', 'Batang', 63, 0, 21896, '0000-00-00', 605, 21896, 0, 0),
('SK0909076', '90x90x7x6', 'SIKU', '', 'Batang', 0, 0, 1038, '0000-00-00', 30, 1038, 0, 0),
('SK09090812', '90x90x8x12', 'SIKU', '', 'Batang', 30, 0, 1098, '0000-00-00', 30, 1098, 0, 0),
('SK0909086LN', '90x90x8x6', 'SIKU', 'LN', 'Batang', 122, 0, 0, '0000-00-00', 0, 0, 0, 0),
('SK09090912KS', '90x90x9x12', 'SIKU', 'KS', 'Batang', 689, 0, 0, '0000-00-00', 0, 0, 0, 0),
('SK0909096KS', '90x90x9x6', 'SIKU', 'KS', 'Batang', 35, 0, 0, '0000-00-00', 0, 0, 0, 0),
('SK0909096KSR', '90x90x9x6', 'SIKU', 'KS-RIJEK', 'Batang', 13, 0, 0, '0000-00-00', 0, 0, 0, 0),
('SK0909096LN', '90x90x9x6', 'SIKU', 'LN', 'Batang', 943, 0, 39384, '0000-00-00', 1094, 39384, 0, 0),
('SK1001001012KS', '100x100x10x12', 'SIKU', 'KS', 'Batang', 352, 0, 5155, '0000-00-00', 139, 5155, 0, 0),
('SK100100106KS', '100x100x10x6', 'SIKU', 'KS', 'Batang', 423, 0, 1275, '0000-00-00', 69, 1275, 0, 0),
('SK100100106LN', '100x100x10x6', 'SIKU', 'LN', 'Batang', 0, 0, 29247, '0000-00-00', 732, 29247, 0, 0),
('SK100100106RIJEK', '100x100x10x6', 'SIKU', 'RIJEK', 'Batang', 5, 0, 0, '0000-00-00', 0, 0, 0, 0),
('SK100100126KS', '100x100x12x6', 'SIKU', 'KS', 'Batang', 18, 0, 864, '0000-00-00', 24, 864, 0, 0),
('SK10010014109LN', '100x100x14x10,9', 'SIKU', 'LN', 'Batang', 3, 0, 18, '0000-00-00', 3, 18, 0, 0),
('SK1001001411LN', '100x100x14x11', 'SIKU', 'LN', 'Batang', 1, 0, 6, '0000-00-00', 1, 6, 0, 0),
('SK1001001412LN', '100x100x14x12', 'SIKU', 'LN', 'Batang', 9, 0, 54, '0000-00-00', 9, 54, 0, 0),
('SK100100146LN', '100x100x14x6', 'SIKU', 'LN', 'Batang', 1, 0, 6, '0000-00-00', 1, 6, 0, 0),
('SK1001001474LN', '100x100x14x7,4', 'SIKU', 'LN', 'Batang', 2, 0, 12, '0000-00-00', 2, 12, 0, 0),
('SK1001001479LN', '100x100x14x7,9', 'SIKU', 'LN', 'Batang', 1, 0, 6, '0000-00-00', 1, 6, 0, 0),
('SK1001001481LN', '100x100x14x8,1', 'SIKU', 'LN', 'Batang', 1, 0, 6, '0000-00-00', 1, 6, 0, 0),
('SK1001001484LN', '100x100x14x8,4', 'SIKU', 'LN', 'Batang', 1, 0, 6, '0000-00-00', 1, 6, 0, 0),
('SK1001001486LN', '100x100x14x8,6', 'SIKU', 'LN', 'Batang', 1, 0, 6, '0000-00-00', 1, 6, 0, 0),
('SK1001001488LN', '100x100x14x8,8', 'SIKU', 'LN', 'Batang', 2, 0, 12, '0000-00-00', 2, 12, 0, 0),
('SK1001001489LN', '100x100x14x8,9', 'SIKU', 'LN', 'Batang', 2, 0, 12, '0000-00-00', 2, 12, 0, 0),
('SK1001001491LN', '100x100x14x9,1', 'SIKU', 'LN', 'Batang', 2, 0, 12, '0000-00-00', 2, 12, 0, 0),
('SK1001001493LN', '100x100x14x9,3', 'SIKU', 'LN', 'Batang', 1, 0, 6, '0000-00-00', 1, 6, 0, 0),
('SK1001001496LN', '100x100x14x9,6', 'SIKU', 'LN', 'Batang', 2, 0, 12, '0000-00-00', 2, 12, 0, 0),
('SK1001001497LN', '100x100x14x9,7', 'SIKU', 'LN', 'Batang', 3, 0, 18, '0000-00-00', 3, 18, 0, 0),
('SK1001001498LN', '100x100x14x9,8', 'SIKU', 'LN', 'Batang', 2, 0, 12, '0000-00-00', 2, 12, 0, 0),
('SK1001001499LN', '100x100x14x9,9', 'SIKU', 'LN', 'Batang', 1, 0, 6, '0000-00-00', 1, 6, 0, 0),
('SK10010076LN', '100x100x7x6', 'SIKU', 'LN', 'Batang', 880, 0, 62719, '0000-00-00', 1688, 62719, 0, 0),
('SK10010086KS', '100x100x8x6', 'SIKU', 'KS', 'Batang', 0, 0, 2828, '0000-00-00', 80, 2828, 0, 0),
('SK10010086LN', '100x100x8x6', 'SIKU', 'LN', 'Batang', 4, 0, 46728, '0000-00-00', 1298, 46728, 0, 0),
('SK100100956TD', '100x100x9,5x6', 'SIKU', 'TD-LN', 'Batang', 81, 0, 1032, '0000-00-00', 43, 1032, 0, 0),
('SK10010096LN', '100x100x9x6', 'SIKU', 'LN', 'Batang', 891, 0, 26348, '0000-00-00', 756, 26348, 0, 0),
('SK1201201012', '120x120x10x12', 'SIKU', '', 'Batang', 0, 0, 51, '0000-00-00', 1, 51, 0, 0),
('SK120120106KS', '120x120x10x6', 'SIKU', 'KS', 'Batang', 23, 0, 0, '0000-00-00', 0, 0, 0, 0),
('SK1201201112KS', '120x120x11x12', 'SIKU', 'KS', 'Batang', 108, 0, 7488, '0000-00-00', 208, 7488, 0, 0),
('SK120120116', '120x120x11x6', 'SIKU', '', 'Batang', 0, 0, 638, '0000-00-00', 29, 638, 0, 0),
('SK120120116KS', '120x120x11x6', 'SIKU', 'KS', 'Batang', 0, 0, 1462, '0000-00-00', 39, 1462, 0, 0),
('SK120120116TD', '120x120x11x6', 'SIKU', 'TD', 'Batang', 39, 0, 1440, '0000-00-00', 40, 1440, 0, 0),
('SK1201201212KS', '120x120x12x12', 'SIKU', 'KS', 'Batang', 9, 0, 18625, '0000-00-00', 539, 18625, 0, 0),
('SK1201201255', '120x120x12x5,5', 'SIKU', '', 'Batang', 11, 0, 432, '0000-00-00', 12, 432, 0, 0),
('SK120120126KS', '120x120x12x6', 'SIKU', 'KS', 'Batang', 0, 0, 0, '0000-00-00', 0, 0, 0, 0),
('SK120120126KSTD', '120x120x12x6', 'SIKU', 'KSTD', 'Batang', 43, 0, 1668, '0000-00-00', 32, 1668, 0, 0),
('SK120120146', '120x120x14x6', 'SIKU', '', 'Batang', 1, 0, 468, '0000-00-00', 13, 468, 0, 0),
('SK120120812', '120x120x8x12', 'SIKU', '', 'Batang', 6, 0, 216, '0000-00-00', 6, 216, 0, 0),
('SK125125126LN', '125x125x12x6', 'SIKU', 'LN', 'Batang', 4, 0, 2628, '0000-00-00', 73, 2628, 0, 0),
('SK1301301012KETIMPA', '130x130x10x12', 'SIKU', 'LN KTP', 'Batang', 14, 0, 521, '0000-00-00', 14, 521, 0, 0),
('SK1301301212KS', '130x130x12x12', 'SIKU', 'KS', 'Batang', 119, 0, 17365, '0000-00-00', 515, 17365, 0, 0),
('SK1301301212LN', '130x130x12x12', 'SIKU', 'LN', 'Batang', 6, 0, 216, '0000-00-00', 6, 216, 0, 0),
('SK130130126KS', '130x130x12x6', 'SIKU', 'KS', 'Batang', 69, 0, 4808, '0000-00-00', 601, 4808, 0, 0),
('SK130130912', '130x130x9x12', 'SIKU', '', 'Batang', 4, 0, 2520, '0000-00-00', 70, 2520, 0, 0),
('SK13013096', '130x130x9x6', 'SIKU', '', 'Batang', 0, 0, 442, '0000-00-00', 13, 442, 0, 0),
('SK135125126KSTD', '135x125x12x6', 'SIKU', 'KSTD', 'Batang', 173, 0, 20597, '0000-00-00', 755, 20597, 0, 0),
('SK1501501012', '150x150x10x12', 'SIKU', '', 'Batang', 82, 0, 1740, '0000-00-00', 116, 1740, 0, 0),
('SK150150106LN', '150x150x10x6', 'SIKU', 'LN', 'Batang', 7, 0, 394, '0000-00-00', 9, 394, 0, 0),
('SK1501501212KS', '150x150x12x12', 'SIKU', 'KS', 'Batang', 319, 0, 2107, '0000-00-00', 123, 2107, 0, 0),
('SK150150126KS', '150x150x12x6', 'SIKU', 'KS', 'Batang', 0, 0, 816, '0000-00-00', 51, 816, 0, 0),
('SK1501501456INDGRAHA', '150x150x14,5x6', 'SIKU', '', 'Batang', 21, 0, 0, '0000-00-00', 0, 0, 0, 0),
('SK150150146KS', '150x150x14x6', 'SIKU', 'KS', 'Batang', 8, 0, 153, '0000-00-00', 9, 153, 0, 0),
('SK1501501512KS', '150x150x15x12', 'SIKU', 'KS', 'Batang', 0, 0, 5170, '0000-00-00', 301, 5170, 0, 0),
('SK1501501512KSTD', '150x150x15x12', 'SIKU', 'KSTD', 'Batang', 0, 0, 68, '0000-00-00', 4, 68, 0, 0),
('SK150150156KS', '150x150x15x6', 'SIKU', 'KS', 'Batang', 2, 0, 507, '0000-00-00', 42, 507, 0, 0),
('SK150150156LN', '150x150x15x6', 'SIKU', 'LN', 'Batang', 9, 0, 0, '0000-00-00', 0, 0, 0, 0),
('SK150150166LN', '150x150x16x6', 'SIKU', 'LN', 'Batang', 4, 0, 72, '0000-00-00', 8, 72, 0, 0),
('SK1501501812', '150x150x18x12', 'SIKU', 'LN', 'Batang', 10, 0, 70, '0000-00-00', 10, 70, 0, 0),
('SK150150206LN', '150x150x20x6', 'SIKU', 'LN', 'Batang', 0, 0, 36, '0000-00-00', 3, 36, 0, 0),
('SK160160176LN', '160x160x17x6', 'SIKU', 'LN', 'Batang', 2, 0, 24, '0000-00-00', 2, 24, 0, 0),
('SK1751751512LN', '175x175x15x12', 'SIKU', 'LN', 'Batang', 3, 0, 36, '0000-00-00', 3, 36, 0, 0),
('SK1801801812LN', '180x180x18x12', 'SIKU', 'LN', 'Batang', 4, 0, 48, '0000-00-00', 4, 48, 0, 0),
('SK2002001612LN', '200x200x16x12', 'SIKU', 'LN', 'Batang', 1, 0, 12, '0000-00-00', 1, 12, 0, 0),
('SK200200166LNTD', '200x200x16x6', 'SIKU', 'LNTD', 'Batang', 0, 0, 12, '0000-00-00', 1, 12, 0, 0),
('SK2002002012KSTD', '200x200x20x12', 'SIKU', 'KS', 'Batang', 203, 0, 5308, '0000-00-00', 400, 5308, 0, 0),
('SK200200206KS', '200x200x20x6', 'SIKU', 'KS', 'Batang', 90, 0, 1893, '0000-00-00', 250, 1893, 0, 0),
('SK2002002512BP', '200x200x25x12', 'SIKU', 'BP', 'Batang', 1, 0, 11, '0000-00-00', 1, 11, 0, 0),
('SK2502503512LN', '250x250x35x12', 'SIKU', 'LN', 'Batang', 1, 0, 12, '0000-00-00', 1, 12, 0, 0),
('SKNS07575610', '75x75x6x10', 'SIKU', 'NS', 'Batang', 1, 0, 18, '0000-00-00', 1, 18, 0, 0),
('SKNS100100810', '100x100x8x10', 'SIKU', 'NS', 'Batang', 2, 0, 36, '0000-00-00', 2, 36, 0, 0),
('SKNS10010088', '100x100x8x8', 'SIKU', 'NS', 'Batang', 6, 0, 108, '0000-00-00', 6, 108, 0, 0),
('SKNS120120109', '120x120x10x9', 'SIKU', 'NS', 'Batang', 5, 0, 90, '0000-00-00', 5, 90, 0, 0),
('SKNS1301301210', '130x130x12x10', 'SIKU', 'NS', 'Batang', 2, 0, 36, '0000-00-00', 2, 36, 0, 0),
('SKNS1401401211', '140x140x12x11', 'SIKU', 'NS', 'Batang', 22, 0, 154, '0000-00-00', 22, 154, 0, 0),
('SKNS14014012117', '140x140x12x11,7', 'SIKU', 'NS', 'Batang', 8, 0, 151, '0000-00-00', 8, 151, 0, 0),
('SKNS1501501210', '150x150x12x10', 'SIKU', 'NS', 'Batang', 0, 0, 1206, '0000-00-00', 67, 1206, 0, 0),
('SKNS1501501211', '150x150x12x11', 'SIKU', 'NS', 'Batang', 0, 0, 410, '0000-00-00', 24, 410, 0, 0),
('SKNS15015012115LN', '150x150x12x11,5', 'SIKU', 'NS - LN', 'Batang', 0, 0, 14, '0000-00-00', 2, 14, 0, 0),
('SKNS150150123', '150x150x12x3', 'SIKU', 'NS', 'Batang', 7, 0, 91, '0000-00-00', 7, 91, 0, 0),
('SKNS150150124', '150x150x12x4', 'SIKU', 'NS', 'Batang', 2, 0, 36, '0000-00-00', 2, 36, 0, 0),
('SKNS150150129', '150x150x12x9', 'SIKU', 'NS', 'Batang', 31, 0, 3827, '0000-00-00', 209, 3827, 0, 0),
('SKNS150150151', '150x150x15x1', 'SIKU', 'NS', 'Batang', 9, 0, 0, '0000-00-00', 0, 0, 0, 0),
('SKNS1501501511', '150x150x15x11', 'SIKU', 'NS', 'Batang', 62, 0, 1116, '0000-00-00', 62, 1116, 0, 0),
('SKNS150150152', '150x150x15x2', 'SIKU', 'NS', 'Batang', 4, 0, 0, '0000-00-00', 0, 0, 0, 0),
('SKNS150150157', '150x150x15x7', 'SIKU', 'NS', 'Batang', 35, 0, 630, '0000-00-00', 35, 630, 0, 0),
('SKNS150150158', '150x150x15x8', 'SIKU', 'NS', 'Batang', 0, 0, 162, '0000-00-00', 9, 162, 0, 0),
('SKNS150150168', '150x150x16x8,3', 'SIKU', 'NS', 'Batang', 71, 0, 426, '0000-00-00', 71, 426, 0, 0),
('SL0755066', '75 X 50 X 6 X 6', 'SIKU L', '', 'Batang', 6, 0, 226, '0000-00-00', 50, 226, 0, 0),
('SL09065106', '90 X 65 X 10 X 6', 'SIKU L', '', 'Batang', 25, 0, 145, '0000-00-00', 29, 145, 0, 0),
('SL0906586', '90 X 65 X 8 X 6', 'SIKU L', '', 'Batang', 0, 0, 4, '0000-00-00', 2, 4, 0, 0),
('SL0906596', '90 X 65 X 9 X 6', 'SIKU L', '', 'Batang', 0, 0, 2, '0000-00-00', 1, 2, 0, 0),
('SL1007510065', '100 X 75 X 10 X 6,5', 'SIKU L', '', 'Batang', 3, 0, 35, '0000-00-00', 7, 35, 0, 0),
('SL1007510105', '100 X 75 X 10 X 10,5', 'SIKU L', '', 'Batang', 3, 0, 15, '0000-00-00', 3, 15, 0, 0),
('SL100751012', '100 X 75 X 10 X 12', 'SIKU L', '', 'Batang', 4, 0, 20, '0000-00-00', 4, 20, 0, 0),
('SL1501000912', '150 X 100 X 9 X 12', 'SIKU L', '', 'Batang', 2, 0, 25, '0000-00-00', 5, 25, 0, 0),
('SL1501001510', '150 X 100 X 15 X 10', 'SIKU L', '', 'Batang', 1, 0, 5, '0000-00-00', 1, 5, 0, 0),
('SL1501301506', '150 X 130 X 15 X 6', 'SIKU L', '', 'Batang', 21, 0, 105, '0000-00-00', 21, 105, 0, 0),
('SL150900911', '150 X 90 X 9 X 11', 'SIKU L', '', 'Batang', 9, 0, 45, '0000-00-00', 9, 45, 0, 0),
('SL150901012', '150 X 90 X 10 X 12', 'SIKU L', '', 'Batang', 1, 0, 12, '0000-00-00', 2, 12, 0, 0),
('SL150901308', '150 X 90 X 13 X 8', 'SIKU L', '', 'Batang', 1, 0, 5, '0000-00-00', 1, 5, 0, 0),
('SL15090135', '150 X 90 X 13 X 5', 'SIKU L', '', 'Batang', 0, 0, 4, '0000-00-00', 1, 4, 0, 0),
('SL15090908', '150 X 90 X 9 X 8', 'SIKU L', '', 'Batang', 13, 0, 65, '0000-00-00', 13, 65, 0, 0),
('SL1509092', '150 X 90 X 9 X 2', 'SIKU L', '', 'Batang', 0, 0, 3, '0000-00-00', 1, 3, 0, 0),
('SL1509094', '150 X 90 X 9 X 4', 'SIKU L', '', 'Batang', 0, 0, 27, '0000-00-00', 9, 27, 0, 0),
('SL20010009706', '200 X 100 X 9''7 X 6', 'SIKU L', '', 'Batang', 8, 0, 40, '0000-00-00', 8, 40, 0, 0),
('U050386MS', '50 X 38 X 6', 'UNP', 'MS', 'Batang', 809, 0, 77, '0000-00-00', 5, 77, 0, 0),
('U065406G', '65 X 40 X 6', 'UNP', 'GLV', 'Batang', 2, 0, 612, '0000-00-00', 36, 612, 0, 0),
('U065406KYF', '65 X 40 X 6', 'UNP', 'KYF', 'Batang', 685, 0, 0, '0000-00-00', 0, 0, 0, 0),
('U065406MS', '65 X 40 X 6', 'UNP', 'MS', 'Batang', 183, 0, 1528, '0000-00-00', 88, 1528, 0, 0),
('U080456MS', '80 X 45 X 6', 'UNP', 'MS', 'Batang', 566, 0, 6680, '0000-00-00', 386, 6680, 0, 0),
('U1005012', '100 X 50 X 12', 'UNP', '', 'Batang', 0, 0, 33, '0000-00-00', 1, 33, 0, 0),
('U10050376LN', '100 X 50 X 6', 'UNP', 'LN', 'Batang', 1418, 0, 5241, '0000-00-00', 321, 5241, 0, 0),
('U10050424356LN', '100 X 50 X (4''2/4''3) X 6', 'UNP', 'LN', 'Batang', 300, 0, 0, '0000-00-00', 0, 0, 0, 0),
('U100506MS', '100 X 50 X 6', 'UNP', 'MS', 'Batang', 1737, 0, 4910, '0000-00-00', 334, 4910, 0, 0),
('U100506XW', '100 X 50 X 6', 'UNP', 'XW', 'Batang', 527, 0, 6360, '0000-00-00', 329, 6360, 0, 0),
('U1205512', '120 X 55 X 12', 'UNP', '', 'Batang', 2, 0, 252, '0000-00-00', 5, 252, 0, 0),
('U1205545556LN', '120 X 55 X 4,5/5,5 X 6', 'UNP', 'LN', 'Batang', 2, 0, 418, '0000-00-00', 11, 418, 0, 0),
('U120556MS', '120 X 55 X 6', 'UNP', 'MS', 'Batang', 412, 0, 2357, '0000-00-00', 65, 2357, 0, 0),
('U1256512LN', '125 X 65 X 12', 'UNP', 'LN', 'Batang', 0, 0, 4512, '0000-00-00', 122, 4512, 0, 0),
('U125656', '125 X 65 X 6       MS', 'UNP', '', 'Batang', 196, 0, 1486, '0000-00-00', 48, 1486, 0, 0),
('U125656KYF', '125 X 65 X 6', 'UNP', 'KYF', 'Batang', 296, 0, 0, '0000-00-00', 129, 0, 0, 0),
('U125656LN', '125 X 65 X 6', 'UNP', 'LN', 'Batang', 375, 0, 0, '0000-00-00', 0, 0, 0, 0),
('U1406012', '140 X 60 X 12', 'UNP', '', 'Batang', 26, 0, 2968, '0000-00-00', 79, 2968, 0, 0),
('U140606LN', '140 X 60 X 6', 'UNP', 'LN', 'Batang', 0, 0, 1504, '0000-00-00', 41, 1504, 0, 0),
('U1406MS', '140 X 60 X 6', 'UNP', 'MS', 'Batang', 0, 0, 1553, '0000-00-00', 47, 1553, 0, 0),
('U1507512KS', '150 X 75 X 12', 'UNP', 'KS', 'Batang', 0, 0, 19765, '0000-00-00', 533, 19765, 0, 0),
('U1507512LN', '150 X 75 X 12', 'UNP', 'LN', 'Batang', 5, 0, 370, '0000-00-00', 10, 370, 0, 0),
('U150756KS', '150 X 75 X 6', 'UNP', 'KS', 'Batang', 0, 0, 0, '0000-00-00', 0, 0, 0, 0),
('U150756KSTD', '150 X 75 X 6', 'UNP', 'KSTD', 'Batang', 0, 0, 4325, '0000-00-00', 101, 4325, 0, 0),
('U150756LN', '150 X 75 X 6', 'UNP', 'LN', 'Batang', 797, 0, 666, '0000-00-00', 18, 666, 0, 0),
('U150756MS', '150 X 75 X 6', 'UNP', 'MS', 'Batang', 101, 0, 2985, '0000-00-00', 71, 2985, 0, 0),
('U150756XW', '150 X 75 X 6', 'UNP', 'XW', 'Batang', 323, 0, 20771, '0000-00-00', 639, 20771, 0, 0),
('U1509012', '150 X 90 X 12', 'UNP', '', 'Batang', 3, 0, 111, '0000-00-00', 3, 111, 0, 0),
('U160656LN', '160 X 65 X 6', 'UNP', 'LN', 'Batang', 7, 0, 113, '0000-00-00', 3, 113, 0, 0),
('U160659', '160 X 65 X 9', 'UNP', '', 'Batang', 0, 0, 148, '0000-00-00', 4, 148, 0, 0),
('U178559', '178 X 55 X 9', 'UNP', '', 'Batang', 5, 0, 353, '0000-00-00', 10, 353, 0, 0),
('U1805212LN', '180 X 52 X 12', 'UNP', 'LN', 'Batang', 1, 0, 2590, '0000-00-00', 70, 2590, 0, 0),
('U180656LN', '180 X 65 X 6', 'UNP', 'LN', 'Batang', 0, 0, 5400, '0000-00-00', 144, 5400, 0, 0),
('U1807012LN', '180 X 70 X 12', 'UNP', 'LN', 'Batang', 0, 0, 49, '0000-00-00', 1, 49, 0, 0),
('U180706', '180 X 70 X 6    LN', 'UNP', '', 'Batang', 0, 0, 1157, '0000-00-00', 44, 1157, 0, 0),
('U180756LN', '180 X 75 X 6', 'UNP', 'LN', 'Batang', 0, 0, 0, '0000-00-00', 0, 0, 0, 0),
('U200756LN', '200 X 75 X 6', 'UNP', 'LN', 'Batang', 46, 0, 3237, '0000-00-00', 129, 3237, 0, 0),
('U200756MS', '200 X 75 X 6', 'UNP', 'MS', 'Batang', 167, 0, 177, '0000-00-00', 5, 177, 0, 0),
('U2008012KS', '200 X 80 X 12', 'UNP', 'KS', 'Batang', 137, 0, 8325, '0000-00-00', 274, 8325, 0, 0),
('U200806KSTD', '200 X 80 X 6', 'UNP', 'KS', 'Batang', 65, 0, 3729, '0000-00-00', 137, 3729, 0, 0),
('U200806LN', '200 X 80 X 6', 'UNP', 'LN', 'Batang', 10, 0, 1171, '0000-00-00', 43, 1171, 0, 0),
('U2009010LN', '200 X 90 X 10', 'UNP', 'LN', 'Batang', 11, 0, 1411, '0000-00-00', 47, 1411, 0, 0),
('U200906LN', '200 X 90 X 6', 'UNP', 'LN', 'Batang', 148, 0, 14100, '0000-00-00', 470, 14100, 0, 0),
('U200909G', '200 X 90 X 9', 'UNP', 'GALVANIZED', 'Batang', 5, 0, 145, '0000-00-00', 5, 145, 0, 0),
('U220756LN', '220 X 75 X 6', 'UNP', 'LN', 'Batang', 2, 0, 0, '0000-00-00', 0, 0, 0, 0),
('U2408512LN', '240 X 85 X 12', 'UNP', 'LN', 'Batang', 236, 0, 10432, '0000-00-00', 348, 10432, 0, 0),
('U240856LN', '240 X 85 X 6', 'UNP', 'LN', 'Batang', 0, 0, 122, '0000-00-00', 4, 122, 0, 0),
('U250806LN', '250 X 80 X 6', 'UNP', 'LN', 'Batang', 3, 0, 120, '0000-00-00', 4, 120, 0, 0),
('U2509012KS', '250 X 90 X 12', 'UNP', 'KS', 'Batang', 128, 0, 2440, '0000-00-00', 78, 2440, 0, 0),
('U2509012LN', '250 X 90 X 12', 'UNP', 'LN', 'Batang', 1, 0, 299, '0000-00-00', 10, 299, 0, 0),
('U250906KS', '250 X 90 X 6', 'UNP', 'KS', 'Batang', 151, 0, 2610, '0000-00-00', 87, 2610, 0, 0),
('U250906LN', '250 X 90 X 6', 'UNP', 'LN', 'Batang', 1, 0, 342, '0000-00-00', 12, 342, 0, 0),
('U250906MS', '250 X 90 X 6', 'UNP', 'MS', 'Batang', 0, 0, 0, '0000-00-00', 0, 0, 0, 0),
('U250906XW', '250 X 90 X 6', 'UNP', 'XW', 'Batang', 3, 0, 0, '0000-00-00', 0, 0, 0, 0),
('U2609012LN', '260 X 90 X 12', 'UNP', 'LN', 'Batang', 18, 0, 11280, '0000-00-00', 376, 11280, 0, 0),
('U260906LN', '260 X 90 X 6', 'UNP', 'LN', 'Batang', 1, 0, 116, '0000-00-00', 4, 116, 0, 0),
('U3008512LN', '300 X 85 X 12', 'UNP', 'LN', 'Batang', 102, 0, 0, '0000-00-00', 0, 0, 0, 0),
('U3008536', '300 X 85 X 3,6', 'UNP', '', 'Batang', 0, 0, 17, '0000-00-00', 1, 17, 0, 0),
('U300856LN', '300 X 85 X 6', 'UNP', 'LN', 'Batang', 15, 0, 0, '0000-00-00', 0, 0, 0, 0),
('U300874LN', '300 X 87 X 4', 'UNP', 'LN', 'Batang', 0, 0, 52, '0000-00-00', 1, 52, 0, 0),
('U3009012LN', '300 X 90 X 12', 'UNP', 'LN', 'Batang', 32, 0, 19, '0000-00-00', 1, 19, 0, 0),
('U3808612LN', '380 X 86 X 12', 'UNP', 'LN', 'Batang', 0, 0, 90, '0000-00-00', 3, 90, 0, 0),
('WF1507512GG', '150 X 75 X 12', 'IWF', 'GG', 'Batang', 0, 0, 7072, '0000-00-00', 112, 7072, 0, 0),
('WF1507512KS', '150 X 75 X 12', 'IWF', 'KS', 'Batang', 621, 0, 22442, '0000-00-00', 441, 22442, 0, 0),
('WF1507512LN', '150 X 75 X 12', 'IWF', 'LN', 'Batang', 1, 0, 8, '0000-00-00', 2, 8, 0, 0),
('WF1507512TD', '150 X 75 X 12', 'IWF', 'TD', 'Batang', 0, 0, 58, '0000-00-00', 4, 58, 0, 0),
('WF150756GG', '150 X 75 X 6', 'IWF', 'GG', 'Batang', 0, 0, 0, '0000-00-00', 0, 0, 0, 0),
('WF150756KS', '150 X 75 X 6', 'IWF', 'KS', 'Batang', 18, 0, 59, '0000-00-00', 3, 59, 0, 0),
('WF150756TD', '150 X 75 X 6', 'IWF', 'TD/ LN', 'Batang', 0, 0, 142, '0000-00-00', 15, 142, 0, 0),
('WF1989912GG', '198 X 99 X 12', 'IWF', 'GG', 'Batang', 58, 0, 0, '0000-00-00', 0, 0, 0, 0),
('WF1989912LN', '198 X 99 X 12', 'IWF', 'LN', 'Batang', 13, 0, 0, '0000-00-00', 0, 0, 0, 0),
('WF1989912TD', '198 X 99 X 12', 'IWF', 'TD', 'Batang', 0, 0, 105, '0000-00-00', 2, 105, 0, 0),
('WF198996TD', '198 X 99 X 6', 'IWF', 'TD', 'Batang', 2, 0, 45, '0000-00-00', 3, 45, 0, 0),
('WF20010012GG', '200 X 100 X 12', 'IWF', 'GG', 'Batang', 22, 0, 0, '0000-00-00', 0, 0, 0, 0),
('WF20010012KS', '200 X 100 X 12', 'IWF', 'KS', 'Batang', 0, 0, 10, '0000-00-00', 12, 10, 0, 0),
('WF20010012LN', '200 X 100 X 12', 'IWF', 'LN', 'Batang', 0, 0, 0, '0000-00-00', 0, 0, 0, 0),
('WF20010012TD', '200 X 100 X 12', 'IWF', 'TD', 'Batang', 0, 0, 535, '0000-00-00', 10, 535, 0, 0),
('WF2001006KSTD', '200 X 100 X 6', 'IWF', 'KSTD', 'Batang', 1, 0, 161, '0000-00-00', 8, 161, 0, 0),
('WF2401756', '240 X 175 X 6', 'IWF', '', 'Batang', 2, 0, 30, '0000-00-00', 2, 30, 0, 0),
('WF24812412GG', '248 X 124 X 12', 'IWF', 'GG', 'Batang', 71, 0, 366, '0000-00-00', 6, 366, 0, 0),
('WF24812412KS', '248 X 124 X 12', 'IWF', 'KS', 'Batang', 0, 0, 0, '0000-00-00', 0, 0, 0, 0),
('WF24812412LN', '248 X 124 X 12', 'IWF', 'LN', 'Batang', 0, 0, 4368, '0000-00-00', 91, 4368, 0, 0),
('WF24812412TD', '248 X 124 X 12', 'IWF', 'TD', 'Batang', 4, 0, 405, '0000-00-00', 8, 405, 0, 0),
('WF2481246', '248 X 124 X 6', 'IWF', 'BAGUS', 'Batang', 1, 0, 0, '0000-00-00', 0, 0, 0, 0),
('WF2481246TD', '248 X 124 X 6', 'IWF', 'TD', 'Batang', 12, 0, 198, '0000-00-00', 12, 198, 0, 0),
('WF25012512GG', '250 X 125 X 12', 'IWF', 'GG', 'Batang', 100, 0, 32, '0000-00-00', 1, 32, 0, 0),
('WF25012512KS', '250 X 125 X 12', 'IWF', 'KS', 'Batang', 507, 0, 9702, '0000-00-00', 192, 9702, 0, 0),
('WF25012512LN', '250 X 125 X 12', 'IWF', 'LN', 'Batang', 0, 0, 425, '0000-00-00', 107, 425, 0, 0),
('WF25012512MENIKS', '250 X 125 X 12', 'IWF', 'MENI KS', 'Batang', 1, 0, 100, '0000-00-00', 2, 100, 0, 0),
('WF25012512TD', '250 X 125 X 12', 'IWF', 'TD', 'Batang', 0, 0, 3337, '0000-00-00', 65, 3337, 0, 0),
('WF2501256GG', '250 X 125 X 6', 'IWF', 'GG', 'Batang', 0, 0, 0, '0000-00-00', 0, 0, 0, 0),
('WF2501256KS', '250 X 125 X 6', 'IWF', 'KS', 'Batang', 72, 0, 1161, '0000-00-00', 76, 1161, 0, 0),
('WF2501256KSR', '250 X 125 X 6', 'IWF', 'KS-R', 'Batang', 8, 0, 15, '0000-00-00', 15, 15, 0, 0),
('WF29420012', '294 X 200 X 12', 'IWF', '', 'Batang', 2, 0, 100, '0000-00-00', 2, 100, 0, 0),
('WF29814912GG', '298 X 149 X 12', 'IWF', 'GG', 'Batang', 41, 0, 0, '0000-00-00', 0, 0, 0, 0),
('WF29814912LN', '298 X 149 X 12', 'IWF', 'LN', 'Batang', 25, 0, 0, '0000-00-00', 0, 0, 0, 0),
('WF30015012GG', '300 X 150 X 12', 'IWF', 'GG', 'Batang', 158, 0, 77, '0000-00-00', 2, 77, 0, 0),
('WF30015012LN', '300 X 150 X 12', 'IWF', 'LN', 'Batang', 3, 0, 0, '0000-00-00', 0, 0, 0, 0),
('WF3001506GG', '300 X 150 X 6', 'IWF', 'GG', 'Batang', 0, 0, 0, '0000-00-00', 0, 0, 0, 0),
('WF3001506TD', '300 X 150 X 6', 'IWF', 'TD', 'Batang', 4, 0, 157, '0000-00-00', 11, 157, 0, 0),
('WF34617412GG', '346 X 174 X 12', 'IWF', 'GG', 'Batang', 2, 0, 959, '0000-00-00', 19, 959, 0, 0),
('WF34617412LN', '346 X 174 X 12', 'IWF', 'LN', 'Batang', 137, 0, 5096, '0000-00-00', 104, 5096, 0, 0),
('WF3461746TD', '346 X 174 X 6', 'IWF', 'TD', 'Batang', 2, 0, 105, '0000-00-00', 7, 105, 0, 0),
('WF35017512GG', '350 X 175 X 12', 'IWF', 'GG', 'Batang', 43, 0, 1450, '0000-00-00', 29, 1450, 0, 0),
('WF35017512GGTD', '350 X 175 X 12', 'IWF', 'GGTD', 'Batang', 4, 0, 342, '0000-00-00', 12, 342, 0, 0),
('WF35017512LN', '350 X 175 X 12', 'IWF', 'LN', 'Batang', 0, 0, 5564, '0000-00-00', 112, 5564, 0, 0),
('WF3501756TD', '350 X 175 X 6', 'IWF', 'TD', 'Batang', 5, 0, 119, '0000-00-00', 8, 119, 0, 0),
('WF39619912GG', '396 X 199 X 12', 'IWF', 'GG', 'Batang', 0, 0, 100, '0000-00-00', 2, 100, 0, 0),
('WF39619912LN', '396 X 199 X 12', 'IWF', 'LN', 'Batang', 0, 0, 0, '0000-00-00', 0, 0, 0, 0),
('WF40020012GG', '400 X 200 X 12', 'IWF', 'GG', 'Batang', 35, 0, 765, '0000-00-00', 20, 765, 0, 0),
('WF40020012LN', '400 X 200 X 12', 'IWF', 'LN', 'Batang', 0, 0, 4603, '0000-00-00', 91, 4603, 0, 0),
('WF44619912LN', '446 X 199 X 12', 'IWF', 'LN', 'Batang', 1, 0, 0, '0000-00-00', 0, 0, 0, 0),
('WF45020012GG', '450 X 200 X 12', 'IWF', 'GG', 'Batang', 17, 0, 0, '0000-00-00', 0, 0, 0, 0),
('WF45020012LN', '450 X 200 X 12', 'IWF', 'LN', 'Batang', 30, 0, 4142, '0000-00-00', 84, 4142, 0, 0),
('WF4502006TD', '450 X 200 X 6', 'IWF', 'TD', 'Batang', 1, 0, 15, '0000-00-00', 1, 15, 0, 0),
('WF49620012LN', '496 X 200 X 12', 'IWF', 'LN', 'Batang', 0, 0, 49, '0000-00-00', 1, 49, 0, 0),
('WF50020012GG', '500 X 200 X 12', 'IWF', 'GG/NUR CHY', 'Batang', 7, 0, 0, '0000-00-00', 0, 0, 0, 0),
('WF50020012LN', '500 X 200 X 12', 'IWF', 'LN', 'Batang', 26, 0, 129, '0000-00-00', 0, 129, 0, 0),
('WF5002006TD', '500 X 200 X 6', 'IWF', 'TD', 'Batang', 0, 0, 15, '0000-00-00', 1, 15, 0, 0),
('WF58230012LN', '582 X 300 X 12', 'IWF', 'LN', 'Batang', 3, 0, 27, '0000-00-00', 3, 27, 0, 0),
('WF58830012LN', '588 X 300 X 12', 'IWF', 'LN', 'Batang', 7, 0, 673, '0000-00-00', 11, 673, 0, 0),
('WF5883006TD', '588 X 300 X 6', 'IWF', 'TD', 'Batang', 0, 0, 15, '0000-00-00', 1, 15, 0, 0),
('WF60020012GG', '600 X 200 X 12', 'IWF', 'GG', 'Batang', 16, 0, 0, '0000-00-00', 0, 0, 0, 0),
('WF60020012GGTD', '600 X 200 X 12', 'IWF', 'GGTD', 'Batang', 0, 0, 140, '0000-00-00', 10, 140, 0, 0),
('WF60020012LN', '600 X 200 X 12', 'IWF', 'LN', 'Batang', 10, 0, 637, '0000-00-00', 13, 637, 0, 0),
('WF6002006TD', '600 X 200 X 6', 'IWF', 'TD', 'Batang', 1, 0, 15, '0000-00-00', 1, 15, 0, 0),
('WF70030012LN', '700 X 300 X 12', 'IWF', 'LN', 'Batang', 50, 0, 0, '0000-00-00', 0, 0, 0, 0),
('WF76027012LN', '760 X 270 X 12', 'IWF', 'LN', 'Batang', 1, 0, 637, '0000-00-00', 13, 637, 0, 0),
('WFNS25014954', '250 X 149 X 5,4', 'IWF', 'NS', 'Batang', 1, 0, 8, '0000-00-00', 1, 8, 0, 0),
('WFNS2981498', '298 X 149 X 8', 'IWF', 'NS', 'Batang', 1, 0, 8, '0000-00-00', 1, 8, 0, 0),
('WFNS2981499', '298 X 149 X 9', 'IWF', 'NS', 'Batang', 2, 0, 16, '0000-00-00', 2, 16, 0, 0),
('WFNS3961998', '396 X 199 X 8', 'IWF', 'NS', 'Batang', 1, 0, 8, '0000-00-00', 1, 8, 0, 0),
('WFNS53520512LN', '535 X 205 X 12', 'IWF', 'NS - LN', 'Batang', 2, 0, 0, '0000-00-00', 0, 0, 0, 0),
('WFNS588300325', '588 X 300 X 3,25', 'IWF', 'NS', 'Batang', 0, 0, 16, '0000-00-00', 2, 16, 0, 0),
('WFNS6002009', '600 X 200 X 9', 'IWF', 'NS-GG', 'Batang', 0, 0, 0, '0000-00-00', 0, 0, 0, 0),
('WFNS70030010', '700 X 300 X 10', 'IWF', 'NS', 'Batang', 0, 0, 8, '0000-00-00', 1, 8, 0, 0);

-- --------------------------------------------------------

--
-- Table structure for table `bpb_d`
--

CREATE TABLE IF NOT EXISTS `bpb_d` (
  `Kode` int(11) NOT NULL AUTO_INCREMENT,
  `No_Bpb` varchar(25) NOT NULL,
  `Kode_brg` varchar(22) NOT NULL,
  `Qty1` int(11) NOT NULL,
  `Keterangan` varchar(30) DEFAULT NULL,
  PRIMARY KEY (`Kode`)
) ENGINE=InnoDB  DEFAULT CHARSET=latin1 AUTO_INCREMENT=23 ;

--
-- Dumping data for table `bpb_d`
--

INSERT INTO `bpb_d` (`Kode`, `No_Bpb`, `Kode_brg`, `Qty1`, `Keterangan`) VALUES
(10, '1310001', 'B1307004', 1, ''),
(11, '1310001', 'B1307005', 2, ''),
(12, '1310002', 'B1307006', 10, ''),
(13, '1310002', 'B1307004', 15, ''),
(14, '1310003', 'B1307001', 2, ''),
(15, '1310003', 'B1307003', 2, ''),
(16, '1310003', 'B1307006', 15, ''),
(17, '1310003', 'B1307004', 255, ''),
(18, '1310004', 'B1307001', 50, ''),
(19, '1310004', 'B1307002', 20, ''),
(20, '1310004', 'B1307003', 30, ''),
(21, '1310004', 'B1307006', 15, ''),
(22, '1310004', '', 0, '');

-- --------------------------------------------------------

--
-- Table structure for table `bpb_h`
--

CREATE TABLE IF NOT EXISTS `bpb_h` (
  `No_Bpb` varchar(25) NOT NULL,
  `Tgl_Bpb` date NOT NULL,
  `No_Reff` varchar(25) NOT NULL,
  `Kode_Supp` varchar(25) NOT NULL,
  `Kode_Gudang` varchar(25) NOT NULL,
  `No_Po` varchar(25) NOT NULL,
  PRIMARY KEY (`No_Bpb`)
) ENGINE=InnoDB DEFAULT CHARSET=latin1;

--
-- Dumping data for table `bpb_h`
--

INSERT INTO `bpb_h` (`No_Bpb`, `Tgl_Bpb`, `No_Reff`, `Kode_Supp`, `Kode_Gudang`, `No_Po`) VALUES
('1310001', '2013-10-27', '123456', 'S1307002', 'G1307001', 'PO1309002'),
('1310002', '2013-10-27', '123456', 'S1307003', 'G1307002', 'PO1309001'),
('1310003', '2013-10-27', '5285847777', 'S1309001', 'G1309003', 'PO1309005'),
('1310004', '2013-10-27', '25847747', 'S1309001', 'G1310001', 'PO1309006');

-- --------------------------------------------------------

--
-- Table structure for table `currency`
--

CREATE TABLE IF NOT EXISTS `currency` (
  `value` varchar(10) NOT NULL
) ENGINE=InnoDB DEFAULT CHARSET=latin1;

--
-- Dumping data for table `currency`
--

INSERT INTO `currency` (`value`) VALUES
('Rupiah'),
('Dollar'),
('Yen'),
('Peso'),
('Gira');

-- --------------------------------------------------------

--
-- Table structure for table `do_d`
--

CREATE TABLE IF NOT EXISTS `do_d` (
  `No` int(11) NOT NULL AUTO_INCREMENT,
  `No_Do` varchar(20) NOT NULL,
  `Kode_Brg` varchar(22) NOT NULL,
  `Qty` int(11) NOT NULL,
  `Harga` decimal(15,0) NOT NULL,
  `Jumlah` decimal(15,0) NOT NULL,
  `Status` varchar(1) NOT NULL,
  `Keterangan` varchar(30) NOT NULL,
  PRIMARY KEY (`No`)
) ENGINE=InnoDB  DEFAULT CHARSET=latin1 AUTO_INCREMENT=26 ;

--
-- Dumping data for table `do_d`
--

INSERT INTO `do_d` (`No`, `No_Do`, `Kode_Brg`, `Qty`, `Harga`, `Jumlah`, `Status`, `Keterangan`) VALUES
(16, '1310001', 'B1307006', 5, 1000000, 5000000, '', ''),
(17, '1310002', 'B1307006', 7, 100000, 700000, '', ''),
(18, '1310002', 'B1307003', 7, 200000, 1400000, '', ''),
(19, '1310002', 'B1307004', 7, 10000000, 70000000, '', ''),
(20, '1310003', 'B1307003', 3, 1000000, 3000000, '', ''),
(21, '1310003', 'B1307004', 7, 500000, 3500000, '', ''),
(22, '1310003', 'B1307005', 5, 100000, 500000, '', ''),
(23, '1310003', 'B1307001', 7, 300000, 2100000, '', ''),
(24, '1310003', 'B1307006', 5, 200000, 1000000, '', ''),
(25, '1310004', 'PPH00246W', 10, 100000, 1000000, '', '1111111');

-- --------------------------------------------------------

--
-- Table structure for table `do_h`
--

CREATE TABLE IF NOT EXISTS `do_h` (
  `No_Do` varchar(10) NOT NULL,
  `Tgl` date NOT NULL,
  `No_Po` varchar(25) DEFAULT NULL,
  `Tgl_Po` date DEFAULT NULL,
  `Kode_Plg` varchar(10) NOT NULL,
  `Kode_Gudang` varchar(10) NOT NULL,
  `Kirim` varchar(1) DEFAULT NULL,
  `Otorisasi` varchar(30) NOT NULL,
  `Total` decimal(15,0) NOT NULL,
  `discount` int(11) DEFAULT NULL,
  `dpp` int(11) NOT NULL,
  `ppn` int(11) NOT NULL,
  `grandttl` decimal(15,0) NOT NULL,
  PRIMARY KEY (`No_Do`)
) ENGINE=InnoDB DEFAULT CHARSET=latin1;

--
-- Dumping data for table `do_h`
--

INSERT INTO `do_h` (`No_Do`, `Tgl`, `No_Po`, `Tgl_Po`, `Kode_Plg`, `Kode_Gudang`, `Kirim`, `Otorisasi`, `Total`, `discount`, `dpp`, `ppn`, `grandttl`) VALUES
('1310001', '2013-10-28', '', '1970-01-01', 'P1307001', '8', NULL, 'admin', 5000000, 1, 4950000, 1, 4999500),
('1310002', '2013-10-28', '123456', '2013-10-30', 'P1307001', '8', NULL, 'eddy', 72100000, 1, 71379000, 1, 72092790),
('1310003', '2013-10-28', '123456789', '1970-01-01', 'P1307003', '8', NULL, 'Edson', 10100000, 1, 9999000, 5, 10498950),
('1310004', '2013-10-29', 'aaa12', '2013-10-16', 'P1307005', '8', NULL, 'Eddy', 1000000, 10, 900000, 10, 990000);

-- --------------------------------------------------------

--
-- Table structure for table `gudang`
--

CREATE TABLE IF NOT EXISTS `gudang` (
  `Kode` varchar(22) NOT NULL,
  `Nama` varchar(30) NOT NULL,
  `Alamat` varchar(30) NOT NULL,
  `Alamat2` varchar(30) DEFAULT NULL,
  `Kota` varchar(15) NOT NULL,
  `Telp` varchar(15) NOT NULL,
  `Milik_Sendiri` varchar(1) DEFAULT NULL,
  `Telp1` varchar(15) DEFAULT NULL,
  `Fax` varchar(15) NOT NULL,
  `Fax1` varchar(15) DEFAULT NULL,
  `Contac1` varchar(25) DEFAULT NULL,
  `Contac2` varchar(15) DEFAULT NULL,
  `Title1` varchar(4) DEFAULT NULL,
  `Title2` varchar(4) DEFAULT NULL,
  PRIMARY KEY (`Kode`)
) ENGINE=InnoDB DEFAULT CHARSET=latin1;

--
-- Dumping data for table `gudang`
--

INSERT INTO `gudang` (`Kode`, `Nama`, `Alamat`, `Alamat2`, `Kota`, `Telp`, `Milik_Sendiri`, `Telp1`, `Fax`, `Fax1`, `Contac1`, `Contac2`, `Title1`, `Title2`) VALUES
('G1307001', 'Special Warehouse', 'Jl.Semesta Alam 3', NULL, 'Jakarta', '08524795555', NULL, '08125852555', '012-345', '067-890', NULL, NULL, NULL, NULL),
('G1307002', 'Gudang Murni', 'Jl.Semesta', NULL, 'Jakarta', '0123456789', NULL, '', '0551 2575', '', NULL, NULL, NULL, NULL),
('G1309001', 'Gudang Satu', 'Jl. Satu', NULL, 'Satu', '085247956204', NULL, '575475675675', '085247956204', '085247956204', NULL, NULL, NULL, NULL),
('G1309002', 'Gudag Dua', 'Jl. Belok Dua', NULL, 'Jakarta', '02547778522', NULL, '', '155288254', '', NULL, NULL, NULL, NULL),
('G1309003', 'Gudang Tiga', 'Jl. Sepon', NULL, 'Sepon', '456123789', NULL, '', '456123789', '', NULL, NULL, NULL, NULL),
('G1309004', 'Gudang Empat', 'Jl. Empat', NULL, 'Empat', '1234555', NULL, '', '1234444', '', NULL, NULL, NULL, NULL),
('G1310001', 'tes', 'tess', NULL, 'tess', '214214124214', NULL, '', '42142142421412', '', NULL, NULL, NULL, NULL);

-- --------------------------------------------------------

--
-- Table structure for table `invoice`
--

CREATE TABLE IF NOT EXISTS `invoice` (
  `Kode` varchar(8) NOT NULL,
  `Kode_SO` varchar(10) NOT NULL,
  `Term` int(11) NOT NULL,
  `Tgl` date NOT NULL,
  `Status` varchar(200) DEFAULT NULL
) ENGINE=InnoDB DEFAULT CHARSET=latin1;

--
-- Dumping data for table `invoice`
--

INSERT INTO `invoice` (`Kode`, `Kode_SO`, `Term`, `Tgl`, `Status`) VALUES
('1310001', 'SO1309003', 5, '2013-10-12', NULL);

-- --------------------------------------------------------

--
-- Table structure for table `mobil`
--

CREATE TABLE IF NOT EXISTS `mobil` (
  `No_mobil` varchar(15) NOT NULL,
  `Jenis` varchar(20) DEFAULT NULL,
  PRIMARY KEY (`No_mobil`)
) ENGINE=InnoDB DEFAULT CHARSET=latin1;

--
-- Dumping data for table `mobil`
--

INSERT INTO `mobil` (`No_mobil`, `Jenis`) VALUES
('B 0852 VXY', NULL);

-- --------------------------------------------------------

--
-- Table structure for table `muser`
--

CREATE TABLE IF NOT EXISTS `muser` (
  `username` varchar(100) NOT NULL,
  `password` varchar(32) NOT NULL,
  `Nama` varchar(20) NOT NULL,
  `Level` int(11) NOT NULL,
  `Last_Login` timestamp NULL DEFAULT NULL,
  `image` varchar(100) DEFAULT 'user.png',
  PRIMARY KEY (`username`)
) ENGINE=InnoDB DEFAULT CHARSET=latin1;

--
-- Dumping data for table `muser`
--

INSERT INTO `muser` (`username`, `password`, `Nama`, `Level`, `Last_Login`, `image`) VALUES
('ada', '56d43845311fa224342668fc2c72fd97', 'ada', 1, '2013-10-27 15:39:25', 'ada.png'),
('admin', '21232f297a57a5a743894a0e4a801fc3', 'Admin', 1, '2013-10-27 15:39:25', 'user.png'),
('eddy', '5aa8fed9741d33c63868a87f1af05ab7', 'eddy', 2, '2013-10-27 15:39:25', 'eddy.jpg'),
('sip', '06b15d3af713e318d123274a98d70bc9', 'Sip', 1, '2013-10-27 15:39:25', 'sip.png');

-- --------------------------------------------------------

--
-- Table structure for table `os`
--

CREATE TABLE IF NOT EXISTS `os` (
  `No_Do` varchar(7) NOT NULL,
  `Kode_Brg` varchar(22) NOT NULL,
  `QtyDo` decimal(10,0) NOT NULL,
  `QtySj` decimal(10,0) NOT NULL,
  `Habis` varchar(1) NOT NULL,
  PRIMARY KEY (`No_Do`,`Kode_Brg`)
) ENGINE=InnoDB DEFAULT CHARSET=latin1;

-- --------------------------------------------------------

--
-- Table structure for table `pelanggan`
--

CREATE TABLE IF NOT EXISTS `pelanggan` (
  `Kode` varchar(20) NOT NULL,
  `Nama` varchar(30) NOT NULL,
  `Nama1` varchar(30) DEFAULT NULL,
  `Perusahaan` varchar(50) NOT NULL,
  `Alamat1` varchar(40) NOT NULL,
  `Alamat2` varchar(40) DEFAULT NULL,
  `Kota` varchar(15) NOT NULL,
  `KodeP` varchar(5) NOT NULL,
  `Telp` varchar(20) NOT NULL,
  `Telp1` varchar(20) DEFAULT NULL,
  `Telp2` varchar(20) DEFAULT NULL,
  `Fax1` varchar(20) NOT NULL,
  `Fax2` varchar(20) DEFAULT NULL,
  `Limit_Kredit` decimal(12,0) DEFAULT NULL,
  `Piutang` decimal(12,0) DEFAULT NULL,
  `NPWP` varchar(25) NOT NULL,
  `Lama` int(11) DEFAULT NULL,
  PRIMARY KEY (`Kode`)
) ENGINE=InnoDB DEFAULT CHARSET=latin1;

--
-- Dumping data for table `pelanggan`
--

INSERT INTO `pelanggan` (`Kode`, `Nama`, `Nama1`, `Perusahaan`, `Alamat1`, `Alamat2`, `Kota`, `KodeP`, `Telp`, `Telp1`, `Telp2`, `Fax1`, `Fax2`, `Limit_Kredit`, `Piutang`, `NPWP`, `Lama`) VALUES
('P1307001', 'Tony', NULL, 'Stark', 'Jl. Alabama', NULL, 'Bekasi', '11475', '085247447', '0854444458', '-', '0551-8558', '-', NULL, NULL, '258 2587 57771', 15),
('P1307002', 'Agung', NULL, 'Sentosa', 'Jl. Merdeka', NULL, 'Tanggerang', '11758', '085552475', '-', '-', '0221-25475', '', NULL, NULL, '7878 47125 58815', 50),
('P1307003', 'aggagwgw', NULL, 'OK JAJA PT.', 'hesh', NULL, 'hesh', 'seh', '535253', '', '', '123456', '', NULL, NULL, '6346464326', 10),
('P1307004', 'tes', NULL, ' SEMPURNA PT.', 'tes', NULL, 'test', 'est', 'tes', '', '', 'tes', '', NULL, NULL, 'tes', 23),
('P1307005', 'test', NULL, 'OKJAYA PT.', 'ets', NULL, 't', 'tes', 'te', '', '', 'tes', '', NULL, NULL, 'teds', 23),
('P1307006', 'etws', NULL, 'SENTOSOS PT.', 'fgeg', NULL, 'geg', 'gwe', 'fgw', '', '', 'gfewg', '', NULL, NULL, 'bgegb', 11),
('P1307007', 'Soedirman', NULL, 'MERDEKA PT.', 'Jl. Pondok Indah', NULL, 'Jakarta', '11525', '0852478566', '', '', '055248885', '', NULL, NULL, '52225774441', 41),
('P1307008', 'Tesla', NULL, 'Tesla Power', 'Jl. tesla', NULL, 'tes', '35555', '356346', '', '', '123456', '', NULL, NULL, '346346346', 23),
('P1307009', 'Bung Tomo', NULL, ' Bersatu Maju PT.', 'gsegseg', NULL, 'Bandung', '46333', '521353252', '', '', '634634', '', NULL, NULL, '35325', 22),
('P1309001', 'Ogindo', NULL, 'OGINDO PRAKARSATAMA PT.', 'Jl. Ogindo', NULL, 'Bekasi', '13578', '', '6285788555822', '', '02215877', '', 25000000, NULL, '487995577758852', 10),
('P1309002', 'Kim Jong Kook', NULL, 'ABADI BARU YES', 'Jl. Gangnam No.35', NULL, 'Bekasi', '15400', '021-528444485', '', '', '021788588', '', NULL, NULL, '777858442000457', 14),
('P1309003', 'Sidoel Ha', NULL, 'SIDO TENGGELAM', 'Jl. Pajajaran', NULL, 'Bunyu', '11710', '258552282', '52588475552', '55847852566', '258547', '24470444', NULL, NULL, '4356463646463', 7),
('P1309004', 'Yoo Jaes', NULL, ' RUNNING PT.', 'Jl. Sudirman', NULL, 'Tarakan', '11510', '1234567890', '', '', '123456789', '', 100000, NULL, '123456782', 25),
('P1310001', 'tes', NULL, 'tes', 'tes', NULL, 'hrhs', '46346', '332236362', '', '', '62362362363', '', 100000000000, NULL, '235632636', 25);

-- --------------------------------------------------------

--
-- Table structure for table `po_d`
--

CREATE TABLE IF NOT EXISTS `po_d` (
  `No` int(11) NOT NULL AUTO_INCREMENT,
  `Kode_po` varchar(25) NOT NULL,
  `Kode_barang` varchar(25) NOT NULL,
  `Harga` decimal(12,0) DEFAULT NULL,
  `Jumlah` int(11) NOT NULL,
  `Nilai` decimal(12,0) NOT NULL,
  `Keterangan` varchar(20) DEFAULT NULL,
  PRIMARY KEY (`No`)
) ENGINE=InnoDB  DEFAULT CHARSET=latin1 AUTO_INCREMENT=14 ;

--
-- Dumping data for table `po_d`
--

INSERT INTO `po_d` (`No`, `Kode_po`, `Kode_barang`, `Harga`, `Jumlah`, `Nilai`, `Keterangan`) VALUES
(1, 'PO1309001', 'B1307006', 5000, 10, 50000, NULL),
(2, 'PO1309002', 'B1307004', 2000, 5, 10000, NULL),
(3, 'PO1309002', 'B1307005', 10000, 7, 70000, NULL),
(4, 'PO1309003', 'B1307001', 1000, 2, 2000, NULL),
(5, 'PO1309004', 'B1307001', 100, 1, 100, NULL),
(6, 'PO1309004', '', 0, 0, 0, NULL),
(7, 'PO1309005', 'B1307001', 1000, 2, 2000, NULL),
(8, 'PO1309005', 'B1307003', 2000, 2, 4000, NULL),
(9, 'PO1309006', 'B1307001', 209000, 1, 209000, NULL),
(10, 'PO1309006', 'B1307002', 25000, 20, 500000, NULL),
(11, 'PO1309006', 'B1307003', 20000000, 30, 600000000, NULL),
(12, 'PO1309007', 'B1307001', 19999, 2, 39998, NULL),
(13, '1310001', 'B1307006', 2500000, 10, 25000000, NULL);

-- --------------------------------------------------------

--
-- Table structure for table `po_h`
--

CREATE TABLE IF NOT EXISTS `po_h` (
  `Kode` varchar(25) NOT NULL,
  `Tgl_po` date NOT NULL,
  `Tgl_kirim` date DEFAULT NULL,
  `Permintaan` varchar(30) DEFAULT NULL,
  `Currency` varchar(10) NOT NULL,
  `Urgent` varchar(5) NOT NULL,
  `Kode_supplier` varchar(20) NOT NULL,
  `Kode_gudang` varchar(20) DEFAULT NULL,
  `Nama_proyek` varchar(50) DEFAULT NULL,
  `DPP` decimal(11,0) DEFAULT NULL,
  `PPN` int(11) DEFAULT NULL,
  `Total` decimal(10,0) NOT NULL,
  `Counter` int(11) DEFAULT '0',
  PRIMARY KEY (`Kode`)
) ENGINE=InnoDB DEFAULT CHARSET=latin1;

--
-- Dumping data for table `po_h`
--

INSERT INTO `po_h` (`Kode`, `Tgl_po`, `Tgl_kirim`, `Permintaan`, `Currency`, `Urgent`, `Kode_supplier`, `Kode_gudang`, `Nama_proyek`, `DPP`, `PPN`, `Total`, `Counter`) VALUES
('1310001', '2013-10-28', '1970-01-01', 'Tidak Ada', '0', 'Tidak', 'S1307001', 'G1307001', '0', 25000000, 1, 25250000, 3),
('PO1309001', '2013-09-25', '2013-09-27', NULL, 'Rupiah', 'Ya', 'S1307003', 'G1307002', NULL, 100000, 0, 100000, NULL),
('PO1309002', '2013-09-20', '2013-09-25', 'Tidak Ada', '0', 'Ya', 'S1307002', 'G1307001', '0', 80000, 5, 84000, NULL),
('PO1309003', '2013-09-20', '2013-09-22', 'Tidak Ada', 'Rupiah', 'Ya', 'S1307001', 'G1307001', '', 2000, 5, 2100, NULL),
('PO1309004', '2013-09-11', '2013-09-24', 'Tidak Ada', 'Rupiah', 'Tidak', 'S1307001', 'G1307001', '', 100, 0, 100, NULL),
('PO1309005', '2013-09-12', '2013-09-27', 'Tidak Ada', 'Dollar', 'Ya', 'S1309001', 'G1309003', '', 6000, 4, 6240, NULL),
('PO1309006', '2013-10-01', '2013-10-18', 'Tidak Ada', '0', 'Tidak', 'S1309001', 'G1309003', '0', 600709000, 5, 630744450, NULL);

-- --------------------------------------------------------

--
-- Table structure for table `sales`
--

CREATE TABLE IF NOT EXISTS `sales` (
  `Kode` varchar(5) NOT NULL,
  `Nama` varchar(25) NOT NULL,
  PRIMARY KEY (`Kode`)
) ENGINE=InnoDB DEFAULT CHARSET=latin1;

--
-- Dumping data for table `sales`
--

INSERT INTO `sales` (`Kode`, `Nama`) VALUES
('101', 'Eddy'),
('102', 'Edson');

-- --------------------------------------------------------

--
-- Table structure for table `satuan`
--

CREATE TABLE IF NOT EXISTS `satuan` (
  `Kode_satuan` varchar(10) NOT NULL,
  `Value` varchar(10) NOT NULL,
  PRIMARY KEY (`Kode_satuan`)
) ENGINE=InnoDB DEFAULT CHARSET=latin1;

--
-- Dumping data for table `satuan`
--

INSERT INTO `satuan` (`Kode_satuan`, `Value`) VALUES
('Batang', 'Batang'),
('Cm', 'Centimeter'),
('Inci', 'Inci'),
('Kg', 'Kilogram'),
('Lembar', 'Lembar'),
('M', 'Meter'),
('Roll', 'Roll');

-- --------------------------------------------------------

--
-- Table structure for table `saw_d`
--

CREATE TABLE IF NOT EXISTS `saw_d` (
  `No_Saw` varchar(7) NOT NULL,
  `Kd_Brg` varchar(22) NOT NULL,
  `QtySaw1` int(11) NOT NULL
) ENGINE=InnoDB DEFAULT CHARSET=latin1;

--
-- Dumping data for table `saw_d`
--

INSERT INTO `saw_d` (`No_Saw`, `Kd_Brg`, `QtySaw1`) VALUES
('0504013', 'B1309006', 5),
('0504014', 'B1309002', 40),
('0504013', 'B1309004', 20),
('0504014', 'B1309005', 10),
('1310001', 'aaaaa', 23),
('1310001', 'B1307001', 12),
('1310001', 'B1307002', 13),
('1310001', 'B1307003', 0),
('1310001', 'B1307004', 0),
('1310001', 'B1307005', 0),
('1310001', 'B1307006', 0),
('1310001', 'B1309001', 0),
('1310001', 'B1309002', 0),
('1310001', 'B1309003', 0),
('1310001', 'B1309004', 0),
('1310001', 'B1309005', 0),
('1310001', 'B1309006', 0),
('1310002', 'aaaaa', 5),
('1310002', 'B1307001', 4),
('1310002', 'B1307002', 2),
('1310002', 'B1307003', 3),
('1310002', 'B1307004', 1),
('1310002', 'B1307005', 0),
('1310002', 'B1307006', 0),
('1310002', 'B1309001', 0),
('1310002', 'B1309002', 0),
('1310002', 'B1309003', 0),
('1310002', 'B1309004', 0),
('1310002', 'B1309005', 0),
('1310002', 'B1309006', 0);

-- --------------------------------------------------------

--
-- Table structure for table `saw_h`
--

CREATE TABLE IF NOT EXISTS `saw_h` (
  `No_Saw` varchar(7) NOT NULL,
  `Tgl` date NOT NULL,
  `Kd_Gudang` varchar(22) NOT NULL,
  PRIMARY KEY (`No_Saw`)
) ENGINE=InnoDB DEFAULT CHARSET=latin1;

--
-- Dumping data for table `saw_h`
--

INSERT INTO `saw_h` (`No_Saw`, `Tgl`, `Kd_Gudang`) VALUES
('0504013', '2013-10-23', 'G1307001'),
('0504014', '2013-10-25', 'G1307001'),
('1310001', '2013-10-24', 'G1309004'),
('1310002', '2013-10-25', 'G1309001');

-- --------------------------------------------------------

--
-- Table structure for table `sj_d`
--

CREATE TABLE IF NOT EXISTS `sj_d` (
  `No` int(11) NOT NULL AUTO_INCREMENT,
  `No_Sj` varchar(7) NOT NULL,
  `Kode_Brg` varchar(22) NOT NULL,
  `Barang` varchar(50) NOT NULL,
  `Barang_SJ` varchar(50) DEFAULT NULL,
  `Qty1` int(11) NOT NULL,
  `Status` varchar(1) NOT NULL,
  `Keterangan` varchar(30) NOT NULL,
  PRIMARY KEY (`No`)
) ENGINE=InnoDB  DEFAULT CHARSET=latin1 AUTO_INCREMENT=31 ;

--
-- Dumping data for table `sj_d`
--

INSERT INTO `sj_d` (`No`, `No_Sj`, `Kode_Brg`, `Barang`, `Barang_SJ`, `Qty1`, `Status`, `Keterangan`) VALUES
(27, '1310001', 'B1307006', 'Pipa Besi 3 400x500', 'Pipa Besi 3 400x500 ', 7, '', ''),
(28, '1310001', 'B1307003', 'Plat Segi Tiga 25x25x25', 'Plat Segi Tiga 25x25x25 ', 7, '', ''),
(29, '1310001', 'B1307004', 'Pipa Silinder X 15x12', 'Pipa Silinder X 15x12 ', 7, '', ''),
(30, '1310002', 'PS005506', 'P-STRIP 5 X 50 X 6', 'PIPA HITAM 2" (3', 15, '', '1111111');

-- --------------------------------------------------------

--
-- Table structure for table `sj_h`
--

CREATE TABLE IF NOT EXISTS `sj_h` (
  `No_Sj` varchar(7) NOT NULL,
  `Tgl` date NOT NULL,
  `No_Do` varchar(20) NOT NULL,
  `No_Po` varchar(25) NOT NULL,
  `No_Mobil` varchar(15) NOT NULL,
  `Kode_Plg` varchar(20) NOT NULL,
  `Kode_Gudang` varchar(20) NOT NULL,
  `Kirim` int(11) DEFAULT '0',
  `Keterangan` varchar(20) NOT NULL,
  PRIMARY KEY (`No_Sj`)
) ENGINE=InnoDB DEFAULT CHARSET=latin1;

--
-- Dumping data for table `sj_h`
--

INSERT INTO `sj_h` (`No_Sj`, `Tgl`, `No_Do`, `No_Po`, `No_Mobil`, `Kode_Plg`, `Kode_Gudang`, `Kirim`, `Keterangan`) VALUES
('1310001', '2013-10-28', '1310002', '123456', 'A 2592 DY', 'P1307001', 'G1307002', 0, 'Ambil Sendiri'),
('1310002', '2013-10-29', '1310004', 'aaa12', '1111', 'P1307005', 'G1309001', 3, 'Ambil Sendiri');

-- --------------------------------------------------------

--
-- Table structure for table `stock`
--

CREATE TABLE IF NOT EXISTS `stock` (
  `Kode` varchar(22) NOT NULL,
  `Kode_Gudang` varchar(5) NOT NULL,
  `Qty_1` decimal(10,0) NOT NULL,
  `QtyGudang` decimal(10,0) NOT NULL,
  `Tgl_Saw` date NOT NULL,
  `Saw` decimal(10,0) NOT NULL,
  `Terima` decimal(10,0) NOT NULL,
  `Ke_Do` decimal(10,0) NOT NULL,
  `Ke_Sj` decimal(10,0) NOT NULL,
  `Ke_Bpb` decimal(10,0) NOT NULL,
  PRIMARY KEY (`Kode`,`Kode_Gudang`)
) ENGINE=InnoDB DEFAULT CHARSET=latin1;

-- --------------------------------------------------------

--
-- Table structure for table `supplier`
--

CREATE TABLE IF NOT EXISTS `supplier` (
  `Kode` varchar(20) NOT NULL,
  `Nama` varchar(30) NOT NULL,
  `Nama1` varchar(30) DEFAULT NULL,
  `Perusahaan` varchar(50) NOT NULL,
  `Alamat1` varchar(30) NOT NULL,
  `Alamat2` varchar(30) DEFAULT NULL,
  `Kota` varchar(15) NOT NULL,
  `Telp` varchar(20) NOT NULL,
  `Telp1` varchar(20) NOT NULL,
  `Telp2` varchar(20) DEFAULT NULL,
  `Fax1` varchar(20) NOT NULL,
  `Fax2` varchar(20) DEFAULT NULL,
  `Limit_Kredit` decimal(12,0) NOT NULL,
  PRIMARY KEY (`Kode`)
) ENGINE=InnoDB DEFAULT CHARSET=latin1;

--
-- Dumping data for table `supplier`
--

INSERT INTO `supplier` (`Kode`, `Nama`, `Nama1`, `Perusahaan`, `Alamat1`, `Alamat2`, `Kota`, `Telp`, `Telp1`, `Telp2`, `Fax1`, `Fax2`, `Limit_Kredit`) VALUES
('S1307001', 'Tony Stark', NULL, 'Stark Company', 'Jl. Alabama', NULL, 'Tangerang', '085247956204', '', '', '0221 25884', '', 100000000),
('S1307002', 'Cockie', NULL, 'Hammer PT.', 'Jl. Kelma', NULL, 'Bandung', '08522257', '', '', '08547782', '', 0),
('S1307003', 'Arifin', NULL, 'Olala PT.', 'Gedung Energy', NULL, 'Jakarta', '3523362366', '', '', '0552 478855', '', 25000),
('S1309001', 'AFRO', NULL, 'AFRO PACIFIC INDAH STEEL', 'P.Jayakarta No.35', NULL, 'Jakarta', '628 6885 5524', '', '', '02158887', '', 6588558),
('S1309002', 'Ha Dong Hoon', NULL, ' HAHA PT.', 'Jl. Gangnam', NULL, 'Seoul', '0852577752', '', '', '021587745', '', 20000),
('S1309003', 'Turan Boss', NULL, ' TURBO CV.', 'Jl. Speeds', NULL, 'Sebatik', '789456123', '', '', '789456123', '', 20000),
('S1309004', 'Grahams', NULL, 'Graham Bell CV.', 'Jl. Liku', NULL, 'Leavis', '12345679', '', '', '123456', '', 999999999999);

-- --------------------------------------------------------

--
-- Table structure for table `tipe_rekening`
--

CREATE TABLE IF NOT EXISTS `tipe_rekening` (
  `No` int(11) NOT NULL AUTO_INCREMENT,
  `value` varchar(20) NOT NULL,
  PRIMARY KEY (`No`)
) ENGINE=InnoDB  DEFAULT CHARSET=latin1 AUTO_INCREMENT=3 ;

--
-- Dumping data for table `tipe_rekening`
--

INSERT INTO `tipe_rekening` (`No`, `value`) VALUES
(1, 'Tabungan'),
(2, 'Giro');

/*!40101 SET CHARACTER_SET_CLIENT=@OLD_CHARACTER_SET_CLIENT */;
/*!40101 SET CHARACTER_SET_RESULTS=@OLD_CHARACTER_SET_RESULTS */;
/*!40101 SET COLLATION_CONNECTION=@OLD_COLLATION_CONNECTION */;
