-- phpMyAdmin SQL Dump
-- version 4.0.4
-- http://www.phpmyadmin.net
--
-- Host: localhost
-- Generation Time: Jan 08, 2014 at 04:07 PM
-- Server version: 5.6.12-log
-- PHP Version: 5.4.12

SET SQL_MODE = "NO_AUTO_VALUE_ON_ZERO";
SET time_zone = "+00:00";


/*!40101 SET @OLD_CHARACTER_SET_CLIENT=@@CHARACTER_SET_CLIENT */;
/*!40101 SET @OLD_CHARACTER_SET_RESULTS=@@CHARACTER_SET_RESULTS */;
/*!40101 SET @OLD_COLLATION_CONNECTION=@@COLLATION_CONNECTION */;
/*!40101 SET NAMES utf8 */;


-- --------------------------------------------------------

--
-- Table structure for table `account`
--

CREATE TABLE IF NOT EXISTS `account` (
  `id` bigint(20) unsigned NOT NULL AUTO_INCREMENT,
  `username` varchar(24) DEFAULT NULL,
  `email` varchar(160) DEFAULT NULL,
  `password` varchar(60) DEFAULT NULL,
  `createdon` datetime NOT NULL,
  `lastsignedinon` datetime DEFAULT NULL,
  `deletedon` datetime DEFAULT NULL,
  `suspendedon` date DEFAULT NULL,
  PRIMARY KEY (`id`),
  UNIQUE KEY `username` (`username`)
) ENGINE=MyISAM  DEFAULT CHARSET=utf8 ROW_FORMAT=DYNAMIC AUTO_INCREMENT=14 ;

--
-- Dumping data for table `account`
--

INSERT INTO `account` (`id`, `username`, `email`, `password`, `createdon`, `lastsignedinon`, `deletedon`, `suspendedon`) VALUES
(1, 'sip', 'echristiandy@gmail.com', '$2a$08$EpL7hUxE5B7CcYZK5s9fUODiqaHs35HFZjhw4bI1ofjhmiWmj2dY2', '2013-11-28 00:00:00', '2014-01-08 07:43:02', NULL, NULL),
(11, 'edson', 'edson@gmail.com', '$2a$08$pOwMxz/XnpqfJwskHY/PQeSJp1W90GE4CrmeDeeHpqEFvUjxELEoK', '2013-11-28 19:42:58', '2013-11-28 19:57:40', NULL, NULL),
(12, 'admin', 'admin@admin.com', '$2a$08$Vt0EO99XOd0bz3Dhie/klOfRDuAxkBeN4KLqy..AvSgIwUJIlKyMK', '2013-11-30 14:43:49', NULL, NULL, NULL),
(13, 'joyne', 'joyne@sisfo.com', '$2a$08$63vV5n.lz1GLzFw3J4WpjOwJH20lNGKrmjL6XRCGEyzVZOUqUKyp.', '2014-01-07 06:47:38', NULL, NULL, NULL);

-- --------------------------------------------------------

--
-- Table structure for table `account_details`
--

CREATE TABLE IF NOT EXISTS `account_details` (
  `account_id` bigint(20) unsigned NOT NULL,
  `fullname` varchar(160) DEFAULT NULL,
  `firstname` varchar(80) DEFAULT NULL,
  `lastname` varchar(80) DEFAULT NULL,
  `phone` varchar(15) DEFAULT NULL,
  `dateofbirth` date DEFAULT NULL,
  `gender` char(1) DEFAULT NULL,
  `address` varchar(200) DEFAULT NULL,
  `postalcode` varchar(40) DEFAULT NULL,
  `picture` varchar(240) DEFAULT NULL,
  PRIMARY KEY (`account_id`)
) ENGINE=MyISAM DEFAULT CHARSET=utf8 ROW_FORMAT=DYNAMIC;

--
-- Dumping data for table `account_details`
--

INSERT INTO `account_details` (`account_id`, `fullname`, `firstname`, `lastname`, `phone`, `dateofbirth`, `gender`, `address`, `postalcode`, `picture`) VALUES
(1, NULL, 'Sip', 'Admin', '085247956204', '1992-09-25', 'm', 'jl. Kaki Lima', '11510', NULL),
(11, NULL, 'Edson', 'Colins', NULL, NULL, 'm', NULL, NULL, NULL),
(13, NULL, 'Joyne', NULL, NULL, NULL, NULL, NULL, NULL, NULL),
(12, NULL, 'admin', 'pelita', '123456789', NULL, NULL, NULL, NULL, NULL);

-- --------------------------------------------------------

--
-- Table structure for table `acl_permission`
--

CREATE TABLE IF NOT EXISTS `acl_permission` (
  `id` bigint(20) unsigned NOT NULL AUTO_INCREMENT,
  `key` varchar(80) COLLATE utf8_unicode_ci NOT NULL,
  `description` varchar(160) COLLATE utf8_unicode_ci DEFAULT NULL,
  `suspendedon` datetime DEFAULT NULL,
  `is_system` tinyint(1) NOT NULL DEFAULT '0',
  PRIMARY KEY (`id`),
  KEY `key` (`key`)
) ENGINE=MyISAM  DEFAULT CHARSET=utf8 COLLATE=utf8_unicode_ci AUTO_INCREMENT=107 ;

--
-- Dumping data for table `acl_permission`
--

INSERT INTO `acl_permission` (`id`, `key`, `description`, `suspendedon`, `is_system`) VALUES
(2, 'create_roles', 'Create new roles', NULL, 1),
(3, 'retrieve_roles', 'View existing roles', NULL, 1),
(4, 'update_roles', 'Update existing roles', NULL, 1),
(5, 'delete_roles', 'Delete existing roles', NULL, 1),
(6, 'create_permissions', 'Create new permissions', NULL, 1),
(7, 'retrieve_permissions', 'View existing permissions', NULL, 1),
(8, 'update_permissions', 'Update existing permissions', NULL, 1),
(9, 'delete_permissions', 'Delete existing permissions', NULL, 1),
(10, 'create_users', 'Create new users', NULL, 1),
(11, 'retrieve_users', 'View existing users', NULL, 1),
(12, 'update_users', 'Update existing users', NULL, 1),
(13, 'delete_users', 'Delete existing users', NULL, 1),
(14, 'ban_users', 'Ban and Unban existing users', NULL, 1),
(15, 'update_setting', 'Update informasi setting user', NULL, 1),
(16, 'access_gudang', 'View Gudang', NULL, 1),
(17, 'create_gudang', 'Add New Gudang', NULL, 1),
(18, 'update_gudang', 'Update Existing Gudang', NULL, 1),
(19, 'delete_gudang', 'Delete Existing Gudang', NULL, 1),
(20, 'print_gudang', 'Print Gudang', NULL, 1),
(21, 'access_pelanggan', 'View Data Pelanggan', NULL, 1),
(22, 'create_pelanggan', 'Create new Pelanggan', NULL, 1),
(23, 'update_pelanggan', 'Update Existing Pelanggan', NULL, 1),
(24, 'delete_pelanggan', 'Delete Existing pelanggan', NULL, 1),
(25, 'print_pelanggan', 'Print Data Pelanggan', NULL, 1),
(26, 'access_supplier', 'View Supplier Data', NULL, 1),
(27, 'create_supplier', 'Create New Supplier', NULL, 1),
(28, 'update_supplier', 'Update Existing Supplier', NULL, 1),
(29, 'delete_supplier', 'Delete Existing Supplier', NULL, 1),
(30, 'print_supplier', 'Print Supplier Data', NULL, 1),
(31, 'access_bank', 'View bank Data', NULL, 1),
(32, 'create_bank', 'Create New bank', NULL, 1),
(33, 'update_bank', 'Update Existing bank', NULL, 1),
(34, 'delete_bank', 'Delete Existing bank', NULL, 1),
(35, 'print_bank', 'Print bank Data', NULL, 1),
(36, 'access_perkiraan', 'View perkiraan Data', NULL, 1),
(37, 'create_perkiraan', 'Create New perkiraan', NULL, 1),
(38, 'update_perkiraan', 'Update Existing perkiraan', NULL, 1),
(39, 'delete_perkiraan', 'Delete Existing perkiraan', NULL, 1),
(40, 'print_perkiraan', 'Print Data Perkiraan', NULL, 1),
(41, 'access_barang', 'View barang Data', NULL, 1),
(42, 'create_barang', 'Create New barang', NULL, 1),
(43, 'update_barang', 'Update Existing barang', NULL, 1),
(44, 'delete_barang', 'Delete Existing barang', NULL, 1),
(45, 'print_barang', 'Print Data barang', NULL, 1),
(46, 'access_satuan', 'View satuan Data', NULL, 1),
(47, 'create_satuan', 'Create New satuan', NULL, 1),
(48, 'update_satuan', 'Update Existing satuan', NULL, 1),
(49, 'delete_satuan', 'Delete Existing satuan', NULL, 1),
(50, 'print_satuan', 'Print Data satuan', NULL, 1),
(51, 'access_so', 'View Sales Order Data', NULL, 1),
(52, 'create_so', 'Create New Sales Order', NULL, 1),
(53, 'update_so', 'Update Existing Sales Order', NULL, 1),
(54, 'delete_so', 'Delete Existing Sales Order', NULL, 1),
(55, 'print_so', 'Print Data SO', NULL, 1),
(56, 'access_po', 'View po Data', NULL, 1),
(57, 'create_po', 'Create New po', NULL, 1),
(58, 'update_po', 'Update Existing po', NULL, 1),
(59, 'delete_po', 'Delete Existing po', NULL, 1),
(60, 'print_po', 'Print Data po', NULL, 1),
(61, 'access_penerimaan', 'View Penerimaan Data', NULL, 1),
(62, 'create_penerimaan', 'Create New Penerimaan', NULL, 1),
(63, 'update_penerimaan', 'Update Existing Penerimaan', NULL, 1),
(64, 'delete_penerimaan', 'Delete Existing Penerimaan', NULL, 1),
(65, 'print_penerimaan', 'Print Data Penerimaan Barang', NULL, 1),
(66, 'access_invoice', 'View invoice Data', NULL, 1),
(67, 'create_invoice', 'Create New invoice', NULL, 1),
(68, 'update_invoice', 'Update Existing invoice', NULL, 1),
(69, 'delete_invoice', 'Delete Existing invoice', NULL, 1),
(70, 'print_invoice', 'Print Data invoice', NULL, 1),
(71, 'access_tagihan', 'View Tagihan Data', NULL, 1),
(72, 'create_tagihan', 'Create New Tagihan', NULL, 1),
(73, 'update_tagihan', 'Update Existing Tagihan', NULL, 1),
(74, 'delete_tagihan', 'Delete Existing Tagihan', NULL, 1),
(75, 'print_tagihan', 'Print Data Tagihan', NULL, 1),
(76, 'access_bayar', 'View Data Pembayaran', NULL, 1),
(77, 'create_bayar', 'Create New Pembayaran', NULL, 1),
(78, 'update_bayar', 'Update Existing Pembayaran', NULL, 1),
(79, 'delete_bayar', 'Delete Existing Pembayaran', NULL, 1),
(80, 'print_bayar', 'Print Data Pembayaran', NULL, 1),
(81, 'access_report_sales', 'View Laporan Sales Order', NULL, 1),
(82, 'print_report_sales', 'Print Laporan Sales Order', NULL, 1),
(83, 'access_report_oso', 'View Laporan Outstanding Order', NULL, 1),
(84, 'print_report_oso', 'Print Laporan Outstanding Order', NULL, 1),
(85, 'access_report_purchase', 'View Laporan Purchase Order', NULL, 1),
(86, 'print_report_purchase', 'Print Laporan Purchase Order', NULL, 1),
(87, 'access_report_ospo', 'View Laporan Outstanding PO', NULL, 1),
(88, 'print_report_ospo', 'Print Laporan Outstanding PO', NULL, 1),
(89, 'access_report_mutasi', 'View Laporan Mutasi', NULL, 1),
(90, 'print_report_mutasi', 'Print Laporan Mutasi', NULL, 1),
(91, 'access_report_ks', 'View Laporan Kartu Stock', NULL, 1),
(92, 'print_report_ks', 'Print Laporan Kartu Stock', NULL, 1),
(93, 'access_report_terima', 'View Laporan Penerimaan', NULL, 1),
(94, 'print_report_terima', 'Print Laporan Penerimaan', NULL, 1),
(95, 'access_report_sj', 'View Laporan Surat Jalan', NULL, 1),
(96, 'print_report_sj', 'Print Laporan Surat Jalan', NULL, 1),
(97, 'access_stock', 'View Stock Data', NULL, 1),
(98, 'create_stock', 'Create New Stock', NULL, 1),
(99, 'update_stock', 'Update Existing Stock', NULL, 1),
(100, 'delete_stock', 'Delete Existing Stock', NULL, 1),
(101, 'print_stock', 'Print Data Stock', NULL, 1),
(102, 'access_surat_jalan', 'View Surat Jalan Data', NULL, 1),
(103, 'create_surat_jalan', 'Create New Surat Jalan', NULL, 1),
(104, 'update_surat_jalan', 'Update Existing Surat Jalan', NULL, 1),
(105, 'delete_surat_jalan', 'Delete Existing Surat Jalan', NULL, 1),
(106, 'print_surat_jalan', 'Print Data Surat Jalan', NULL, 1);

-- --------------------------------------------------------

--
-- Table structure for table `acl_role`
--

CREATE TABLE IF NOT EXISTS `acl_role` (
  `id` bigint(20) unsigned NOT NULL AUTO_INCREMENT,
  `name` varchar(80) COLLATE utf8_unicode_ci NOT NULL,
  `description` varchar(160) COLLATE utf8_unicode_ci DEFAULT NULL,
  `suspendedon` datetime DEFAULT NULL,
  `is_system` tinyint(1) NOT NULL DEFAULT '0',
  PRIMARY KEY (`id`),
  UNIQUE KEY `role_name` (`name`)
) ENGINE=MyISAM  DEFAULT CHARSET=utf8 COLLATE=utf8_unicode_ci AUTO_INCREMENT=5 ;

--
-- Dumping data for table `acl_role`
--

INSERT INTO `acl_role` (`id`, `name`, `description`, `suspendedon`, `is_system`) VALUES
(1, 'Admin', 'Website Administrator', NULL, 1),
(2, 'User', 'Website user', NULL, 0),
(3, 'Sales', 'Role untuk sales', NULL, 0),
(4, 'Marketing', 'Divisi Marketing', NULL, 0);

-- --------------------------------------------------------

--
-- Table structure for table `bank_d`
--

CREATE TABLE IF NOT EXISTS `bank_d` (
  `kode` int(5) NOT NULL AUTO_INCREMENT,
  `kode_bank` char(5) NOT NULL,
  `no_rekening` varchar(20) NOT NULL,
  `atas_nama` varchar(50) NOT NULL,
  `tipe` varchar(25) NOT NULL,
  `cabang` varchar(25) NOT NULL,
  `no_perkiraan` varchar(10) DEFAULT NULL,
  PRIMARY KEY (`kode`)
) ENGINE=InnoDB  DEFAULT CHARSET=latin1 AUTO_INCREMENT=17 ;

--
-- Dumping data for table `bank_d`
--

INSERT INTO `bank_d` (`kode`, `kode_bank`, `no_rekening`, `atas_nama`, `tipe`, `cabang`, `no_perkiraan`) VALUES
(13, '101', '725852825', 'Panda', 'Tabungan', 'Gunung Salak', '25855222'),
(14, '105', '54234232', 'BUDI', 'Tabungan', 'Kebon jeruk', ''),
(15, '107', '22331122', 'Adi', 'Giro', 'Kemanggisan', ''),
(16, '107', '64534232', 'Emi', 'Tabungan', 'qwert', '');

-- --------------------------------------------------------

--
-- Table structure for table `bank_h`
--

CREATE TABLE IF NOT EXISTS `bank_h` (
  `kode_bank` char(5) NOT NULL,
  `nama_bank` varchar(50) NOT NULL,
  `alamat` varchar(100) NOT NULL,
  `dibuat_oleh` varchar(50) NOT NULL,
  `tanggal_buat` datetime NOT NULL,
  `diupdate_oleh` varchar(50) NOT NULL,
  `tanggal_update` datetime NOT NULL,
  PRIMARY KEY (`kode_bank`)
) ENGINE=InnoDB DEFAULT CHARSET=latin1;

--
-- Dumping data for table `bank_h`
--

INSERT INTO `bank_h` (`kode_bank`, `nama_bank`, `alamat`, `dibuat_oleh`, `tanggal_buat`, `diupdate_oleh`, `tanggal_update`) VALUES
('101', 'CIMB', 'Jl. Sudirman', 'eddy', '2013-10-18 21:29:21', 'eddy', '2013-10-18 21:29:21'),
('105', 'BCA', 'Kebon Jeruk', 'eddy', '2013-11-02 04:50:29', 'eddy', '2013-11-02 04:50:29'),
('107', 'Mandiri', 'Kemanggisan', 'eddy', '2013-11-02 04:52:33', 'eddy', '2014-01-07 06:01:05');

-- --------------------------------------------------------

--
-- Table structure for table `barang`
--

CREATE TABLE IF NOT EXISTS `barang` (
  `Kode` varchar(22) NOT NULL,
  `Ukuran` varchar(50) NOT NULL,
  `Nama` varchar(50) NOT NULL,
  `Nama2` varchar(20) NOT NULL,
  `Satuan1` varchar(6) NOT NULL,
  `Qty1` float(11,0) DEFAULT NULL,
  `QtyOp` int(11) DEFAULT NULL,
  `QtyGudang` int(11) DEFAULT NULL,
  `Tgl_Saw` date DEFAULT NULL,
  `Saw` int(11) DEFAULT NULL,
  `SawGudang` int(11) DEFAULT NULL,
  `Harga_Beli` double DEFAULT NULL,
  `Harga_Jual` double DEFAULT NULL,
  PRIMARY KEY (`Kode`)
) ENGINE=InnoDB DEFAULT CHARSET=latin1;

--
-- Dumping data for table `barang`
--

INSERT INTO `barang` (`Kode`, `Ukuran`, `Nama`, `Nama2`, `Satuan1`, `Qty1`, `QtyOp`, `QtyGudang`, `Tgl_Saw`, `Saw`, `SawGudang`, `Harga_Beli`, `Harga_Jual`) VALUES
('18BP00512KS', '5 X 12', 'BETON POLOS', '18-KS', 'Batang', 20, 20, 20, '0000-00-00', 20, 20, 80000, 100000),
('18BP00812KS', '8 X 12', 'BETON POLOS', '18-KS', 'Batang', 20, 20, 20, '0000-00-00', 20, 20, 80000, 100000),
('18BP01012KS', '10 X 12', 'BETON POLOS', '18-KS', 'Batang', 20, 20, 20, '0000-00-00', 20, 20, 80000, 100000),
('18BP01212KS', '12 X 12', 'BETON POLOS', '18-KS', 'Batang', 20, 20, 20, '0000-00-00', 20, 20, 80000, 100000),
('18BP01612KS', '16 X 12', 'BETON POLOS', '18-KS', 'Batang', 30, 20, 20, '0000-00-00', 20, 20, 80000, 100000),
('18BP02212KS', '22 X 12', 'BETON POLOS', '18-KS', 'Batang', 20, 20, 20, '0000-00-00', 20, 20, 80000, 100000),
('18BP0256KS', '25 X 6', 'BETON POLOS', '18-KS', 'Batang', 20, 20, 20, '0000-00-00', 20, 20, 80000, 100000),
('18BU01312KS', '13 X 12', 'BETON ULIR', '18-KS', 'Batang', 20, 20, 20, '0000-00-00', 20, 20, 80000, 100000),
('18BU0256KS', '25 X 6', 'BETON ULIR', '18-KS', 'Batang', 20, 20, 20, '0000-00-00', 20, 20, 80000, 100000),
('18C07040276SBY', '70 X 40 X 2,7 X 6M', 'CNP', '18-SBY', 'Batang', 20, 20, 20, '0000-00-00', 20, 20, 80000, 100000),
('18C10050186', '100 X 50 X 1,8 X 6M', 'CNP', '18', 'Batang', 20, 20, 20, '0000-00-00', 20, 20, 80000, 100000),
('18C10050256SBY', '100 X 50 X 2,5 X 6M', 'CNP', '18-SY', 'Batang', 20, 20, 20, '0000-00-00', 20, 20, 80000, 100000),
('18C1005026', '100 X 50 X 2 X 6M', 'CNP', '18-SBY', 'Batang', 20, 20, 20, '0000-00-00', 20, 20, 80000, 100000),
('18C1255026SBY', '125 X 50 X 2 X 6M', 'CNP', '18-SBY', 'Batang', 20, 20, 20, '0000-00-00', 20, 20, 80000, 100000),
('18C1505026', '150 X 50 X 2 X 6M', 'CNP', '18-SBY', 'Batang', 20, 20, 20, '0000-00-00', 20, 20, 80000, 100000),
('18C15065256SBY', '150 X 65 X 2,5 X 6M', 'CNP', '18-SBY', 'Batang', 20, 20, 20, '0000-00-00', 20, 20, 80000, 100000),
('18C1506526', '150 X 65 X 2 X 6M', 'CNP', '18-SBY', 'Batang', 20, 20, 20, '0000-00-00', 20, 20, 80000, 100000),
('18C1506536', '150 X 65 X 3 X 6M', 'CNP', '18', 'Batang', 20, 20, 20, '0000-00-00', 20, 20, 80000, 100000),
('18H1001004TD', '100 X 100 X 4', 'H BEAM', '18-TD', 'Batang', 20, 20, 20, '0000-00-00', 20, 20, 80000, 100000),
('18H1251253TD', '125 X 125 X 3', 'H BEAM', '18-TD', 'Batang', 20, 20, 20, '0000-00-00', 20, 20, 80000, 100000),
('18H1251256LN', '125 X 125 X 6', 'H BEAM', '18-TD', 'Batang', 20, 20, 20, '0000-00-00', 20, 20, 80000, 100000),
('18H3003006', '300 X 300 X 6', 'H BEAM', '18-RIJEK', 'Batang', 20, 20, 20, '0000-00-00', 20, 20, 80000, 100000),
('18H40040012', '400 X 400 X 12', 'H BEAM', '18-KOREA', 'Batang', 20, 20, 20, '0000-00-00', 20, 20, 80000, 100000),
('18KB00055', '5,5MM', 'KAWAT BETON', '18', 'Roll', 20, 20, 20, '0000-00-00', 20, 20, 80000, 100000),
('18KB0007', '7MM', 'KAWAT BETON', '18', 'Roll', 20, 20, 20, '0000-00-00', 20, 20, 80000, 100000),
('18KB00075', '7,5MM', 'KAWAT BETON', '18', 'Roll', 20, 20, 20, '0000-00-00', 20, 20, 80000, 100000),
('18KB0009', '9MM', 'KAWAT BETON', '18', 'Roll', 20, 20, 20, '0000-00-00', 20, 20, 80000, 100000),
('18KB0010', '10MM', 'KAWAT BETON', '18', 'Roll', 20, 20, 20, '0000-00-00', 20, 20, 80000, 100000),
('18KB00127', '12,7MM', 'KAWAT BETON', '18', 'Roll', 20, 20, 20, '0000-00-00', 20, 20, 80000, 100000),
('18KB0016', '16MM', 'KAWAT BETON', '18', 'Roll', 20, 20, 20, '0000-00-00', 20, 20, 80000, 100000),
('18KB0018', '18MM', 'KAWAT BETON', '18', 'Roll', 20, 20, 20, '0000-00-00', 20, 20, 80000, 100000),
('18PB002348KS', '2,3 X 4 X 8', 'P-BORDES', '18-KS', 'Lembar', 20, 20, 20, '0000-00-00', 20, 20, 80000, 100000),
('18PB002648KS', '2,6 X 4 X 8', 'P-BORDES', '18-KS', 'Lembar', 20, 20, 20, '0000-00-00', 20, 20, 80000, 100000),
('18PB002948KS', '2,9 X 4 X 8', 'P-BORDES', '18-KS', 'Lembar', 20, 20, 20, '0000-00-00', 20, 20, 80000, 100000),
('18PB003648KS', '3,6 X 4 X 8', 'P-BORDES', '18-KS', 'Lembar', 20, 20, 20, '0000-00-00', 20, 20, 80000, 100000),
('18PB004248KS', '4,2 X 4 X 8', 'P-BORDES', '18-KS', 'Lembar', 20, 20, 20, '0000-00-00', 20, 20, 80000, 100000),
('18PB0042510LN', '4,2 X 5 X 10', 'P-BORDES', '18-LN', 'Lembar', 20, 20, 20, '0000-00-00', 20, 20, 80000, 100000),
('18PB0045510LN', '4,5 X 5 X 10', 'P-BORDES', '18-LN', 'Lembar', 20, 20, 20, '0000-00-00', 20, 20, 80000, 100000),
('18PB0055510LN', '5,5 X 5 X 10', 'P-BORDES', '18-LN', 'Lembar', 20, 20, 20, '0000-00-00', 20, 20, 80000, 100000),
('18PB005648KS', '5,6 X 4 X 8', 'P-BORDES', '18-KS', 'Lembar', 20, 20, 20, '0000-00-00', 20, 20, 80000, 100000),
('18PB0075510LN', '7,5 X 5 X 10', 'P-BORDES', '18-LN', 'Lembar', 20, 20, 20, '0000-00-00', 20, 20, 80000, 100000),
('18PB0088510LN', '8,8 X 5 X 10', 'P-BORDES', '18-LN', 'Lembar', 20, 20, 20, '0000-00-00', 20, 20, 80000, 100000),
('18PH001248LN', '1,2 X 4 X 8', 'PLAAT HITAM', '18-LN', 'Lembar', 20, 20, 20, '0000-00-00', 20, 20, 80000, 100000),
('18PH001548LN', '1,5 X 4 X 8', 'PLAAT HITAM', '18-LN', 'Lembar', 20, 20, 20, '0000-00-00', 20, 20, 80000, 100000),
('18PH002348KS', '2,3 X 4 X 8', 'PLAAT HITAM', '18-KS', 'Lembar', 20, 20, 20, '0000-00-00', 20, 20, 80000, 100000),
('18PH00248KS', '2 X 4 X 8', 'PLAAT HITAM', '18-KS', 'Lembar', 20, 20, 20, '0000-00-00', 20, 20, 80000, 100000),
('18PH00248LN', '2 X 4 X 8', 'PLAAT HITAM', '18-LN', 'Lembar', 20, 20, 20, '0000-00-00', 20, 20, 80000, 100000),
('18PH002648KS', '2,6 X 4 X 8', 'PLAAT HITAM', '18-KS', 'Lembar', 20, 20, 20, '0000-00-00', 20, 20, 80000, 100000),
('18PH002812002400KS', '2,8 X 1200 X 2400', 'PLAAT HITAM', '18-KS', 'Lembar', 20, 20, 20, '0000-00-00', 20, 20, 80000, 100000),
('18PH002848KS', '2,8 X 4 X 8', 'PLAAT HITAM', '18-KS', 'Lembar', 20, 20, 20, '0000-00-00', 20, 20, 80000, 100000),
('18PH00312202400GG', '3 X 1220 X 2400', 'PLAAT HITAM', '18-GG', 'Lembar', 20, 20, 20, '0000-00-00', 20, 20, 80000, 100000),
('18PH003248KS', '3,2 X 4 X 8', 'PLAAT HITAM', '18-KS', 'Lembar', 20, 20, 20, '0000-00-00', 20, 20, 80000, 100000),
('18PH00348KS', '3 X 4 X 8', 'PLAAT HITAM', '18-KS', 'Lembar', 20, 20, 20, '0000-00-00', 20, 20, 80000, 100000),
('18PH00348LN', '3 X 4 X 8', 'PLAAT HITAM', '18-LN', 'Lembar', 20, 20, 20, '0000-00-00', 20, 20, 80000, 100000),
('18PH003548KS', '3,5 X 4 X 8', 'PLAAT HITAM', '18-KS', 'Lembar', 20, 20, 20, '0000-00-00', 20, 20, 80000, 100000),
('18PH0038548LNG', '3,85 X 4 X 8', 'PLT GALVANIZED', '18-LN', 'Lembar', 20, 20, 20, '0000-00-00', 20, 20, 80000, 100000),
('18PH004248KS', '4,2 X 4 X 8', 'PLAAT HITAM', '18-KS', 'Lembar', 20, 20, 20, '0000-00-00', 20, 20, 80000, 100000),
('18PH00448KS', '4 X 4 X 8', 'PLAAT HITAM', '18-KS', 'Lembar', 20, 20, 20, '0000-00-00', 20, 20, 80000, 100000),
('18PH004548KS', '4,5 X 4 X 8', 'PLAAT HITAM', '18-KS', 'Lembar', 20, 20, 20, '0000-00-00', 20, 20, 80000, 100000),
('18PH005312202400GG', '5,3 X 1220 X 2400', 'PLAAT HITAM', '18-GG', 'Lembar', 20, 20, 20, '0000-00-00', 20, 20, 80000, 100000),
('18PH00548KS', '5 X 4 X 8', 'PLAAT HITAM', '18-KS', 'Lembar', 20, 20, 20, '0000-00-00', 20, 20, 80000, 100000),
('18PH005648KS', '5,6 X 4 X 8', 'PLAAT HITAM', '18-KS', 'Lembar', 20, 20, 20, '0000-00-00', 20, 20, 80000, 100000),
('18PH005748GG', '5,7 X 4 X 8', 'PLAAT HITAM', '18-GG', 'Lembar', 20, 20, 20, '0000-00-00', 20, 20, 80000, 100000),
('18PH005848KS', '5,8 X 4 X 8', 'PLAAT HITAM', '18-KS', 'Lembar', 20, 20, 20, '0000-00-00', 20, 20, 80000, 100000),
('18PH00648GG', '6 X 4 X 8', 'PLAAT HITAM', '18-GG', 'Lembar', 20, 20, 20, '0000-00-00', 20, 20, 80000, 100000),
('18PH00648GGB', '6 X 4 X 8', 'PLAAT HITAM', '18-GGB', 'Lembar', 20, 20, 20, '0000-00-00', 20, 20, 80000, 100000),
('18PH00648KS', '6 X 4 X 8', 'PLAAT HITAM', '18-KS', 'Lembar', 20, 20, 20, '0000-00-00', 20, 20, 80000, 100000),
('18PH00648LN', '6 X 4 X 8', 'PLAAT HITAM', '18-LN', 'Lembar', 20, 20, 20, '0000-00-00', 20, 20, 80000, 100000),
('18PH00748GGB', '7 X 4 X 8', 'PLAAT HITAM', '18-GGB', 'Lembar', 20, 20, 20, '0000-00-00', 20, 20, 80000, 100000),
('18PH00748JPS', '7 X 4 X 8', 'PLAAT HITAM', '18-JPS', 'Lembar', 20, 20, 20, '0000-00-00', 20, 20, 80000, 100000),
('18PH00848GDS', '8 X 4 X 8', 'PLAAT HITAM', '18-GDS', 'Lembar', 20, 20, 20, '0000-00-00', 20, 20, 80000, 100000),
('18PH00848GGB', '8 X 4 X 8', 'PLAAT HITAM', '18-GGB', 'Lembar', 20, 20, 20, '0000-00-00', 20, 20, 80000, 100000),
('18PH00848JPS', '8 X 4 X 8', 'PLAAT HITAM', '18-JPS', 'Lembar', 20, 20, 20, '0000-00-00', 20, 20, 80000, 100000),
('18PH00848KS', '8 X 4 X 8', 'PLAAT HITAM', '18-KS', 'Lembar', 20, 20, 20, '0000-00-00', 20, 20, 80000, 100000),
('18PH00948GDS', '9 X 4 X 8', 'PLAAT HITAM', '18-GDS', 'Lembar', 20, 20, 20, '0000-00-00', 20, 20, 80000, 100000),
('18PH00948GGB', '9 X 4 X 8', 'PLAAT HITAM', '18-GGB', 'Lembar', 20, 20, 20, '0000-00-00', 20, 20, 80000, 100000),
('18PH00948JPS', '9 X 4 X 8', 'PLAAT HITAM', '18-JPS', 'Lembar', 20, 20, 20, '0000-00-00', 20, 20, 80000, 100000),
('18PH00948KS', '9 X 4 X 8', 'PLAAT HITAM', '18-KS', 'Lembar', 20, 20, 20, '0000-00-00', 20, 20, 80000, 100000),
('18PH009712192420GG', '9,7x1219x2420', 'PLAAT HITAM', '18-GG', 'Lembar', 20, 20, 20, '0000-00-00', 20, 20, 80000, 100000),
('18PH01048GDS', '10 X 4 X 8', 'PLAAT HITAM', '18-GDS', 'Lembar', 20, 20, 20, '0000-00-00', 20, 20, 80000, 100000),
('18PH01048GGB', '10 X 4 X 8', 'PLAAT HITAM', '18-GGB', 'Lembar', 20, 20, 20, '0000-00-00', 20, 20, 80000, 100000),
('18PH01048JPS', '10 X 4 X 8', 'PLAAT HITAM', '18-JPS', 'Lembar', 20, 20, 20, '0000-00-00', 20, 20, 80000, 100000),
('18PH01048KS', '10 X 4 X 8', 'PLAAT HITAM', '18-KS', 'Lembar', 20, 20, 20, '0000-00-00', 20, 20, 80000, 100000),
('18PH01148GDS', '11 X 4 X 8', 'PLAAT HITAM', '18-GDS', 'Lembar', 20, 20, 20, '0000-00-00', 20, 20, 80000, 100000),
('18PH01148JPS', '11 X 4 X 8', 'PLAAT HITAM', '18-JPS', 'Lembar', 20, 20, 20, '0000-00-00', 20, 20, 80000, 100000),
('18PH01248GDS', '12 X 4 X 8', 'PLAAT HITAM', '18-GDS', 'Lembar', 20, 20, 20, '0000-00-00', 20, 20, 80000, 100000),
('18PH01248GGB', '12 X 4 X 8', 'PLAAT HITAM', '18-GGB', 'Lembar', 20, 20, 20, '0000-00-00', 20, 20, 80000, 100000),
('18PH01248JPS', '12 X 4 X 8', 'PLAAT HITAM', '18-JPS', 'Lembar', 20, 20, 20, '0000-00-00', 20, 20, 80000, 100000),
('18PH01248KS', '12 X 4 X 8', 'PLAAT HITAM', '18-KS', 'Lembar', 20, 20, 20, '0000-00-00', 20, 20, 80000, 100000),
('18PH01348GDS', '13 X 4 X 8', 'PLAAT HITAM', '18-GDS', 'Lembar', 20, 20, 20, '0000-00-00', 20, 20, 80000, 100000),
('18PH01348JPS', '13 X 4 X 8', 'PLAAT HITAM', '18-JPS', 'Lembar', 20, 20, 20, '0000-00-00', 20, 20, 80000, 100000),
('18PH014122400GGB', '14 X 1200 X 2400', 'PLAAT HITAM', '18-GGB', 'Lembar', 20, 20, 20, '0000-00-00', 20, 20, 80000, 100000),
('18PH01448GDS', '14 X 4 X 8', 'PLAAT HITAM', '18-GDS', 'Lembar', 20, 20, 20, '0000-00-00', 20, 20, 80000, 100000),
('18PH01448JPS', '14 X 4 X 8', 'PLAAT HITAM', '18-JPS', 'Lembar', 20, 20, 20, '0000-00-00', 20, 20, 80000, 100000),
('18PH01512002400GGB', '15 X 1200 X 2400', 'PLAAT HITAM', '18-GGB', 'Lembar', 20, 20, 20, '0000-00-00', 20, 20, 80000, 100000),
('18PH01548GDS', '15 X 4 X 8', 'PLAAT HITAM', '18-GDS', 'Lembar', 20, 20, 20, '0000-00-00', 20, 20, 80000, 100000),
('18PH01548JPS', '15 X 4 X 8', 'PLAAT HITAM', '18-JPS', 'Lembar', 20, 20, 20, '0000-00-00', 20, 20, 80000, 100000),
('18PH01648GDS', '16 X 4 X 8', 'PLAAT HITAM', '18-GDS', 'Lembar', 20, 20, 20, '0000-00-00', 20, 20, 80000, 100000),
('18PH01648GG', '16 X 4 X 8', 'PLAAT HITAM', '18-GG', 'Lembar', 20, 20, 20, '0000-00-00', 20, 20, 80000, 100000),
('18PH01648JPS', '16 X 4 X 8', 'PLAAT HITAM', '18-JPS', 'Lembar', 20, 20, 20, '0000-00-00', 20, 20, 80000, 100000),
('18PH01648KS', '16 X 4 X 8', 'PLAAT HITAM', '18-KS', 'Lembar', 20, 20, 20, '0000-00-00', 20, 20, 80000, 100000),
('18PH01748JPS', '17 X 4 X 8', 'PLAAT HITAM', '18-JPS', 'Lembar', 20, 20, 20, '0000-00-00', 20, 20, 80000, 100000),
('18PH01812002400GGB', '18 X 1200 X 2400', 'PLAAT HITAM', '18-GGB', 'Lembar', 20, 20, 20, '0000-00-00', 20, 20, 80000, 100000),
('18PH01848GDS', '18 X 4 X 8', 'PLAAT HITAM', '18-GDS', 'Lembar', 20, 20, 20, '0000-00-00', 20, 20, 80000, 100000),
('18PH01848GG', '18 X 4 X 8', 'PLAAT HITAM', '18-GG', 'Lembar', 20, 20, 20, '0000-00-00', 20, 20, 80000, 100000),
('18PH01848JPS', '18 X 4 X 8', 'PLAAT HITAM', '18-JPS', 'Lembar', 20, 20, 20, '0000-00-00', 20, 20, 80000, 100000),
('18PH01912002400GGB', '19 X 1200 X 2400', 'PLAAT HITAM', '18-GGB', 'Lembar', 20, 20, 20, '0000-00-00', 20, 20, 80000, 100000),
('18PH01948GDS', '19 X 4 X 8', 'PLAAT HITAM', '18-GDS', 'Lembar', 20, 20, 20, '0000-00-00', 20, 20, 80000, 100000),
('18PH01948JPS', '19 X 4 X 8', 'PLAAT HITAM', '18-JPS', 'Lembar', 20, 20, 20, '0000-00-00', 20, 20, 80000, 100000),
('18PH02012002400GG', '20 X 1200 X 2400', 'PLAAT HITAM', '18-GG', 'Lembar', 20, 20, 20, '0000-00-00', 20, 20, 80000, 100000),
('18PH02048GDS', '20 X 4 X 8', 'PLAAT HITAM', '18-GDS', 'Lembar', 20, 20, 20, '0000-00-00', 20, 20, 80000, 100000),
('18PH02048JPS', '20 X 4 X 8', 'PLAAT HITAM', '18-JPS', 'Lembar', 20, 20, 20, '0000-00-00', 20, 20, 80000, 100000),
('18PH02048KS', '20 X 4 X 8', 'PLAAT HITAM', '18-KS', 'Lembar', 20, 20, 20, '0000-00-00', 20, 20, 80000, 100000),
('18PH02112002400GGB', '21 X 1200 X 2400', 'PLAAT HITAM', '18-GGB', 'Lembar', 20, 20, 20, '0000-00-00', 20, 20, 80000, 100000),
('18PH02148JPS', '21 X 4 X 8', 'PLAAT HITAM', '18-JPS', 'Lembar', 20, 20, 20, '0000-00-00', 20, 20, 80000, 100000),
('18PH02212002400GGB', '22 X 1200 X 2400', 'PLAAT HITAM', '18-GGB', 'Lembar', 20, 20, 20, '0000-00-00', 20, 20, 80000, 100000),
('18PH02248GDS', '22 X 4 X 8', 'PLAAT HITAM', '18-GDS', 'Lembar', 20, 20, 20, '0000-00-00', 20, 20, 80000, 100000),
('18PH02248JPS', '22 X 4 X 8', 'PLAAT HITAM', '18-JPS', 'Lembar', 20, 20, 20, '0000-00-00', 20, 20, 80000, 100000),
('18PH02348JPS', '23 X 4 X 8', 'PLAAT HITAM', '18-JPS', 'Lembar', 20, 20, 20, '0000-00-00', 20, 20, 80000, 100000),
('18PH02412002400GG', '24 X 1200 X 2400', 'PLAAT HITAM', '18-GG', 'Lembar', 20, 20, 20, '0000-00-00', 20, 20, 80000, 100000),
('18PH02412002400GGB', '24 X 1200 X 2400', 'PLAAT HITAM', '18-GGB', 'Lembar', 20, 20, 20, '0000-00-00', 20, 20, 80000, 100000),
('18PH02448GDS', '24 X 4 X 8', 'PLAAT HITAM', '18-GDS', 'Lembar', 20, 20, 20, '0000-00-00', 20, 20, 80000, 100000),
('18PH02448JPS', '24 X 4 X 8', 'PLAAT HITAM', '18-JPS', 'Lembar', 20, 20, 20, '0000-00-00', 20, 20, 80000, 100000),
('18PH02512002400GGB', '25 X 1200 X 2400', 'PLAAT HITAM', '18-GGB', 'Lembar', 20, 20, 20, '0000-00-00', 20, 20, 80000, 100000),
('18PH02548GDS', '25 X 4 X 8', 'PLAAT HITAM', '18-GDS', 'Lembar', 20, 20, 20, '0000-00-00', 20, 20, 80000, 100000),
('18PH02548JPS', '25 X 4 X 8', 'PLAAT HITAM', '18-JPS', 'Lembar', 20, 20, 20, '0000-00-00', 20, 20, 80000, 100000),
('18PH02548KS', '25 X 4 X 8', 'PLAAT HITAM', '18-KS', 'Lembar', 20, 20, 20, '0000-00-00', 20, 20, 80000, 100000),
('18PH02648GDS', '26 X 4 X 8', 'PLAAT HITAM', '18-GDS', 'Lembar', 20, 20, 20, '0000-00-00', 20, 20, 80000, 100000),
('18PH02648JPS', '26 X 4 X 8', 'PLAAT HITAM', '18-JPS', 'Lembar', 20, 20, 20, '0000-00-00', 20, 20, 80000, 100000),
('18PH02748GDS', '27 X 4 X 8', 'PLAAT HITAM', '18-GDS', 'Lembar', 20, 20, 20, '0000-00-00', 20, 20, 80000, 100000),
('18PH02748LN', '27 X 4 X 8', 'PLAAT HITAM', '18-LN', 'Lembar', 20, 20, 20, '0000-00-00', 20, 20, 80000, 100000),
('18PH02848GDS', '28 X 4 X 8', 'PLAAT HITAM', '18-GDS', 'Lembar', 20, 20, 20, '0000-00-00', 20, 20, 80000, 100000),
('18PH02848JPS', '28 X 4 X 8', 'PLAAT HITAM', '18-JPS', 'Lembar', 20, 20, 20, '0000-00-00', 20, 20, 80000, 100000),
('18PH02848LN', '28 X 4 X 8', 'PLAAT HITAM', '18-LN', 'Lembar', 20, 20, 20, '0000-00-00', 20, 20, 80000, 100000),
('18PH03048GDS', '30 X 4 X 8', 'PLAAT HITAM', '18-GDS', 'Lembar', 20, 20, 20, '0000-00-00', 20, 20, 80000, 100000),
('18PH03048GG', '30 X 4 X 8', 'PLAAT HITAM', '18-GG', 'Lembar', 20, 20, 20, '0000-00-00', 20, 20, 80000, 100000),
('18PH03048LNK', '30 X 4 X 8', 'PLAAT HITAM', '18-LNK', 'Lembar', 20, 20, 20, '0000-00-00', 20, 20, 80000, 100000),
('18PH03111402450KS', '31 X 1140 X 2450', 'PLAAT HITAM', '18-KS', 'Lembar', 20, 20, 20, '0000-00-00', 20, 20, 80000, 100000),
('18PH03148GG', '31 X 4 X 8', 'PLAAT HITAM', '18-GG', 'Lembar', 20, 20, 20, '0000-00-00', 20, 20, 80000, 100000),
('18PH03212002400GG', '32 X 1200 X 2400', 'PLAAT HITAM', '18-GG', 'Lembar', 20, 20, 20, '0000-00-00', 20, 20, 80000, 100000),
('18PH03248GDS', '32 X 4 X 8', 'PLAAT HITAM', '18-GDS', 'Lembar', 20, 20, 20, '0000-00-00', 20, 20, 80000, 100000),
('18PH03248GDSTD', '32 X 4 X 8', 'PLAAT HITAM', '18-GDS TD', 'Lembar', 20, 20, 20, '0000-00-00', 20, 20, 80000, 100000),
('18PH03248LN', '32 X 4 X 8', 'PLAAT HITAM', '18-LN', 'Lembar', 20, 20, 20, '0000-00-00', 20, 20, 80000, 100000),
('18PH03348GDS', '33 X 4 X 8', 'PLAAT HITAM', '18-GDS', 'Lembar', 20, 20, 20, '0000-00-00', 20, 20, 80000, 100000),
('18PH03448GDS', '34 X 4 X 8', 'PLAAT HITAM', '18-GDS/Tebal Sebelah', 'Lembar', 20, 20, 20, '0000-00-00', 20, 20, 80000, 100000),
('18PH03448GGB', '34 X 4 X 8', 'PLAAT HITAM', '18-GG', 'Lembar', 20, 20, 20, '0000-00-00', 20, 20, 80000, 100000),
('18PH03548GDS', '35 X 4 X 8', 'PLAAT HITAM', '18-GDS', 'Lembar', 20, 20, 20, '0000-00-00', 20, 20, 80000, 100000),
('18PH03548GGB', '35 X 4 X 8', 'PLAAT HITAM', '18-GGB', 'Lembar', 20, 20, 20, '0000-00-00', 20, 20, 80000, 100000),
('18PH03648GDS', '36 X 4 X 8', 'PLAAT HITAM', '18-GDS', 'Lembar', 20, 20, 20, '0000-00-00', 20, 20, 80000, 100000),
('18PH03648GG', '36 X 4 X 8', 'PLAAT HITAM', '18-GG', 'Lembar', 20, 20, 20, '0000-00-00', 20, 20, 80000, 100000),
('18PH03648LN', '36 X 4 X 8', 'PLAAT HITAM', '18-LN', 'Lembar', 20, 20, 20, '0000-00-00', 20, 20, 80000, 100000),
('18PH03748GDS', '37 X 4 X 8', 'PLAAT HITAM', '18-GDS', 'Lembar', 20, 20, 20, '0000-00-00', 20, 20, 80000, 100000),
('18PH03748KS', '37 X 4 X 8', 'PLAAT HITAM', '18-KS', 'Lembar', 20, 20, 20, '0000-00-00', 20, 20, 80000, 100000),
('18PH03812202400GG', '38 X 1220 X 2400', 'PLAAT HITAM', '18-GG', 'Lembar', 20, 20, 20, '0000-00-00', 20, 20, 80000, 100000),
('18PH03812202400GGB', '38 X 1220 X 2400', 'PLAAT HITAM', '18-GGB', 'Lembar', 20, 20, 20, '0000-00-00', 20, 20, 80000, 100000),
('18PH03848GDS', '38 X 4 X 8', 'PLAAT HITAM', '18-GDS', 'Lembar', 20, 20, 20, '0000-00-00', 20, 20, 80000, 100000),
('18PH03848LN', '38 X 4 X 8', 'PLAAT HITAM', '18-LN', 'Lembar', 20, 20, 20, '0000-00-00', 20, 20, 80000, 100000),
('18PH03948GDS', '39 X 4 X 8', 'PLAAT HITAM', '18-GDS', 'Lembar', 20, 20, 20, '0000-00-00', 20, 20, 80000, 100000),
('18PH04012202400GGB', '40 X 1220 X 2400', 'PLAAT HITAM', '18-GGB', 'Lembar', 20, 20, 20, '0000-00-00', 20, 20, 80000, 100000),
('18PH04048GDS', '40 X 4 X 8', 'PLAAT HITAM', '18-GDS', 'Lembar', 20, 20, 20, '0000-00-00', 20, 20, 80000, 100000),
('18PH04048KS', '40 X 4 X 8', 'PLAAT HITAM', '18-KS', 'Lembar', 20, 20, 20, '0000-00-00', 20, 20, 80000, 100000),
('18PH04512202400GGB', '45 X 1220 X 2400', 'PLAAT HITAM', '18-GGB', 'Lembar', 20, 20, 20, '0000-00-00', 20, 20, 80000, 100000),
('18PH04548GDS', '45 X 4 X 8', 'PLAAT HITAM', '18-GDS', 'Lembar', 20, 20, 20, '0000-00-00', 20, 20, 80000, 100000),
('18PH04948GDS', '49 X 4 X 8', 'PLAAT HITAM', '18-GDS', 'Lembar', 20, 20, 20, '0000-00-00', 20, 20, 80000, 100000),
('18PH04948KS', '49 X 4 X 8', 'PLAAT HITAM', '18-KS', 'Lembar', 20, 20, 20, '0000-00-00', 20, 20, 80000, 100000),
('18PH05048GDS', '50 X 4 X 8', 'PLAAT HITAM', '18-GDS', 'Lembar', 20, 20, 20, '0000-00-00', 20, 20, 80000, 100000),
('18PH05048GG', '50x4/1220x8/2400', 'PLAAT HITAM', '18-GG', 'Lembar', 20, 20, 20, '0000-00-00', 20, 20, 80000, 100000),
('18PH05048KS', '50 X 4 X 8', 'PLAAT HITAM', '18-KS', 'Lembar', 20, 20, 20, '0000-00-00', 20, 20, 80000, 100000),
('18PH05148GDSBK', '51 X 4 X 8', 'PLAAT HITAM', '18-GDS', 'Lembar', 20, 20, 20, '0000-00-00', 20, 20, 80000, 100000),
('18PH05248GDS', '52 X 4 X 8', 'PLAAT HITAM', '18-GDS', 'Lembar', 20, 20, 20, '0000-00-00', 20, 20, 80000, 100000),
('18PH05248GGB', '52 X 4 X 8', 'PLAAT HITAM', '18-GGB', 'Lembar', 20, 20, 20, '0000-00-00', 20, 20, 80000, 100000),
('18PH05248KS', '52 X 4 X 8', 'PLAAT HITAM', '18-KS', 'Lembar', 20, 20, 20, '0000-00-00', 20, 20, 80000, 100000),
('18PH05311602450KS', '53 X 1160 X 2450', 'PLAAT HITAM', '18-KS', 'Lembar', 20, 20, 20, '0000-00-00', 20, 20, 80000, 100000),
('18PH05348KS', '53 X 4 X 8', 'PLAAT HITAM', '18-KS', 'Lembar', 20, 20, 20, '0000-00-00', 20, 20, 80000, 100000),
('18PH05548GDS', '55 X 4 X 8', 'PLAAT HITAM', '18-GDS', 'Lembar', 20, 20, 20, '0000-00-00', 20, 20, 80000, 100000),
('18PH05648GDS', '56 X 4 X 8', 'PLAAT HITAM', '18-GDS', 'Lembar', 20, 20, 20, '0000-00-00', 20, 20, 80000, 100000),
('18PH05748GDS', '57 X 4 X 8', 'PLAAT HITAM', '18-GDS', 'Lembar', 20, 20, 20, '0000-00-00', 20, 20, 80000, 100000),
('18PH05848GDS', '58 X 4 X 8', 'PLAAT HITAM', '18-GDS', 'Lembar', 20, 20, 20, '0000-00-00', 20, 20, 80000, 100000),
('18PH06048GDS', '60 X 4 X 8', 'PLAAT HITAM', '18-GDS', 'Lembar', 20, 20, 20, '0000-00-00', 20, 20, 80000, 100000),
('18PH06048GDSTD', '60 X 4 X 8', 'PLAAT HITAM', '18-GDS TD', 'Lembar', 20, 20, 20, '0000-00-00', 20, 20, 80000, 100000),
('18PH06248GDS', '62 X 4 X 8', 'PLAAT HITAM', '18-GDS', 'Lembar', 20, 20, 20, '0000-00-00', 20, 20, 80000, 100000),
('18PH06248KS', '62 X 4 X 8', 'PLAAT HITAM', '18-KS', 'Lembar', 20, 20, 20, '0000-00-00', 20, 20, 80000, 100000),
('18PH06448GDS', '64 X 4 X 8', 'PLAAT HITAM', '18-GDS', 'Lembar', 20, 20, 20, '0000-00-00', 20, 20, 80000, 100000),
('18PH06448LN', '64 X 4 X 8', 'PLAAT HITAM', '18-LN', 'Lembar', 20, 20, 20, '0000-00-00', 20, 20, 80000, 100000),
('18PH06548GDS', '65 X 4 X 8', 'PLAAT HITAM', '18-GDS', 'Lembar', 20, 20, 20, '0000-00-00', 20, 20, 80000, 100000),
('18PH06548GGB', '65 X 4 X 8', 'PLAAT HITAM', '18-GGB', 'Lembar', 20, 20, 20, '0000-00-00', 20, 20, 80000, 100000),
('18PH06548KS', '65 X 4 X 8', 'PLAAT HITAM', '18-KS', 'Lembar', 20, 20, 20, '0000-00-00', 20, 20, 80000, 100000),
('18PH06748GDS', '67 X 4 X 8', 'PLAAT HITAM', '18-GDS', 'Lembar', 20, 20, 20, '0000-00-00', 20, 20, 80000, 100000),
('18PH06748KS', '67 X 4 X 8', 'PLAAT HITAM', '18-KS', 'Lembar', 20, 20, 20, '0000-00-00', 20, 20, 80000, 100000),
('18PH06848GDS', '68 X 4 X 8', 'PLAAT HITAM', '18-GDS', 'Lembar', 20, 20, 20, '0000-00-00', 20, 20, 80000, 100000),
('18PH06848KS', '68 X 4 X 8', 'PLAAT HITAM', '18-KS', 'Lembar', 20, 20, 20, '0000-00-00', 20, 20, 80000, 100000),
('18PH06948', '69 X 4 X 8', 'PLAAT HITAM', '18-KS', 'Lembar', 20, 20, 20, '0000-00-00', 20, 20, 80000, 100000),
('18PH07048GDS', '70 X 4 X 8', 'PLAAT HITAM', '18-GDS', 'Lembar', 20, 20, 20, '0000-00-00', 20, 20, 80000, 100000),
('18PH07048KS', '70 X 4 X 8', 'PLAAT HITAM', '18-KS', 'Lembar', 20, 20, 20, '0000-00-00', 20, 20, 80000, 100000),
('18PH07248KS', '72 X 4 X 8', 'PLAAT HITAM', '18-KS', 'Lembar', 20, 20, 20, '0000-00-00', 20, 20, 80000, 100000),
('18PH07348KS', '73 X 4 X 8', 'PLAAT HITAM', '18-KS', 'Lembar', 20, 20, 20, '0000-00-00', 20, 20, 80000, 100000),
('18PH07448KS', '74 X 4 X 8', 'PLAAT HITAM', '18-KS', 'Lembar', 20, 20, 20, '0000-00-00', 20, 20, 80000, 100000),
('18PH07548GDS', '75 X 4 X 8', 'PLAAT HITAM', '18-GDS', 'Lembar', 20, 20, 20, '0000-00-00', 20, 20, 80000, 100000),
('18PH07548KS', '75 X 4 X 8', 'PLAAT HITAM', '18-KS', 'Lembar', 20, 20, 20, '0000-00-00', 20, 20, 80000, 100000),
('18PH07548LN', '75 X 4 X 8', 'PLAAT HITAM', '18-LN', 'Lembar', 20, 20, 20, '0000-00-00', 20, 20, 80000, 100000),
('18PH07811008KS', '78 X 1100 X 8', 'PLAAT HITAM', '18-KS', 'Lembar', 20, 20, 20, '0000-00-00', 20, 20, 80000, 100000),
('18PH07848KS', '78 X 4 X 8', 'PLAAT HITAM', '18-KS', 'Lembar', 20, 20, 20, '0000-00-00', 20, 20, 80000, 100000),
('18PH08048GDS', '80 X 4 X 8', 'PLAAT HITAM', '18GDS', 'Lembar', 20, 20, 20, '0000-00-00', 20, 20, 80000, 100000),
('18PH08748KS', '87 X 4 X 8', 'PLAAT HITAM', '18-KS', 'Lembar', 20, 20, 20, '0000-00-00', 20, 20, 80000, 100000),
('18PH08848KS', '88 X 4 X 8', 'PLAAT HITAM', '18-KS', 'Lembar', 20, 20, 20, '0000-00-00', 20, 20, 80000, 100000),
('18PH08948KS', '89 X 4 X 8', 'PLAAT HITAM', '18-KS', 'Lembar', 20, 20, 20, '0000-00-00', 20, 20, 80000, 100000),
('18PH09048GDS', '90 X 4 X 8', 'PLAAT HITAM', '18-GDS', 'Lembar', 20, 20, 20, '0000-00-00', 20, 20, 80000, 100000),
('18PH09048KSBK', '90 X 4 X 8', 'PLAAT HITAM', '18-KS BK', 'Lembar', 20, 20, 20, '0000-00-00', 20, 20, 80000, 100000),
('18PH09348GDSBK', '93 X 4 X 8', 'PLAAT HITAM', '18-GDS BK', 'Lembar', 20, 20, 20, '0000-00-00', 20, 20, 80000, 100000),
('18PH09548KS', '95 X 4 X 8', 'PLAAT HITAM', '18-KS', 'Lembar', 20, 20, 20, '0000-00-00', 20, 20, 80000, 100000),
('18PH09748KS', '97 X 4 X 8', 'PLAAT HITAM', '18-KS', 'Lembar', 20, 20, 20, '0000-00-00', 20, 20, 80000, 100000),
('18PH09848KS', '98 X 4 X 8', 'PLAAT HITAM', '18-KS', 'Lembar', 20, 20, 20, '0000-00-00', 20, 20, 80000, 100000),
('18PH10048GDS', '100 X 4 X 8', 'PLAAT HITAM', '18-GDS', 'Lembar', 20, 20, 20, '0000-00-00', 20, 20, 80000, 100000),
('18PH10248KS', '102 X 4 X 8', 'PLAAT HITAM', '18-KS', 'Lembar', 20, 20, 20, '0000-00-00', 20, 20, 80000, 100000),
('18PH12048KS', '120 X 4 X 8', 'PLAAT HITAM', '18-KS', 'Lembar', 20, 20, 20, '0000-00-00', 20, 20, 80000, 100000),
('18PK0036620LN', '3,6 X 6 X 20', 'P-KAPAL', '18-LN', 'Lembar', 20, 20, 20, '0000-00-00', 20, 20, 80000, 100000),
('18PK00415006096', '4 X 5 X 20(1515)', 'P-KAPAL', '18-LNBAJAINDO', 'Lembar', 20, 20, 20, '0000-00-00', 20, 20, 80000, 100000),
('18PK0044520BMKU', '4,4 X 5 X 20', 'P-KAPAL', '18-LNBMKU', 'Lembar', 20, 20, 20, '0000-00-00', 20, 20, 80000, 100000),
('18PK0044520KS', '4,4 X 5 X 20', 'P-KAPAL', '18-KS', 'Lembar', 20, 20, 20, '0000-00-00', 20, 20, 80000, 100000),
('18PK004520KS', '4 X 5 X 20', 'P-KAPAL', '18-KS', 'Lembar', 20, 20, 20, '0000-00-00', 20, 20, 80000, 100000),
('18PK004520LN', '4 X 5 X 20', 'P-KAPAL', '18-LN', 'Lembar', 20, 20, 20, '0000-00-00', 20, 20, 80000, 100000),
('18PK0045520GG', '4,5 X 5 X 20', 'P-KAPAL', '18-GG', 'Lembar', 20, 20, 20, '0000-00-00', 20, 20, 80000, 100000),
('18PK0045520KS', '4,5 X 5 X 20', 'P-KAPAL', '18-KS', 'Lembar', 20, 20, 20, '0000-00-00', 20, 20, 80000, 100000),
('18PK0045520KSTD', '4,5 X 5 X 20', 'P-KAPAL', '18-KS TD', 'Lembar', 20, 20, 20, '0000-00-00', 20, 20, 80000, 100000),
('18PK0045520LN', '4,5 X 5 X 20', 'P-KAPAL', '18-BAJAINDO', 'Lembar', 20, 20, 20, '0000-00-00', 20, 20, 80000, 100000),
('18PK0045520LNTD', '4,5 X 5 X 20', 'P-KAPAL', '18-LN TD', 'Lembar', 20, 20, 20, '0000-00-00', 20, 20, 80000, 100000),
('18PK0045620LN', '4,5 X 6 X 20', 'P-KAPAL', '18-LN', 'Lembar', 20, 20, 20, '0000-00-00', 20, 20, 80000, 100000),
('18PK0045620LNTD', '4,5 X 6 X 20', 'P-KAPAL', '18-LN TD', 'Lembar', 20, 20, 20, '0000-00-00', 20, 20, 80000, 100000),
('18PK004620KSTD', '4 X 6 X 20', 'P-KAPAL', '18-KS TD', 'Lembar', 20, 20, 20, '0000-00-00', 20, 20, 80000, 100000),
('18PK004620LN', '4 X 6 X 20', 'P-KAPAL', '18-LN', 'Lembar', 20, 20, 20, '0000-00-00', 20, 20, 80000, 100000),
('18PK0046520KS', '4,6 X 5 X 20', 'P-KAPAL', '18-KS', 'Lembar', 20, 20, 20, '0000-00-00', 20, 20, 80000, 100000),
('18PK005174520LN', '5 X 1745 X 20 (5 X 5 X 20)', 'P-KAPAL', '18-LN', 'Lembar', 20, 20, 20, '0000-00-00', 20, 20, 80000, 100000),
('18PK005520GG', '5 X 5 X 20/6000', 'P-KAPAL', '18-GG', 'Lembar', 20, 20, 20, '0000-00-00', 20, 20, 80000, 100000),
('18PK005520GGTD', '5 X 5 X 20', 'P-KAPAL', '18-GG TD', 'Lembar', 20, 20, 20, '0000-00-00', 20, 20, 80000, 100000),
('18PK005520KS', '5 X 5 X 20', 'P-KAPAL', '18-KS', 'Lembar', 20, 20, 20, '0000-00-00', 20, 20, 80000, 100000),
('18PK005520KSTD', '5 X 5 X 20', 'P-KAPAL', '18-KS TD', 'Lembar', 20, 20, 20, '0000-00-00', 20, 20, 80000, 100000),
('18PK005520LN', '5 X 5 X 20', 'P-KAPAL', '18-LN', 'Lembar', 20, 20, 20, '0000-00-00', 20, 20, 80000, 100000),
('18PK005520LNTD', '5 X 5 X 20', 'P-KAPAL', '18-LN TD', 'Lembar', 20, 20, 20, '0000-00-00', 20, 20, 80000, 100000),
('18PK005520LNTITIP', '5 X 5 X 20', 'P-KAPAL', '18-LNTITIPAN', 'Lembar', 20, 20, 20, '0000-00-00', 20, 20, 80000, 100000),
('18PK005620KS', '5 X 6 X 20', 'P-KAPAL', '18-KS', 'Lembar', 20, 20, 20, '0000-00-00', 20, 20, 80000, 100000),
('18PK005620KSTD', '5 X 6 X 20', 'P-KAPAL', '18-KS TD', 'Lembar', 20, 20, 20, '0000-00-00', 20, 20, 80000, 100000),
('18PK005620LNTD', '5 X 6 X 20', 'P-KAPAL', '18-LN TD', 'Lembar', 20, 20, 20, '0000-00-00', 20, 20, 80000, 100000),
('18PK0056520GG', '5,6 X 5 X 20', 'P-KAPAL', '18-GG', 'Lembar', 20, 20, 20, '0000-00-00', 20, 20, 80000, 100000),
('18PK0056520LN', '5,6 X 5 X 20', 'P-KAPAL', '18-LNBMKU', 'Lembar', 20, 20, 20, '0000-00-00', 20, 20, 80000, 100000),
('18PK0057520KS', '5,7 X 5 X 20', 'P-KAPAL', '18-KS', 'Lembar', 20, 20, 20, '0000-00-00', 20, 20, 80000, 100000),
('18PK005818106000KS', '5,8 X 1810 X 6000', 'P-KAPAL', '18-KS', 'Lembar', 20, 20, 20, '0000-00-00', 20, 20, 80000, 100000),
('18PK0058520GG', '5,8 X 5 X 20', 'P-KAPAL', '18-GG', 'Lembar', 20, 20, 20, '0000-00-00', 20, 20, 80000, 100000),
('18PK0058520KS', '5,8 X 5 X 20', 'P-KAPAL', '18-KS', 'Lembar', 20, 20, 20, '0000-00-00', 20, 20, 80000, 100000),
('18PK0058520LN', '5,8 X 5 X 20', 'P-KAPAL', '18-LNBMKU', 'Lembar', 20, 20, 20, '0000-00-00', 20, 20, 80000, 100000),
('18PK0058620KS', '5,8 X 6 X 20', 'P-KAPAL', '18-KS', 'Lembar', 20, 20, 20, '0000-00-00', 20, 20, 80000, 100000),
('18PK0058620LN', '5,8 X 6 X 20', 'P-KAPAL', '18-LN', 'Lembar', 20, 20, 20, '0000-00-00', 20, 20, 80000, 100000),
('18PK006520GG', '6 X 5 X 20', 'P-KAPAL', '18-GG', 'Lembar', 20, 20, 20, '0000-00-00', 20, 20, 80000, 100000),
('18PK006520KIAKS', '6 X 5 X 20', 'P-KAPAL', '18-KIA KS', 'Lembar', 20, 20, 20, '0000-00-00', 20, 20, 80000, 100000),
('18PK006520KIAP', '6 X 5 X 20', 'P-KAPAL', '18-KIA POLOS', 'Lembar', 20, 20, 20, '0000-00-00', 20, 20, 80000, 100000),
('18PK006520KS', '6 X 5 X 20', 'P-KAPAL', '18-KS', 'Lembar', 20, 20, 20, '0000-00-00', 20, 20, 80000, 100000),
('18PK006520LN', '5,6 s/d 6 X 5 X 20', 'P-KAPAL', '18-BAJA INDO', 'Lembar', 20, 20, 20, '0000-00-00', 20, 20, 80000, 100000),
('18PK006520LNTD', '6 X 5 X 20', 'P-KAPAL', '18-LN TD', 'Lembar', 20, 20, 20, '0000-00-00', 20, 20, 80000, 100000),
('18PK0065620LN', '6,5 X 6 X 20', 'P-KAPAL', '18-LN', 'Lembar', 20, 20, 20, '0000-00-00', 20, 20, 80000, 100000),
('18PK006620KIAKS', '6 X 6 X 20', 'P-KAPAL', '18-KIA-KS', 'Lembar', 20, 20, 20, '0000-00-00', 20, 20, 80000, 100000),
('18PK006620KIAP', '6 X 6 X 20', 'P-KAPAL', '18-KIA POLOS', 'Lembar', 20, 20, 20, '0000-00-00', 20, 20, 80000, 100000),
('18PK006620KS', '6 X 6 X 20', 'P-KAPAL', '18-KS', 'Lembar', 20, 20, 20, '0000-00-00', 20, 20, 80000, 100000),
('18PK006620KSTD', '6 X 6 X 20', 'P-KAPAL', '18-KS TD', 'Lembar', 20, 20, 20, '0000-00-00', 20, 20, 80000, 100000),
('18PK00715246000GG', '7 X 1524 X 6000', 'P-KAPAL', '18-GG', 'Lembar', 20, 20, 20, '0000-00-00', 20, 20, 80000, 100000),
('18PK007520JPS', '7 X 5 X 20', 'P-KAPAL', '18-JPS', 'Lembar', 20, 20, 20, '0000-00-00', 20, 20, 80000, 100000),
('18PK007520KIAKS', '7 X 5 X 20', 'P-KAPAL', '18-KIA KS', 'Lembar', 20, 20, 20, '0000-00-00', 20, 20, 80000, 100000),
('18PK007520KS', '7 X 5 X 20', 'P-KAPAL', '18-KS', 'Lembar', 20, 20, 20, '0000-00-00', 20, 20, 80000, 100000),
('18PK007620GDS', '7 X 6 X 20', 'P-KAPAL', '18-GDS', 'Lembar', 20, 20, 20, '0000-00-00', 20, 20, 80000, 100000),
('18PK0076520KS', '7,6 X 5 X 20', 'P-KAPAL', '18-KS', 'Lembar', 20, 20, 20, '0000-00-00', 20, 20, 80000, 100000),
('18PK007715206050GG', '7,7 X 1520 X 6050/6100', 'P-KAPAL', '18-GG', 'Lembar', 20, 20, 20, '0000-00-00', 20, 20, 80000, 100000),
('18PK0077555006000GG', '7,7 X 5 X 5500/6000', 'P-KAPAL', '18-GG', 'Lembar', 20, 20, 20, '0000-00-00', 20, 20, 80000, 100000),
('18PK007778520GG', '7,7 / 7,8x5x20', 'P-KAPAL', '18-GG', 'Lembar', 20, 20, 20, '0000-00-00', 20, 20, 80000, 100000),
('18PK007818106000', '7,8 X 1810 X 6000', 'P-KAPAL', '18-KS', 'Lembar', 20, 20, 20, '0000-00-00', 20, 20, 80000, 100000),
('18PK00815006000BKIA', '8 X 1500 X 6000', 'P-KAPAL', '18-BKI A', 'Lembar', 20, 20, 20, '0000-00-00', 20, 20, 80000, 100000),
('18PK00815006000JPS', '8 X 1500 X 6000', 'P-KAPAL', '18-JPS', 'Lembar', 20, 20, 20, '0000-00-00', 20, 20, 80000, 100000),
('18PK008515306000GG', '8,5 X 1530 X 6000', 'P-KAPAL', '18-GG', 'Lembar', 20, 20, 20, '0000-00-00', 20, 20, 80000, 100000),
('18PK008520BKIA', '8 X 5 X 20', 'P-KAPAL', '18-BKI A', 'Lembar', 20, 20, 20, '0000-00-00', 20, 20, 80000, 100000),
('18PK008520GDS', '8 X 5 X 20', 'P-KAPAL', '18-GDS', 'Lembar', 20, 20, 20, '0000-00-00', 20, 20, 80000, 100000),
('18PK008520JPS', '8 X 5 X 20', 'P-KAPAL', '18-JPS', 'Lembar', 20, 20, 20, '0000-00-00', 20, 20, 80000, 100000),
('18PK008520KIAKS', '8 X 5 X 20', 'P-KAPAL', '18-KIA KS', 'Lembar', 20, 20, 20, '0000-00-00', 20, 20, 80000, 100000),
('18PK008520KIAP', '8 X 5 X 20', 'P-KAPAL', '18-KIA POLOS', 'Lembar', 20, 20, 20, '0000-00-00', 20, 20, 80000, 100000),
('18PK008520KS', '8 X 5 X 20', 'P-KAPAL', '18-KS', 'Lembar', 20, 20, 20, '0000-00-00', 20, 20, 80000, 100000),
('18PK008520KSTD', '8 X 5 X 20', 'P-KAPAL', '18-KS TD', 'Lembar', 20, 20, 20, '0000-00-00', 20, 20, 80000, 100000),
('18PK008520LN', '7,7 s/d 8 X 5 X 20', 'P-KAPAL', '18-LN/BJ INDO', 'Lembar', 20, 20, 20, '0000-00-00', 20, 20, 80000, 100000),
('18PK008620BKIA', '8 X 6 X 20', 'P-KAPAL', '18-BKI A', 'Lembar', 20, 20, 20, '0000-00-00', 20, 20, 80000, 100000),
('18PK008620GDS', '8 X 6 X 20', 'P-KAPAL', '18-GDS', 'Lembar', 20, 20, 20, '0000-00-00', 20, 20, 80000, 100000),
('18PK008620KIAKS', '8 X 6 X 20', 'P-KAPAL', '18-KIA KS', 'Lembar', 20, 20, 20, '0000-00-00', 20, 20, 80000, 100000),
('18PK008620KIAP', '8 X 6 X 20', 'P-KAPAL', '18-KIA POLOS', 'Lembar', 20, 20, 20, '0000-00-00', 20, 20, 80000, 100000),
('18PK008620KS', '7,8 / 8 X 6 X 20', 'P-KAPAL', '18-KS', 'Lembar', 20, 20, 20, '0000-00-00', 20, 20, 80000, 100000),
('18PK008620KSTD', '8 X 6 X 20', 'P-KAPAL', '18-KS TD', 'Lembar', 20, 20, 20, '0000-00-00', 20, 20, 80000, 100000),
('18PK008620LN', '8 X 6 X 20', 'P-KAPAL', '18-LN', 'Lembar', 20, 20, 20, '0000-00-00', 20, 20, 80000, 100000),
('18PK00866000GDS', '8 X 6 X 6000', 'P-KAPAL', '18-GDS', 'Lembar', 20, 20, 20, '0000-00-00', 20, 20, 80000, 100000),
('18PK0088520GG', '8,8 X 5 X 20', 'P-KAPAL', '18-GG', 'Lembar', 20, 20, 20, '0000-00-00', 20, 20, 80000, 100000),
('18PK00915006000JPS', '9 X 1500 X 6000', 'P-KAPAL', '18-JPS', 'Lembar', 20, 20, 20, '0000-00-00', 20, 20, 80000, 100000),
('18PK00915245900KS', '9 X 1524 X 5900', 'P-KAPAL', '18-KS', 'Lembar', 20, 20, 20, '0000-00-00', 20, 20, 80000, 100000),
('18PK009515006000BKIA', '9,5 X 1500 X 6000', 'P-KAPAL', '18-BKI A', 'Lembar', 20, 20, 20, '0000-00-00', 20, 20, 80000, 100000),
('18PK009520BKIA', '9 X 5 X 20', 'P-KAPAL', '18-BKI A', 'Lembar', 20, 20, 20, '0000-00-00', 20, 20, 80000, 100000),
('18PK009520GDS', '9 X 5 X 20', 'P-KAPAL', '18-GDS', 'Lembar', 20, 20, 20, '0000-00-00', 20, 20, 80000, 100000),
('18PK009520JPS', '9 X 5 X 20', 'P-KAPAL', '18-JPS', 'Lembar', 20, 20, 20, '0000-00-00', 20, 20, 80000, 100000),
('18PK009520JPSTD', '9 X 5 X 20', 'P-KAPAL', '18-JPS TD', 'Lembar', 20, 20, 20, '0000-00-00', 20, 20, 80000, 100000),
('18PK009520KIAKS', '9 X 5 X 20', 'P-KAPAL', '18-KIA KS', 'Lembar', 20, 20, 20, '0000-00-00', 20, 20, 80000, 100000),
('18PK009520KS', '9 X 5 X 20', 'P-KAPAL', '18-KS', 'Lembar', 20, 20, 20, '0000-00-00', 20, 20, 80000, 100000),
('18PK009520KSTD', '9 X 5 X 20', 'P-KAPAL', '18-KS TD', 'Lembar', 20, 20, 20, '0000-00-00', 20, 20, 80000, 100000),
('18PK009520LN', '9 X 5 X 20', 'P-KAPAL', '18-LN', 'Lembar', 20, 20, 20, '0000-00-00', 20, 20, 80000, 100000),
('18PK0095620KS', '9,5 X 6 X 20', 'P-KAPAL', '18-KS', 'Lembar', 20, 20, 20, '0000-00-00', 20, 20, 80000, 100000),
('18PK009620BKIA', '9 X 6 X 20', 'P-KAPAL', '18-BKI A', 'Lembar', 20, 20, 20, '0000-00-00', 20, 20, 80000, 100000),
('18PK009620GDS', '9 X 6 X 20', 'P-KAPAL', '18-GDS', 'Lembar', 20, 20, 20, '0000-00-00', 20, 20, 80000, 100000),
('18PK009620KS', '9 (8,8) X 6 X 20', 'P-KAPAL', '18-KS', 'Lembar', 20, 20, 20, '0000-00-00', 20, 20, 80000, 100000),
('18PK009620KSTD', '9 X 6 X 20', 'P-KAPAL', '18-KS TD', 'Lembar', 20, 20, 20, '0000-00-00', 20, 20, 80000, 100000),
('18PK009620LN', '9 X 6 X 20', 'P-KAPAL', '18-LN', 'Lembar', 20, 20, 20, '0000-00-00', 20, 20, 80000, 100000),
('18PK00966000GDS', '9 X 6 X 6000', 'P-KAPAL', '18-GDS', 'Lembar', 20, 20, 20, '0000-00-00', 20, 20, 80000, 100000),
('18PK009715206050', '9,7x1520x6050/6090', 'P-KAPAL', '18-GG', 'Lembar', 20, 20, 20, '0000-00-00', 20, 20, 80000, 100000),
('18PK01015006000JPS', '10 X 1500 X 6000', 'P-KAPAL', '18-JPS', 'Lembar', 20, 20, 20, '0000-00-00', 20, 20, 80000, 100000),
('18PK01018296000GDS', '10 X 1829 X 6000', 'P-KAPAL', '18-GDS', 'Lembar', 20, 20, 20, '0000-00-00', 20, 20, 80000, 100000),
('18PK010520BKIA', '10 X 5 X 20', 'P-KAPAL', '18-BKI A', 'Lembar', 20, 20, 20, '0000-00-00', 20, 20, 80000, 100000),
('18PK010520GDS', '10x5x20 / 10x1500x6000', 'P-KAPAL', '18-GDS', 'Lembar', 20, 20, 20, '0000-00-00', 20, 20, 80000, 100000),
('18PK010520JPS', '10 X 5 X 20', 'P-KAPAL', '18-JPS', 'Lembar', 20, 20, 20, '0000-00-00', 20, 20, 80000, 100000),
('18PK010520JPSTD', '10 X 5 X 20', 'P-KAPAL', '18-JPS TD', 'Lembar', 20, 20, 20, '0000-00-00', 20, 20, 80000, 100000),
('18PK010520KIAKS', '10 X 5 X 20', 'P-KAPAL', '18-KIA KS', 'Lembar', 20, 20, 20, '0000-00-00', 20, 20, 80000, 100000),
('18PK010520KIAP', '10 X 5 X 20', 'P-KAPAL', '18-KIAPOLOS', 'Lembar', 20, 20, 20, '0000-00-00', 20, 20, 80000, 100000),
('18PK010520KS', '10 X 5 X 20', 'P-KAPAL', '18-KS', 'Lembar', 20, 20, 20, '0000-00-00', 20, 20, 80000, 100000),
('18PK010520KSTD', '10 X 5 X 20', 'P-KAPAL', '18-KSTD', 'Lembar', 20, 20, 20, '0000-00-00', 20, 20, 80000, 100000),
('18PK010520LN', '10 X 5 X 20', 'P-KAPAL', '18-LN', 'Lembar', 20, 20, 20, '0000-00-00', 20, 20, 80000, 100000),
('18PK010620BKIA', '10 X 6 X 20', 'P-KAPAL', '18-BKI A', 'Lembar', 20, 20, 20, '0000-00-00', 20, 20, 80000, 100000),
('18PK010620GDS', '10 X 6 X 20', 'P-KAPAL', '18-GDS', 'Lembar', 20, 20, 20, '0000-00-00', 20, 20, 80000, 100000),
('18PK010620KIAKS', '10 X 6 X 20', 'P-KAPAL', '18-KIA-KS', 'Lembar', 20, 20, 20, '0000-00-00', 20, 20, 80000, 100000),
('18PK010620KIAP', '10 X 6 X 20', 'P-KAPAL', '18-KIA POLOS', 'Lembar', 20, 20, 20, '0000-00-00', 20, 20, 80000, 100000),
('18PK010620KS', '10 X 6 X 20', 'P-KAPAL', '18-KS', 'Lembar', 20, 20, 20, '0000-00-00', 20, 20, 80000, 100000),
('18PK010620KSTD', '10 X 6 X 20', 'P-KAPAL', '18-KSTD', 'Lembar', 20, 20, 20, '0000-00-00', 20, 20, 80000, 100000),
('18PK010620LN', '10 X 6 X 20', 'P-KAPAL', '18-LN', 'Lembar', 20, 20, 20, '0000-00-00', 20, 20, 80000, 100000),
('18PK011520GDS', '11 X 5 X 20', 'P-KAPAL', '18-GDS', 'Lembar', 20, 20, 20, '0000-00-00', 20, 20, 80000, 100000),
('18PK011520JPS', '11 X 5 X 20', 'P-KAPAL', '18-JPS', 'Lembar', 20, 20, 20, '0000-00-00', 20, 20, 80000, 100000),
('18PK011520KS', '11 X 5 X 20', 'P-KAPAL', '18-KS', 'Lembar', 20, 20, 20, '0000-00-00', 20, 20, 80000, 100000),
('18PK011620GDS', '11 X 6 X 20', 'P-KAPAL', '18-GDS', 'Lembar', 20, 20, 20, '0000-00-00', 20, 20, 80000, 100000),
('18PK011620KIAKS', '11 X 6 X 20', 'P-KAPAL', '18-KIA KS', 'Lembar', 20, 20, 20, '0000-00-00', 20, 20, 80000, 100000),
('18PK011715206050GG', '11,7x1520x6050/90/100', 'P-KAPAL', '18-GG', 'Lembar', 20, 20, 20, '0000-00-00', 20, 20, 80000, 100000),
('18PK01215006000JPS', '12 X 1500 X 6000', 'P-KAPAL', '18-JPS', 'Lembar', 20, 20, 20, '0000-00-00', 20, 20, 80000, 100000),
('18PK01215245900KS', '12 X 1524 X 5900', 'P-KAPAL', '18-KS', 'Lembar', 20, 20, 20, '0000-00-00', 20, 20, 80000, 100000),
('18PK01218106000KS', '12 X 1810 X 6000', 'P-KAPAL', '18-KS', 'Lembar', 20, 20, 20, '0000-00-00', 20, 20, 80000, 100000),
('18PK012520BKIA', '12 X 5 X 20', 'P-KAPAL', '18-BKI A', 'Lembar', 20, 20, 20, '0000-00-00', 20, 20, 80000, 100000),
('18PK012520GDS', '12 X 5 X 20', 'P-KAPAL', '18-GDS-A36', 'Lembar', 20, 20, 20, '0000-00-00', 20, 20, 80000, 100000),
('18PK012520JPS', '12 X 5 X 20', 'P-KAPAL', '18-JPS', 'Lembar', 20, 20, 20, '0000-00-00', 20, 20, 80000, 100000),
('18PK012520KIAA', '12 X 5 X 20', 'P-KAPAL', '18-KIA GRD.A', 'Lembar', 20, 20, 20, '0000-00-00', 20, 20, 80000, 100000),
('18PK012520KIAKS', '12 X 5 X 20', 'P-KAPAL', '18-KIA POLOS', 'Lembar', 20, 20, 20, '0000-00-00', 20, 20, 80000, 100000),
('18PK012520KS', '12 X 5 X 20', 'P-KAPAL', '18-KS', 'Lembar', 20, 20, 20, '0000-00-00', 20, 20, 80000, 100000),
('18PK012520KSTD', '12 X 5 X 20', 'P-KAPAL', '18-KSTD', 'Lembar', 20, 20, 20, '0000-00-00', 20, 20, 80000, 100000),
('18PK012520LN', '12 X 5 X 20', 'P-KAPAL', '18-LN', 'Lembar', 20, 20, 20, '0000-00-00', 20, 20, 80000, 100000),
('18PK01256000GG', '12 X 5 X 6000', 'P-KAPAL', '18-GG', 'Lembar', 20, 20, 20, '0000-00-00', 20, 20, 80000, 100000),
('18PK0125620KS', '12,5 X 6 X 20', 'P-KAPAL', '18-KS', 'Lembar', 20, 20, 20, '0000-00-00', 20, 20, 80000, 100000),
('18PK012620BKIA', '12 X 6 X 20', 'P-KAPAL', '18-BKI-A', 'Lembar', 20, 20, 20, '0000-00-00', 20, 20, 80000, 100000),
('18PK012620GDS', '12 X 6 X 20', 'P-KAPAL', '18-GDS', 'Lembar', 20, 20, 20, '0000-00-00', 20, 20, 80000, 100000),
('18PK012620KIAKS', '12 X 6 X 20', 'P-KAPAL', '18-KIA KS', 'Lembar', 20, 20, 20, '0000-00-00', 20, 20, 80000, 100000),
('18PK012620KIAKSTD', '12 X 6 X 20', 'P-KAPAL', '18-KIA KS-TD', 'Lembar', 20, 20, 20, '0000-00-00', 20, 20, 80000, 100000),
('18PK012620KS', '12 X 6 X 20', 'P-KAPAL', '18-KS', 'Lembar', 20, 20, 20, '0000-00-00', 20, 20, 80000, 100000),
('18PK012620KSTD', '12 X 6 X 20', 'P-KAPAL', '18-KSTD', 'Lembar', 20, 20, 20, '0000-00-00', 20, 20, 80000, 100000),
('18PK012620LN', '12 X 6 X 20', 'P-KAPAL', '18-LN', 'Lembar', 20, 20, 20, '0000-00-00', 20, 20, 80000, 100000),
('18PK01265800GDS', '12 X 6 X 5800', 'P-KAPAL', '18-GDS', 'Lembar', 20, 20, 20, '0000-00-00', 20, 20, 80000, 100000),
('18PK01265900KS', '12 X 6 X 5900', 'P-KAPAL', '18-KS', 'Lembar', 20, 20, 20, '0000-00-00', 20, 20, 80000, 100000),
('18PK01266000GDS', '12 X 6 X 6000', 'P-KAPAL', '18-GDS', 'Lembar', 20, 20, 20, '0000-00-00', 20, 20, 80000, 100000),
('18PK01266000KS', '12 X 6 X 6000', 'P-KAPAL', '18-KS', 'Lembar', 20, 20, 20, '0000-00-00', 20, 20, 80000, 100000),
('18PK013520GDS', '13x5x20/2L=13x1500x6000', 'P-KAPAL', '18-GDS', 'Lembar', 20, 20, 20, '0000-00-00', 20, 20, 80000, 100000),
('18PK013520JPS', '13 X 5 X 20', 'P-KAPAL', '18-JPS', 'Lembar', 20, 20, 20, '0000-00-00', 20, 20, 80000, 100000),
('18PK013520JPSTD', '13 X 5 X 20', 'P-KAPAL', '18-JPSTD', 'Lembar', 20, 20, 20, '0000-00-00', 20, 20, 80000, 100000),
('18PK013520LNTD', '13 X 5 X 20', 'P-KAPAL', '18-LNTD', 'Lembar', 20, 20, 20, '0000-00-00', 20, 20, 80000, 100000),
('18PK013620GDS', '13 X 6 X 20', 'P-KAPAL', '18-GDS', 'Lembar', 20, 20, 20, '0000-00-00', 20, 20, 80000, 100000),
('18PK01418106000KS', '14 X 1810 X 6000', 'P-KAPAL', '18-KS', 'Lembar', 20, 20, 20, '0000-00-00', 20, 20, 80000, 100000),
('18PK014520GDS', '14 X 5 X 20', 'P-KAPAL', '18-GDS', 'Lembar', 20, 20, 20, '0000-00-00', 20, 20, 80000, 100000),
('18PK014520JPS', '14x5/1500x20/6000', 'P-KAPAL', '18-JPS', 'Lembar', 20, 20, 20, '0000-00-00', 20, 20, 80000, 100000),
('18PK014520KSTD', '14 X 5 X 20', 'P-KAPAL', '18-KSTD', 'Lembar', 20, 20, 20, '0000-00-00', 20, 20, 80000, 100000),
('18PK014520LN', '14 X 5 X 20', 'P-KAPAL', '18-LN', 'Lembar', 20, 20, 20, '0000-00-00', 20, 20, 80000, 100000),
('18PK014620BKIA', '14 X 6 X 20', 'P-KAPAL', '18-BKI A', 'Lembar', 20, 20, 20, '0000-00-00', 20, 20, 80000, 100000),
('18PK014620GDS', '14 X 6 X 20', 'P-KAPAL', '18-GDS-A36', 'Lembar', 20, 20, 20, '0000-00-00', 20, 20, 80000, 100000),
('18PK014620GDSTD', '14 X 6 X 20', 'P-KAPAL', '18-GDSTD', 'Lembar', 20, 20, 20, '0000-00-00', 20, 20, 80000, 100000),
('18PK014620KIAKS', '14 X 6 X 20', 'P-KAPAL', '18-KIA KS', 'Lembar', 20, 20, 20, '0000-00-00', 20, 20, 80000, 100000),
('18PK014620KS', '14 X 6 X 20', 'P-KAPAL', '18-KSTD', 'Lembar', 20, 20, 20, '0000-00-00', 20, 20, 80000, 100000),
('18PK01515005810GG', '15 X 1500 X 5810', 'P-KAPAL', '18-GG', 'Lembar', 20, 20, 20, '0000-00-00', 20, 20, 80000, 100000),
('18PK015518106000KS', '15,5 X 1810 X 6000', 'P-KAPAL', '18-KS', 'Lembar', 20, 20, 20, '0000-00-00', 20, 20, 80000, 100000),
('18PK015520GDS', '15 X 5 X 20', 'P-KAPAL', '18-GDS', 'Lembar', 20, 20, 20, '0000-00-00', 20, 20, 80000, 100000),
('18PK015520JPS', '15 X 5 X 20', 'P-KAPAL', '18-JPS', 'Lembar', 20, 20, 20, '0000-00-00', 20, 20, 80000, 100000),
('18PK01556000GG', '15 X 5 X 6000', 'P-KAPAL', '18-GG', 'Lembar', 20, 20, 20, '0000-00-00', 20, 20, 80000, 100000),
('18PK015620GDS', '15 X 6 X 20', 'P-KAPAL', '18-GDS', 'Lembar', 20, 20, 20, '0000-00-00', 20, 20, 80000, 100000),
('18PK015620KIAKS', '15 X 6 X 20', 'P-KAPAL', '18-KIA KS', 'Lembar', 20, 20, 20, '0000-00-00', 20, 20, 80000, 100000),
('18PK015620KS', '15 X 6 X 20', 'P-KAPAL', '18-KS', 'Lembar', 20, 20, 20, '0000-00-00', 20, 20, 80000, 100000),
('18PK01615006000JPS', '16 X 1500 X 6000', 'P-KAPAL', '18-JPS', 'Lembar', 20, 20, 20, '0000-00-00', 20, 20, 80000, 100000),
('18PK01615006000LN', '16 X 1500 X 6000', 'P-KAPAL', '18-LN', 'Lembar', 20, 20, 20, '0000-00-00', 20, 20, 80000, 100000),
('18PK016520GDS', '16 X 5 X 20', 'P-KAPAL', '18-GDS', 'Lembar', 20, 20, 20, '0000-00-00', 20, 20, 80000, 100000),
('18PK016520JPS', '16 X 5 X 20', 'P-KAPAL', '18-JPS', 'Lembar', 20, 20, 20, '0000-00-00', 20, 20, 80000, 100000),
('18PK016520KS', '16 X 5 X 20', 'P-KAPAL', '18-KS', 'Lembar', 20, 20, 20, '0000-00-00', 20, 20, 80000, 100000),
('18PK016520KSTD', '16 X 5 X 20', 'P-KAPAL', '18-KSTD', 'Lembar', 20, 20, 20, '0000-00-00', 20, 20, 80000, 100000),
('18PK016520LN', '16 X 5 X 20', 'P-KAPAL', '18-LN', 'Lembar', 20, 20, 20, '0000-00-00', 20, 20, 80000, 100000),
('18PK01656000GDS', '16 X 5 X 6000', 'P-KAPAL', '18-GDS', 'Lembar', 20, 20, 20, '0000-00-00', 20, 20, 80000, 100000),
('18PK016620BKIA', '16 X 6 X 20', 'P-KAPAL', '18-BKI A', 'Lembar', 20, 20, 20, '0000-00-00', 20, 20, 80000, 100000),
('18PK016620GDS', '16x6x20= 1Lbr KARAT', 'P-KAPAL', '18-GDS', 'Lembar', 20, 20, 20, '0000-00-00', 20, 20, 80000, 100000),
('18PK016620KIAKS', '16 X 6 X 20', 'P-KAPAL', '18-KIA KS', 'Lembar', 20, 20, 20, '0000-00-00', 20, 20, 80000, 100000),
('18PK016620KS', '16 X 6 X 20', 'P-KAPAL', '18-KS', 'Lembar', 20, 20, 20, '0000-00-00', 20, 20, 80000, 100000),
('18PK016620LN', '16 X 6 X 20', 'P-KAPAL', '18-LN', 'Lembar', 20, 20, 20, '0000-00-00', 20, 20, 80000, 100000),
('18PK016620LNTD', '16 X 6 X 20', 'P-KAPAL', '18-LNTD', 'Lembar', 20, 20, 20, '0000-00-00', 20, 20, 80000, 100000),
('18PK017520JPS', '17 X 5 X 20', 'P-KAPAL', '18-JPS', 'Lembar', 20, 20, 20, '0000-00-00', 20, 20, 80000, 100000),
('18PK017520LN', '17 X 5 X 20', 'P-KAPAL', '18-LN', 'Lembar', 20, 20, 20, '0000-00-00', 20, 20, 80000, 100000),
('18PK017620GDS', '17 X 6 X 20', 'P-KAPAL', '18-GDS', 'Lembar', 20, 20, 20, '0000-00-00', 20, 20, 80000, 100000),
('18PK018520JPS', '18 X 5 X 20', 'P-KAPAL', '18-JPS', 'Lembar', 20, 20, 20, '0000-00-00', 20, 20, 80000, 100000),
('18PK018620LNTD', '18 X 6 X 20', 'P-KAPAL', '18-LNTD', 'Lembar', 20, 20, 20, '0000-00-00', 20, 20, 80000, 100000),
('18PK0191500KS', '19x1500/24x5900/6000', 'P-KAPAL', '18-KS', 'Lembar', 20, 20, 20, '0000-00-00', 20, 20, 80000, 100000),
('18PK01918296300GDS', '19 X 1829 X 6300', 'P-KAPAL', '18-GDS', 'Lembar', 20, 20, 20, '0000-00-00', 20, 20, 80000, 100000),
('18PK019518106000KS', '19,5 X 1810 X 6000', 'P-KAPAL', '18-KS', 'Lembar', 20, 20, 20, '0000-00-00', 20, 20, 80000, 100000),
('18PK019520GDS', '19 X 5 X 20', 'P-KAPAL', '18-GDS-A36', 'Lembar', 20, 20, 20, '0000-00-00', 20, 20, 80000, 100000),
('18PK019520GG', '19 X 5 X 20', 'P-KAPAL', '18-GG', 'Lembar', 20, 20, 20, '0000-00-00', 20, 20, 80000, 100000),
('18PK019520JPS', '19x5/1500x20/6000', 'P-KAPAL', '18-JPS', 'Lembar', 20, 20, 20, '0000-00-00', 20, 20, 80000, 100000),
('18PK019520KS', '19 X 5 X 20', 'P-KAPAL', '18-KS', 'Lembar', 20, 20, 20, '0000-00-00', 20, 20, 80000, 100000),
('18PK019520LN', '19 X 5 X 20', 'P-KAPAL', '18-LN', 'Lembar', 20, 20, 20, '0000-00-00', 20, 20, 80000, 100000),
('18PK01956000GDS', '19 X 5 X 6000', 'P-KAPAL', '18-GDS', 'Lembar', 20, 20, 20, '0000-00-00', 20, 20, 80000, 100000),
('18PK019620GDS', '19 X 6 X 20', 'P-KAPAL', '18-GDS-SS400', 'Lembar', 20, 20, 20, '0000-00-00', 20, 20, 80000, 100000),
('18PK019620KS', '19 X 6 X 20', 'P-KAPAL', '18-KS', 'Lembar', 20, 20, 20, '0000-00-00', 20, 20, 80000, 100000),
('18PK019620LN', '19 X 6 X 20', 'P-KAPAL', '18-LN', 'Lembar', 20, 20, 20, '0000-00-00', 20, 20, 80000, 100000),
('18PK020520GDS', '20 X 5 X 20', 'P-KAPAL', '18-GDS', 'Lembar', 20, 20, 20, '0000-00-00', 20, 20, 80000, 100000),
('18PK020520JPS', '20 X 5 X 20', 'P-KAPAL', '18-JPS', 'Lembar', 20, 20, 20, '0000-00-00', 20, 20, 80000, 100000),
('18PK020520LN', '20 X 5 X 20', 'P-KAPAL', '18-LN', 'Lembar', 20, 20, 20, '0000-00-00', 20, 20, 80000, 100000),
('18PK020620GDS', '20 X 6 X 20', 'P-KAPAL', '18-GDS', 'Lembar', 20, 20, 20, '0000-00-00', 20, 20, 80000, 100000),
('18PK020620KSTD', '20 X 6 X 20', 'P-KAPAL', '18-KSTD', 'Lembar', 20, 20, 20, '0000-00-00', 20, 20, 80000, 100000),
('18PK020620LN', '20 X 6 X 20', 'P-KAPAL', '18-LN', 'Lembar', 20, 20, 20, '0000-00-00', 20, 20, 80000, 100000),
('18PK020620LNTD', '20 X 6 X 20', 'P-KAPAL', '18-LNTD', 'Lembar', 20, 20, 20, '0000-00-00', 20, 20, 80000, 100000),
('18PK021520JPS', '21 X 5 X 20', 'P-KAPAL', '18-JPS', 'Lembar', 20, 20, 20, '0000-00-00', 20, 20, 80000, 100000),
('18PK021620LN', '21 X 6 X 20', 'P-KAPAL', '18-LN', 'Lembar', 20, 20, 20, '0000-00-00', 20, 20, 80000, 100000),
('18PK02218006000GDS', '22 X 1800 X 6000', 'P-KAPAL', '18-GDS', 'Lembar', 20, 20, 20, '0000-00-00', 20, 20, 80000, 100000),
('18PK022520GDS', '22 X 5 X 20', 'P-KAPAL', '18-GDS-A36', 'Lembar', 20, 20, 20, '0000-00-00', 20, 20, 80000, 100000),
('18PK022520KIAKS', '22 X 5 X 20', 'P-KAPAL', '18-KIA KS', 'Lembar', 20, 20, 20, '0000-00-00', 20, 20, 80000, 100000),
('18PK022520KS', '22 X 5 X 20', 'P-KAPAL', '18-KS', 'Lembar', 20, 20, 20, '0000-00-00', 20, 20, 80000, 100000),
('18PK022520LN', '22 X 5 X 20', 'P-KAPAL', '18-LN', 'Lembar', 20, 20, 20, '0000-00-00', 20, 20, 80000, 100000),
('18PK022620GDS', '22 X 6 X 20 SS400/A36', 'P-KAPAL', '18-GDS', 'Lembar', 20, 20, 20, '0000-00-00', 20, 20, 80000, 100000),
('18PK022620KS', '22 X 6 X 20', 'P-KAPAL', '18-KS', 'Lembar', 20, 20, 20, '0000-00-00', 20, 20, 80000, 100000),
('18PK022620LN', '22 X 6 X 20', 'P-KAPAL', '18-LN', 'Lembar', 20, 20, 20, '0000-00-00', 20, 20, 80000, 100000),
('18PK023520GDS', '23 X 5 X 20', 'P-KAPAL', '18-GDS', 'Lembar', 20, 20, 20, '0000-00-00', 20, 20, 80000, 100000),
('18PK023520JPS', '23 X 5 X 20', 'P-KAPAL', '18-JPS', 'Lembar', 20, 20, 20, '0000-00-00', 20, 20, 80000, 100000),
('18PK023520LN', '23 X 5 X 20', 'P-KAPAL', '18-LN', 'Lembar', 20, 20, 20, '0000-00-00', 20, 20, 80000, 100000),
('18PK023620GDS', '23 X 6 X 20', 'P-KAPAL', '18-GDS', 'Lembar', 20, 20, 20, '0000-00-00', 20, 20, 80000, 100000),
('18PK023620LN', '23 X 6 X 20', 'P-KAPAL', '18-LN', 'Lembar', 20, 20, 20, '0000-00-00', 20, 20, 80000, 100000),
('18PK024520LN', '24 X 5 X 20', 'P-KAPAL', '18-LN', 'Lembar', 20, 20, 20, '0000-00-00', 20, 20, 80000, 100000);
INSERT INTO `barang` (`Kode`, `Ukuran`, `Nama`, `Nama2`, `Satuan1`, `Qty1`, `QtyOp`, `QtyGudang`, `Tgl_Saw`, `Saw`, `SawGudang`, `Harga_Beli`, `Harga_Jual`) VALUES
('18PK0245600LN', '24 X 5 X 6000', 'P-KAPAL', '18-LN', 'Lembar', 20, 20, 20, '0000-00-00', 20, 20, 80000, 100000),
('18PK024620GDS', '24 X 6 X 20', 'P-KAPAL', '18-GDS', 'Lembar', 20, 20, 20, '0000-00-00', 20, 20, 80000, 100000),
('18PK025520GDS', '25 X 5 X 20', 'P-KAPAL', '18-GDS-A36', 'Lembar', 20, 20, 20, '0000-00-00', 20, 20, 80000, 100000),
('18PK025520KS', '25 X 5 X 20', 'P-KAPAL', '18-KS', 'Lembar', 20, 20, 20, '0000-00-00', 20, 20, 80000, 100000),
('18PK02556000GDS', '25 X 1500 X 6000', 'P-KAPAL', '18-GDS', 'Lembar', 20, 20, 20, '0000-00-00', 20, 20, 80000, 100000),
('18PK025620GDS', '25 X 6 X 20', 'P-KAPAL', '18-GDS-A36', 'Lembar', 20, 20, 20, '0000-00-00', 20, 20, 80000, 100000),
('18PK025620KS', '25 X 6 X 20', 'P-KAPAL', '18-KS', 'Lembar', 20, 20, 20, '0000-00-00', 20, 20, 80000, 100000),
('18PK02566000GDS', '25 X 6 X 6000', 'P-KAPAL', '18-GDS', 'Lembar', 20, 20, 20, '0000-00-00', 20, 20, 80000, 100000),
('18PK02615006000GDS', '26 X 1500 X 6000', 'P-KAPAL', '18-GDS', 'Lembar', 20, 20, 20, '0000-00-00', 20, 20, 80000, 100000),
('18PK026520GDS', '26 X 5 X 20', 'P-KAPAL', '18-GDS', 'Lembar', 20, 20, 20, '0000-00-00', 20, 20, 80000, 100000),
('18PK026520JPS', '26 X 5 X 20', 'P-KAPAL', '18-JPS', 'Lembar', 20, 20, 20, '0000-00-00', 20, 20, 80000, 100000),
('18PK026620GDS', '26 X 6 X 20', 'P-KAPAL', '18-GDS', 'Lembar', 20, 20, 20, '0000-00-00', 20, 20, 80000, 100000),
('18PK027520GDS', '27 X 5 X 20', 'P-KAPAL', '18-GDS', 'Lembar', 20, 20, 20, '0000-00-00', 20, 20, 80000, 100000),
('18PK027620GDS', '27 X 6 X 20', 'P-KAPAL', '18-GDS', 'Lembar', 20, 20, 20, '0000-00-00', 20, 20, 80000, 100000),
('18PK028520GDS', '28 X 5 X 20', 'P-KAPAL', '18-GDS', 'Lembar', 20, 20, 20, '0000-00-00', 20, 20, 80000, 100000),
('18PK028620GDS', '28 X 6 X 20', 'P-KAPAL', '18-GDS', 'Lembar', 20, 20, 20, '0000-00-00', 20, 20, 80000, 100000),
('18PK03015006000GDS', '30 X 1500 X 6000', 'P-KAPAL', '18-GDS', 'Lembar', 20, 20, 20, '0000-00-00', 20, 20, 80000, 100000),
('18PK03015006000JPN', '30 X 1520 X 6000', 'P-KAPAL', '18-LN/JAPAN', 'Lembar', 20, 20, 20, '0000-00-00', 20, 20, 80000, 100000),
('18PK030520GDS', '30 X 5 X 20', 'P-KAPAL', '18-GDS', 'Lembar', 20, 20, 20, '0000-00-00', 20, 20, 80000, 100000),
('18PK030620GDS', '30 X 6 X 20', 'P-KAPAL', '18-GDS', 'Lembar', 20, 20, 20, '0000-00-00', 20, 20, 80000, 100000),
('18PK032520GDS', '32 X 5 X 20', 'P-KAPAL', '18-GDS', 'Lembar', 20, 20, 20, '0000-00-00', 20, 20, 80000, 100000),
('18PK03256000GDS', '32 X 5 X 6000', 'P-KAPAL', '18-GDS', 'Lembar', 20, 20, 20, '0000-00-00', 20, 20, 80000, 100000),
('18PK032620GDS', '32 X 6 X 20', 'P-KAPAL', '18-GDS', 'Lembar', 20, 20, 20, '0000-00-00', 20, 20, 80000, 100000),
('18PK035157020KS', '35 X 1570 X 20', 'P-KAPAL', '18-KS', 'Lembar', 20, 20, 20, '0000-00-00', 20, 20, 80000, 100000),
('18PK035520GDS', '35 X 5 X 20', 'P-KAPAL', '18-GDS', 'Lembar', 20, 20, 20, '0000-00-00', 20, 20, 80000, 100000),
('18PK035620GDS', '35 X 6 X 20', 'P- KAPAL', '18-GDS', 'Lembar', 20, 20, 20, '0000-00-00', 20, 20, 80000, 100000),
('18PK036620GDS', '36 X 6 X 20', 'P-KAPAL', '18-GDS', 'Lembar', 20, 20, 20, '0000-00-00', 20, 20, 80000, 100000),
('18PK037620LN', '37 X 6 X 20', 'P-KAPAL', '18-LN', 'Lembar', 20, 20, 20, '0000-00-00', 20, 20, 80000, 100000),
('18PK038520GDS', '38 X 5 X 20', 'P-KAPAL', '18-GDS-A36', 'Lembar', 20, 20, 20, '0000-00-00', 20, 20, 80000, 100000),
('18PK038620GDS', '38 X 6 X 20', 'P-KAPAL', '18-GDS', 'Lembar', 20, 20, 20, '0000-00-00', 20, 20, 80000, 100000),
('18PK038620LN', '38 X 6 X 20', 'P-KAPAL', '18-LN', 'Lembar', 20, 20, 20, '0000-00-00', 20, 20, 80000, 100000),
('18PK039520GDS', '39 X 5 X 20', 'P-KAPAL', '18-GDS', 'Lembar', 20, 20, 20, '0000-00-00', 20, 20, 80000, 100000),
('18PK040520GDS', '40 X 5 X 20', 'P-KAPAL', '18-GDS', 'Lembar', 20, 20, 20, '0000-00-00', 20, 20, 80000, 100000),
('18PK040520LN', '40 X 5 X 20', 'P-KAPAL', '18-LN', 'Lembar', 20, 20, 20, '0000-00-00', 20, 20, 80000, 100000),
('18PK040620GDS', '40 X 6 X 20', 'P-KAPAL', '18-GDS', 'Lembar', 20, 20, 20, '0000-00-00', 20, 20, 80000, 100000),
('18PK040620LN', '40 X 6 X 20', 'P-KAPAL', '18-LN', 'Lembar', 20, 20, 20, '0000-00-00', 20, 20, 80000, 100000),
('18PK041520GDS', '41 X 5 X 20', 'P-KAPAL', '18-GDS', 'Lembar', 20, 20, 20, '0000-00-00', 20, 20, 80000, 100000),
('18PK042520GDS', '42 X 5 X 20', 'P-KAPAL', '18-GDS', 'Lembar', 20, 20, 20, '0000-00-00', 20, 20, 80000, 100000),
('18PK044520GDS', '44 X 5 X 20', 'P-KAPAL', '18-GDS', 'Lembar', 20, 20, 20, '0000-00-00', 20, 20, 80000, 100000),
('18PK044620GDS', '44 X 6 X 20', 'P-KAPAL', '18-GDS', 'Lembar', 20, 20, 20, '0000-00-00', 20, 20, 80000, 100000),
('18PK045520GDS', '45 X 5 X 20', 'P-KAPAL', '18-GDS', 'Lembar', 20, 20, 20, '0000-00-00', 20, 20, 80000, 100000),
('18PK045620GDS', '45 X 6 X 20', 'P-KAPAL', '18-GDS', 'Lembar', 20, 20, 20, '0000-00-00', 20, 20, 80000, 100000),
('18PK050520GDS', '50 X 5 X 20', 'P-KAPAL', '18-GDS', 'Lembar', 20, 20, 20, '0000-00-00', 20, 20, 80000, 100000),
('18PK050520GG', '50 X 5 X 20', 'P-KAPAL', '18-GG', 'Lembar', 20, 20, 20, '0000-00-00', 20, 20, 80000, 100000),
('18PK050620GDS', '50 X 6 X 20', 'P-KAPAL', '18-GDS', 'Lembar', 20, 20, 20, '0000-00-00', 20, 20, 80000, 100000),
('18PK050620LN', '50 X 6 X 20', 'P-KAPAL', '18-LN', 'Lembar', 20, 20, 20, '0000-00-00', 20, 20, 80000, 100000),
('18PK05066000GDS', '50 X 6 X 6000', 'P-KAPAL', '18-GDS', 'Lembar', 20, 20, 20, '0000-00-00', 20, 20, 80000, 100000),
('18PK053520KS', '53 X 5 X 20', 'P-KAPAL', '18-KS', 'Lembar', 20, 20, 20, '0000-00-00', 20, 20, 80000, 100000),
('18PK054620GDS', '54 X 6 X 20', 'P-KAPAL', '18-GDS', 'Lembar', 20, 20, 20, '0000-00-00', 20, 20, 80000, 100000),
('18PK055520GDS', '55 X 5 X 20', 'P-KAPAL', '18-GDS', 'Lembar', 20, 20, 20, '0000-00-00', 20, 20, 80000, 100000),
('18PK055520KS', '55 X 5 X 20', 'P-KAPAL', '18-KS', 'Lembar', 20, 20, 20, '0000-00-00', 20, 20, 80000, 100000),
('18PK055520LN', '55 X 5 X 20', 'P-KAPAL', '18-LN', 'Lembar', 20, 20, 20, '0000-00-00', 20, 20, 80000, 100000),
('18PK055620GDS', '55 X 6 X 20', 'P-KAPAL', '18-GDS', 'Lembar', 20, 20, 20, '0000-00-00', 20, 20, 80000, 100000),
('18PK05566000LN', '55 X 6 X 6000', 'P-KAPAL', '18-LN', 'Lembar', 20, 20, 20, '0000-00-00', 20, 20, 80000, 100000),
('18PK056520LN', '56 X 5 X 20', 'P-KAPAL', '18-LN', 'Lembar', 20, 20, 20, '0000-00-00', 20, 20, 80000, 100000),
('18PK057620GDS', '57 X 6 X 20', 'P-KAPAL', '18-GDS', 'Lembar', 20, 20, 20, '0000-00-00', 20, 20, 80000, 100000),
('18PK060520GDS', '60 X 5 X 20', 'P-KAPAL', '18-GDS', 'Lembar', 20, 20, 20, '0000-00-00', 20, 20, 80000, 100000),
('18PK063620GDS', '63 X 6 X 20', 'P-KAPAL', '18-GDS', 'Lembar', 20, 20, 20, '0000-00-00', 20, 20, 80000, 100000),
('18PK070520GDS', '70 X 5 X 20', 'P-KAPAL', '18-GDS', 'Lembar', 20, 20, 20, '0000-00-00', 20, 20, 80000, 100000),
('18PK071620', '71 X 6 X 20', 'P-KAPAL', '18', 'Lembar', 20, 20, 20, '0000-00-00', 20, 20, 80000, 100000),
('18PK080520GDS', '80 X 5 X 20', 'P-KAPAL', '18-GDS', 'Lembar', 20, 20, 20, '0000-00-00', 20, 20, 80000, 100000),
('18PNS00212201170KS', '2 X 1220 X 1170', 'PLAAT NS', '18-KS', 'Lembar', 20, 20, 20, '0000-00-00', 20, 20, 80000, 100000),
('18PNS00212202730KS', '2 X 1220 X 2730', 'PLAAT NS', '18-KS', 'Lembar', 20, 20, 20, '0000-00-00', 20, 20, 80000, 100000),
('18PNS0021220300KS', '2 X 1220 X 300', 'PLAAT NS', '18-KS', 'Lembar', 20, 20, 20, '0000-00-00', 20, 20, 80000, 100000),
('18PNS002812001800', '2,8 X 1200 X 1800', 'PLAAT NS', '18-KS', 'Lembar', 20, 20, 20, '0000-00-00', 20, 20, 80000, 100000),
('18PNS002812002030', '2,8 X 1200 X 2030', 'PLAAT NS', '18-KS', 'Lembar', 20, 20, 20, '0000-00-00', 20, 20, 80000, 100000),
('18PNS002942045MM', '2,9 X 4 X 2045', 'PLAAT NS', '18', 'Lembar', 20, 20, 20, '0000-00-00', 20, 20, 80000, 100000),
('18PNS002944', '2,9 X 4 X 4', 'PLAAT NS', '18', 'Lembar', 20, 20, 20, '0000-00-00', 20, 20, 80000, 100000),
('18PNS0029445MM', '2,9 X 4 X 45', 'PLAAT NS', '18', 'Lembar', 20, 20, 20, '0000-00-00', 20, 20, 80000, 100000),
('18PNS002945', '2,9 X 4 X 5', 'PLAAT NS', '18', 'Lembar', 20, 20, 20, '0000-00-00', 20, 20, 80000, 100000),
('18PNS002946', '2,9 X 4 X 6', 'PLAAT NS', '18', 'Lembar', 20, 20, 20, '0000-00-00', 20, 20, 80000, 100000),
('18PNS00452610', '4 X 5 X 2610', 'PLAAT NS', '18-LNBMKU', 'Lembar', 20, 20, 20, '0000-00-00', 20, 20, 80000, 100000),
('18PNS00452960', '4 X 5 X 2960', 'PLAAT NS', '18-LNBMKU', 'Lembar', 20, 20, 20, '0000-00-00', 20, 20, 80000, 100000),
('18PNS004548KS', '4,5 X 4 X 8', 'PLAAT NS', '18-KS', 'Lembar', 20, 20, 20, '0000-00-00', 20, 20, 80000, 100000),
('18PNS005615301000', '5,6 X 1530 X 1000', 'PLAAT NS', '18', 'Lembar', 20, 20, 20, '0000-00-00', 20, 20, 80000, 100000),
('18PNS00711502400LN', '7 X 1150 X 2400', 'PLAAT NS', '18-LN', 'Lembar', 20, 20, 20, '0000-00-00', 20, 20, 80000, 100000),
('18PNS00711502448LN', '7 X 1150 X 2448', 'PLAAT NS', '18-LN', 'Lembar', 20, 20, 20, '0000-00-00', 20, 20, 80000, 100000),
('18PNS007715202190GG', '7,7 X 1520 X 2190', 'PLAAT NS', '18-GG', 'Lembar', 20, 20, 20, '0000-00-00', 20, 20, 80000, 100000),
('18PNS00771520415GG', '7,7 X 1520 X 415', 'PLAAT NS', '18-GG', 'Lembar', 20, 20, 20, '0000-00-00', 20, 20, 80000, 100000),
('18PNS007715204180GG', '7,7 X 1520 X 4180', 'PLAAT NS', '18-GG', 'Lembar', 20, 20, 20, '0000-00-00', 20, 20, 80000, 100000),
('18PNS007715305000GG', '7,7 X 1530 X 5000', 'PLAAT NS', '18-GG', 'Lembar', 20, 20, 20, '0000-00-00', 20, 20, 80000, 100000),
('18PNS00851520', '8,5x1520x330', 'PLAAT NS', '18-GG', 'Lembar', 20, 20, 20, '0000-00-00', 20, 20, 80000, 100000),
('18PNS009712191500GG', '9,7x1219x1500/1575', 'PLAAT NS', '18-GG', 'Lembar', 20, 20, 20, '0000-00-00', 20, 20, 80000, 100000),
('18PNS009712192175GG', '9,7x1219x2175/2870', 'PLAAT NS', '18-GG', 'Lembar', 20, 20, 20, '0000-00-00', 20, 20, 80000, 100000),
('18PNS009712193315GG', '9,7x1219x3315/3245', 'PLAAT NS', '18-GG', 'Lembar', 20, 20, 20, '0000-00-00', 20, 20, 80000, 100000),
('18PNS009715202175', '9,7x1520x2300/140', 'PLAAT NS', '18', 'Lembar', 20, 20, 20, '0000-00-00', 20, 20, 80000, 100000),
('18PNS01171520', '11,7 X 1520 X 680-2010', 'PLAAT NS', '18', 'Lembar', 20, 20, 20, '0000-00-00', 20, 20, 80000, 100000),
('18PNS01448GG', '14 X 4 X 8', 'PLAAT NS', '18-GG', 'Lembar', 20, 20, 20, '0000-00-00', 20, 20, 80000, 100000),
('18PNS01510002000GG', '15 X 1000 X 2000', 'PLAAT NS', '18-GG', 'Lembar', 20, 20, 20, '0000-00-00', 20, 20, 80000, 100000),
('18PNS01514202440GG', '15 X 1420 X 2440', 'PLAAT NS', '18-GG', 'Lembar', 20, 20, 20, '0000-00-00', 20, 20, 80000, 100000),
('18PNS02012502500GG', '20 X 1250 X 2500', 'PLAAT NS', '18-GG', 'Lembar', 20, 20, 20, '0000-00-00', 20, 20, 80000, 100000),
('18PNS02212201850GG', '3 X 1250 X 2438', 'PLAAT NS', '18-BMKU', 'Lembar', 20, 20, 20, '0000-00-00', 20, 20, 80000, 100000),
('18PNS02811752440GG', '5 X 1530 X 1900', 'PLAAT NS', '18-GG', 'Lembar', 20, 20, 20, '0000-00-00', 20, 20, 80000, 100000),
('18PNS0326002438KS', '32 X 600 X 2438', 'PLAAT NS', '18-KS', 'Lembar', 20, 20, 20, '0000-00-00', 20, 20, 80000, 100000),
('18PNS0361103000GG', '5 X 1530 X 3505', 'PLAAT NS', '18-GG', 'Lembar', 20, 20, 20, '0000-00-00', 20, 20, 80000, 100000),
('18PNS03815303000GG', '5 X 1530 X 4965', 'PLAAT NS', '18-GG', 'Lembar', 20, 20, 20, '0000-00-00', 20, 20, 80000, 100000),
('18PNS04512203000GG', '5,7 X 1550 X 3000', 'PLAAT NS', '18-GG', 'Lembar', 20, 20, 20, '0000-00-00', 20, 20, 80000, 100000),
('18PNS04512802550GG', '5,9 X 1530 X 3925', 'PLAAT NS', '18-GG', 'Lembar', 20, 20, 20, '0000-00-00', 20, 20, 80000, 100000),
('18PNS05715303000GG', '6 X 1530 X 2350', 'PLAAT NS', '18-GG', 'Lembar', 20, 20, 20, '0000-00-00', 20, 20, 80000, 100000),
('18PNS08015303000GG', '6 X 1530 X 2500', 'PLAAT NS', '18-GG', 'Lembar', 20, 20, 20, '0000-00-00', 20, 20, 80000, 100000),
('18PNS1520415GG', '7,7 X 1520 X 415', 'PLAAT NS', '18-GG', 'Lembar', 20, 20, 20, '0000-00-00', 20, 20, 80000, 100000),
('18PNSSIPOHITAM', '', 'PLAAT NS', '18-P.HITAM/KAPAL', 'Lembar', 20, 20, 20, '0000-00-00', 20, 20, 80000, 100000),
('18PPG00112186', '1 1/2" X 1,8 X 6', 'PIPA GAS /HITAM', '18', 'Batang', 20, 20, 20, '0000-00-00', 20, 20, 80000, 100000),
('18PPG00114186', '1 1/4" X 1,8 X 6', 'PIPA GAS', '18', 'Batang', 20, 20, 20, '0000-00-00', 20, 20, 80000, 100000),
('18PPG002286', '2" X 2,8 X 6', 'PIPA GAS', '18', 'Batang', 20, 20, 20, '0000-00-00', 20, 20, 80000, 100000),
('18PPG00236', '2" X 3 X 6', 'PIPA GALVANIZED', '18', 'Batang', 20, 20, 20, '0000-00-00', 20, 20, 80000, 100000),
('18PPG003236', '3" X 2,3 X 6', 'PIPA GAS', '18', 'Batang', 20, 20, 20, '0000-00-00', 20, 20, 80000, 100000),
('18PPH00236', '2" X 3 X 6', 'PIPA HITAM', '18', 'Batang', 20, 20, 20, '0000-00-00', 20, 20, 80000, 100000),
('18PPH00346', '3" X 4 X 6', 'PIPA HITAM', '18-Bakrie-W', 'Batang', 20, 20, 20, '0000-00-00', 20, 20, 80000, 100000),
('18PPH00446W', '4" X 4 X 6', 'PIPA HITAM', '18-Bakrie-W', 'Batang', 20, 20, 20, '0000-00-00', 20, 20, 80000, 100000),
('18PPH00466S', '4" X 6 X 6', 'PIPA HITAM', '18-Seam Less', 'Batang', 20, 20, 20, '0000-00-00', 20, 20, 80000, 100000),
('18PPH006446', '6" X 4''4 X 6', 'PIPA HITAM', '18-Bakrie', 'Batang', 20, 20, 20, '0000-00-00', 20, 20, 80000, 100000),
('18PPH00676S', '6" X 7 X 6', 'PIPA HITAM', '18-Seam Less', 'Batang', 20, 20, 20, '0000-00-00', 20, 20, 80000, 100000),
('18PS0058735000', '5,8 X 73 X 5000', 'P-STRIP', '18', 'Batang', 20, 20, 20, '0000-00-00', 20, 20, 80000, 100000),
('18PS0058735500', '5,8 X 73 X 5500', 'P-STRIP', '18', 'Batang', 20, 20, 20, '0000-00-00', 20, 20, 80000, 100000),
('18PS0058735800', '5,8 X 73 X 5800', 'P-STRIP', '18', 'Batang', 20, 20, 20, '0000-00-00', 20, 20, 80000, 100000),
('18PS0058975000', '5,8 X 97 X 5000', 'P-STRIP', '18', 'Batang', 20, 20, 20, '0000-00-00', 20, 20, 80000, 100000),
('18PS0058975500', '5,8 X 97 X 5500', 'P-STRIP', '18', 'Batang', 20, 20, 20, '0000-00-00', 20, 20, 80000, 100000),
('18PS0058975800', '5,8 X 97 X 5800', 'P-STRIP', '18', 'Batang', 20, 20, 20, '0000-00-00', 20, 20, 80000, 100000),
('18PS006755000', '6 X 75 X 5000', 'P-STRIP', '18', 'Batang', 20, 20, 20, '0000-00-00', 20, 20, 80000, 100000),
('18PS006755500', '6 X 75 X 5500', 'P-STRIP', '18', 'Batang', 20, 20, 20, '0000-00-00', 20, 20, 80000, 100000),
('18PS006755800', '6 X 75 X 5800', 'P-STRIP', '18', 'Batang', 20, 20, 20, '0000-00-00', 20, 20, 80000, 100000),
('18PS006756', '6 X 75 X 6', 'P-STRIP', '18', 'Batang', 20, 20, 20, '0000-00-00', 20, 20, 80000, 100000),
('18PS0081005500', '8 X 100 X 5500', 'P-STRIP', '18', 'Batang', 20, 20, 20, '0000-00-00', 20, 20, 80000, 100000),
('18PS008975000', '8 X 97 X 5000', 'P-STRIP', '18', 'Batang', 20, 20, 20, '0000-00-00', 20, 20, 80000, 100000),
('18PS008975500', '8 X 97 X 5500', 'P-STRIP', '18', 'Batang', 20, 20, 20, '0000-00-00', 20, 20, 80000, 100000),
('18PS008976000', '8 X 97 X 6000', 'P-STRIP', '18', 'Batang', 20, 20, 20, '0000-00-00', 20, 20, 80000, 100000),
('18PS0091006', '9 X 100 X 6', 'P-STRIP', '18', 'Batang', 20, 20, 20, '0000-00-00', 20, 20, 80000, 100000),
('18PS009655000', '9 X 65 X 5000', 'P-STRIP', '18', 'Batang', 20, 20, 20, '0000-00-00', 20, 20, 80000, 100000),
('18PS009655558', '9 X 65 X 5/ 5,5/ 5,8', 'P-STRIP', '18', 'Batang', 20, 20, 20, '0000-00-00', 20, 20, 80000, 100000),
('18PS009656', '9 X 65 X 6', 'P-STRIP', '18', 'Batang', 20, 20, 20, '0000-00-00', 20, 20, 80000, 100000),
('18PS009735800', '9 X 73 X 5800', 'P-STRIP', '18', 'Batang', 20, 20, 20, '0000-00-00', 20, 20, 80000, 100000),
('18PS00975555', '9 X 75 X 5 / 5,5', 'P-STRIP', '18', 'Batang', 20, 20, 20, '0000-00-00', 20, 20, 80000, 100000),
('18PS009756', '9 X 75 X 6', 'P-STRIP', '18', 'Batang', 20, 20, 20, '0000-00-00', 20, 20, 80000, 100000),
('18PS011635000', '11 X 63 X 5000', 'P-STRIP', '18', 'Batang', 20, 20, 20, '0000-00-00', 20, 20, 80000, 100000),
('18PS011635500', '11 X 63 X 5500', 'P-STRIP', '18', 'Batang', 20, 20, 20, '0000-00-00', 20, 20, 80000, 100000),
('18PS011735500', '11 X 73 X 5500', 'P-STRIP', '18', 'Batang', 20, 20, 20, '0000-00-00', 20, 20, 80000, 100000),
('18PS011735800', '11 X 73 X 5800', 'P-STRIP', '18', 'Batang', 20, 20, 20, '0000-00-00', 20, 20, 80000, 100000),
('18PS012655500', '12 X 65 X 5500', 'P-STRIP', '18', 'Batang', 20, 20, 20, '0000-00-00', 20, 20, 80000, 100000),
('18PS0127550005500', '12 X 75 X 5000/5500', 'P-STRIP', '18', 'Batang', 20, 20, 20, '0000-00-00', 20, 20, 80000, 100000),
('18PS012756', '12 X 75 X 6', 'P-STRIP', '18', 'Batang', 20, 20, 20, '0000-00-00', 20, 20, 80000, 100000),
('18PS019386', '19 X 38 X 6', 'P-STRIP', '18', 'Batang', 20, 20, 20, '0000-00-00', 20, 20, 80000, 100000),
('18PS0196550005500', '19 X 65 X 5000/5500', 'P-STRIP', '18', 'Batang', 20, 20, 20, '0000-00-00', 20, 20, 80000, 100000),
('18PS038165000', '38 X 16 X 5000', 'P-STRIP', '18', 'Batang', 20, 20, 20, '0000-00-00', 20, 20, 80000, 100000),
('18PS038165500', '38 X 16 X 5500', 'P-STRIP', '18', 'Batang', 20, 20, 20, '0000-00-00', 20, 20, 80000, 100000),
('18PS038195000', '38 X 19 X 5000', 'P-STRIP', '18', 'Batang', 20, 20, 20, '0000-00-00', 20, 20, 80000, 100000),
('18PS038195500', '38 X 19 X 5500', 'P-STRIP', '18', 'Batang', 20, 20, 20, '0000-00-00', 20, 20, 80000, 100000),
('18PS0501640005800', '50 X 16 X 4000/5800/6000', 'P-STRIP', '18', 'Batang', 20, 20, 20, '0000-00-00', 20, 20, 80000, 100000),
('18PS050165000', '50 X 16 X 5000', 'P-STRIP', '18', 'Batang', 20, 20, 20, '0000-00-00', 20, 20, 80000, 100000),
('18PS050165500', '50 X 16 X 5500', 'P-STRIP', '18', 'Batang', 20, 20, 20, '0000-00-00', 20, 20, 80000, 100000),
('18PS0501940005800', '50 X 19 X 4000/5800', 'P-STRIP', '18', 'Batang', 20, 20, 20, '0000-00-00', 20, 20, 80000, 100000),
('18PS0502540005800', '50 X 25 X 4000/5800', 'P-STRIP', '18', 'Batang', 20, 20, 20, '0000-00-00', 20, 20, 80000, 100000),
('18PS0601240005800', '60 X 12 X 4000/5800', 'P-STRIP', '18', 'Batang', 20, 20, 20, '0000-00-00', 20, 20, 80000, 100000),
('18PS065165000', '65 X 16 X 5000', 'P-STRIP', '18', 'Batang', 20, 20, 20, '0000-00-00', 20, 20, 80000, 100000),
('18PS065165500', '65 X 16 X 5500', 'P-STRIP', '18', 'Batang', 20, 20, 20, '0000-00-00', 20, 20, 80000, 100000),
('18PS065165800', '65 X 16 X 5800', 'P-STRIP', '18', 'Batang', 20, 20, 20, '0000-00-00', 20, 20, 80000, 100000),
('18PS0751640005800', '75 X 16 X 4000/5800', 'P-STRIP', '18', 'Batang', 20, 20, 20, '0000-00-00', 20, 20, 80000, 100000),
('18PS0751940005800', '75 X 19 X 4000/5800', 'P-STRIP', '18', 'Batang', 20, 20, 20, '0000-00-00', 20, 20, 80000, 100000),
('18PS1001240005800', '100 X 12 X 4000/5800', 'P-STRIP', '18', 'Batang', 20, 20, 20, '0000-00-00', 20, 20, 80000, 100000),
('18PS100125000', '100 X 12 X 5000', 'P-STRIP', '18', 'Batang', 20, 20, 20, '0000-00-00', 20, 20, 80000, 100000),
('18PS100125500', '100 X 12 X 5500', 'P-STRIP', '18', 'Batang', 20, 20, 20, '0000-00-00', 20, 20, 80000, 100000),
('18PS1001640005800', '100 X 16 X 4000/5800', 'P-STRIP', '18', 'Batang', 20, 20, 20, '0000-00-00', 20, 20, 80000, 100000),
('18PS100165000', '100 X 16 X 5000', 'P-STRIP', '18', 'Batang', 20, 20, 20, '0000-00-00', 20, 20, 80000, 100000),
('18PS100165500', '100 X 16 X 5500', 'P-STRIP', '18', 'Batang', 20, 20, 20, '0000-00-00', 20, 20, 80000, 100000),
('18PS1001940005800', '100 X 19 X 4000/5800', 'P-STRIP', '18', 'Batang', 20, 20, 20, '0000-00-00', 20, 20, 80000, 100000),
('18PS10065000', '100 X 6 X 5000', 'P-STRIP', '18', 'Batang', 20, 20, 20, '0000-00-00', 20, 20, 80000, 100000),
('18PS10065500', '100 X 6 X 5500 / 5800', 'P-STRIP', '18', 'Batang', 20, 20, 20, '0000-00-00', 20, 20, 80000, 100000),
('18PS10095000', '100 X 9 X 5 / 5,5 / 5,8', 'P-STRIP', '18', 'Batang', 20, 20, 20, '0000-00-00', 20, 20, 80000, 100000),
('18PS125125000', '125 X 12 X 5000', 'P-STRIP', '18', 'Batang', 20, 20, 20, '0000-00-00', 20, 20, 80000, 100000),
('18PS125125500', '125 X 12 X 5500', 'P-STRIP', '18', 'Batang', 20, 20, 20, '0000-00-00', 20, 20, 80000, 100000),
('18PS125125800', '125 X 12 X 5800', 'P-STRIP', '18', 'Batang', 20, 20, 20, '0000-00-00', 20, 20, 80000, 100000),
('18PS125940005800', '125 X 9 X 4000/5800', 'P-STRIP', '18', 'Batang', 20, 20, 20, '0000-00-00', 20, 20, 80000, 100000),
('18PS12595000', '125 X 9 X 5000', 'P-STRIP', '18', 'Batang', 20, 20, 20, '0000-00-00', 20, 20, 80000, 100000),
('18PS12596000', '125 X 9 X 6000', 'P-STRIP', '18', 'Batang', 20, 20, 20, '0000-00-00', 20, 20, 80000, 100000),
('18PSTB02020186', '20x20x1,8x6', 'P-STALBUIS', '18', 'Batang', 20, 20, 20, '0000-00-00', 20, 20, 80000, 100000),
('18PSTB02040186', '20x40x1,8x6', 'P-STALBUIS', '18', 'Batang', 20, 20, 20, '0000-00-00', 20, 20, 80000, 100000),
('18PSTB02525186', '25x25x1,8x6', 'P-STALBUIS', '18', 'Batang', 20, 20, 20, '0000-00-00', 20, 20, 80000, 100000),
('18PSTB03030166', '30x30x1,6x6', 'P-STALBUIS', '18', 'Batang', 20, 20, 20, '0000-00-00', 20, 20, 80000, 100000),
('18PSTB03030186', '30x30x1,8x6', 'P-STALBUIS', '18', 'Batang', 20, 20, 20, '0000-00-00', 20, 20, 80000, 100000),
('18PSTB04040236', '40x40x2,3x6', 'P-STALBUIS', '18', 'Batang', 20, 20, 20, '0000-00-00', 20, 20, 80000, 100000),
('18PSTB04040256', '40x40x2,5x6', 'P-STALBUIS', '18-Bakrie', 'Batang', 20, 20, 20, '0000-00-00', 20, 20, 80000, 100000),
('18PSTB04040286', '40x40x2,8x6', 'P-STALBUIS', '18', 'Batang', 20, 20, 20, '0000-00-00', 20, 20, 80000, 100000),
('18PSTB0404036', '40x40x3x6', 'P-STALBUIS', '18', 'Batang', 20, 20, 20, '0000-00-00', 20, 20, 80000, 100000),
('18PSTB05025186', '50x25x1,8x6', 'P-STALBUIS', '18', 'Batang', 20, 20, 20, '0000-00-00', 20, 20, 80000, 100000),
('18PSTB05050186', '50x50x1,8x6', 'P-STALBUIS', '18', 'Batang', 20, 20, 20, '0000-00-00', 20, 20, 80000, 100000),
('18PSTB05050256', '50x50x2,5x6', 'P-STALBUIS', '18-Bakrie/SBY', 'Batang', 20, 20, 20, '0000-00-00', 20, 20, 80000, 100000),
('18PSTB0505036', '50x50x3x6', 'P-STALBUIS', '18-Bakrie', 'Batang', 20, 20, 20, '0000-00-00', 20, 20, 80000, 100000),
('18PSTB06030166', '60x30x1,6x6', 'P-STALBUIS', '18', 'Batang', 20, 20, 20, '0000-00-00', 20, 20, 80000, 100000),
('18PSTB06060186', '60x60x1,8x6', 'P-STALBUIS', '18', 'Batang', 20, 20, 20, '0000-00-00', 20, 20, 80000, 100000),
('18PSTB100100356', '100x100x3,5x6', 'P-STALBUIS', '18-Bakrie', 'Batang', 20, 20, 20, '0000-00-00', 20, 20, 80000, 100000),
('18PSTB10010036', '100x100x3x6', 'P-STALBUIS', '18-Bakrie', 'Batang', 20, 20, 20, '0000-00-00', 20, 20, 80000, 100000),
('18PSTB10050234500', '100x50x2,3x4500', 'P-STALBUIS', '18-LN', 'Batang', 20, 20, 20, '0000-00-00', 20, 20, 80000, 100000),
('18PSTB10050235100', '100x50x2,3x5100', 'P-STALBUIS', '18-LN', 'Batang', 20, 20, 20, '0000-00-00', 20, 20, 80000, 100000),
('18PSTB10050256', '100x50x2,5x6', 'P-STALBUIS', '18', 'Batang', 20, 20, 20, '0000-00-00', 20, 20, 80000, 100000),
('18PSTB10050324500', '100x50x3,2x4500', 'P-STALBUIS', '18-LN', 'Batang', 20, 20, 20, '0000-00-00', 20, 20, 80000, 100000),
('18PSTB10050325100', '100x50x3,2x5100', 'P-STALBUIS', '18-LN', 'Batang', 20, 20, 20, '0000-00-00', 20, 20, 80000, 100000),
('18PSTB1005036', '100x50x3x6', 'P-STALBUIS', '18-Bakrie/Bumi Kaya', 'Batang', 20, 20, 20, '0000-00-00', 20, 20, 80000, 100000),
('18PSTB1005044500', '100x50x4x4500', 'P-STALBUIS', '18-LN', 'Batang', 20, 20, 20, '0000-00-00', 20, 20, 80000, 100000),
('18PSTB1005045100', '100x50x4x5100', 'P-STALBUIS', '18-LN', 'Batang', 20, 20, 20, '0000-00-00', 20, 20, 80000, 100000),
('18SG032325500', '32 X 32 X 5500', 'SEGI', '18', 'Batang', 20, 20, 20, '0000-00-00', 20, 20, 80000, 100000),
('18SG0383840005400T', '38 X 38 X 4000/5400', 'SEGI', '18-TEXMACO', 'Batang', 20, 20, 20, '0000-00-00', 20, 20, 80000, 100000),
('18SG038385000', '38 X 38 X 5000', 'SEGI', '18', 'Batang', 20, 20, 20, '0000-00-00', 20, 20, 80000, 100000),
('18SG038385500', '38 X 38 X 5500', 'SEGI', '18', 'Batang', 20, 20, 20, '0000-00-00', 20, 20, 80000, 100000),
('18SG038386000', '38 X 38 X 6000', 'SEGI', '18', 'Batang', 20, 20, 20, '0000-00-00', 20, 20, 80000, 100000),
('18SG0454540005800', '45 X 45 X 4000/5800', 'SEGI', '18', 'Batang', 20, 20, 20, '0000-00-00', 20, 20, 80000, 100000),
('18SG045455000', '45 X 45 X 5000', 'SEGI', '18', 'Batang', 20, 20, 20, '0000-00-00', 20, 20, 80000, 100000),
('18SG045455500', '45 X 45 X 5500', 'SEGI', '18', 'Batang', 20, 20, 20, '0000-00-00', 20, 20, 80000, 100000),
('18SG0505040005800', '50 X 50 X 4000/5800', 'SEGI', '18', 'Batang', 20, 20, 20, '0000-00-00', 20, 20, 80000, 100000),
('18SG050504500', '50 X 50 X 4500', 'SEGI', '18', 'Batang', 20, 20, 20, '0000-00-00', 20, 20, 80000, 100000),
('18SG050505000', '50 X 50 X 5000', 'SEGI', '18', 'Batang', 20, 20, 20, '0000-00-00', 20, 20, 80000, 100000),
('18SG050505500', '50 X 50 X 5500', 'SEGI', '18', 'Batang', 20, 20, 20, '0000-00-00', 20, 20, 80000, 100000),
('18SG050506000', '50 X 50 X 6000', 'SEGI', '18', 'Batang', 20, 20, 20, '0000-00-00', 20, 20, 80000, 100000),
('18SG065655000', '65 X 65 X 5000', 'SEGI', '18', 'Batang', 20, 20, 20, '0000-00-00', 20, 20, 80000, 100000),
('18SG065655500', '65 X 65 X 5500', 'SEGI', '18', 'Batang', 20, 20, 20, '0000-00-00', 20, 20, 80000, 100000),
('18SG0656556205870', '65 X 65 X 5620/5870', 'SEGI', '18', 'Batang', 20, 20, 20, '0000-00-00', 20, 20, 80000, 100000),
('18SG065656000', '65 X 65 X 6000', 'SEGI', '18', 'Batang', 20, 20, 20, '0000-00-00', 20, 20, 80000, 100000),
('18SK0303036BBBXW', '30 X 30 X 3 X 6', 'SIKU', '18-BBB XW', 'Batang', 20, 20, 20, '0000-00-00', 20, 20, 80000, 100000),
('18SK0404046ITWT', '40 X 40 X 4 X 6', 'SIKU', '18-ITW', 'Batang', 20, 20, 20, '0000-00-00', 20, 20, 80000, 100000),
('18SK0404046KS', '40 X 40 X 4 X 6', 'SIKU', '18-INDP KS', 'Batang', 20, 20, 20, '0000-00-00', 20, 20, 80000, 100000),
('18SK0454556BBBKS', '45 X 45 X 5 X 6', 'SIKU', '18-BBB KS', 'Batang', 20, 20, 20, '0000-00-00', 20, 20, 80000, 100000),
('18SK05050512KS', '50 X 50 X 5 X 12', 'SIKU', '18-BBB KS', 'Batang', 20, 20, 20, '0000-00-00', 20, 20, 80000, 100000),
('18SK0505056BBBKS', '50 X 50 X 5 X 6', 'SIKU', '18-KS', 'Batang', 20, 20, 20, '0000-00-00', 20, 20, 80000, 100000),
('18SK0505056LN', '50 X 50 X 5 X 6', 'SIKU', '18-LN', 'Batang', 20, 20, 20, '0000-00-00', 20, 20, 80000, 100000),
('18SK0505066LN', '50 X 50 X 6 X 6', 'SIKU', '18-LN', 'Batang', 20, 20, 20, '0000-00-00', 20, 20, 80000, 100000),
('18SK0606066KS', '60 X 60 X 6 X 6', 'SIKU', '18-KS', 'Batang', 20, 20, 20, '0000-00-00', 20, 20, 80000, 100000),
('18SK0606066LN', '60 X 60 X 6 X 6', 'SIKU', '18-LN', 'Batang', 20, 20, 20, '0000-00-00', 20, 20, 80000, 100000),
('18SK0656566BBBKS', '65 X 65 X 6 X 6', 'SIKU', '18-BBB KS', 'Batang', 20, 20, 20, '0000-00-00', 20, 20, 80000, 100000),
('18SK0656566ITWXW', '65 X 65 X 6 X 6', 'SIKU', '18-ITW XW', 'Batang', 20, 20, 20, '0000-00-00', 20, 20, 80000, 100000),
('18SK0707076BBBKS', '70 X 70 X 7 X 6', 'SIKU', '18-BBB KS', 'Batang', 20, 20, 20, '0000-00-00', 20, 20, 80000, 100000),
('18SK0707076LN', '70 X 70 X 7 X 6', 'SIKU', '18-LN', 'Batang', 20, 20, 20, '0000-00-00', 20, 20, 80000, 100000),
('18SK0757566BBBKS', '75 X 75 X 6 X 6', 'SIKU', '18-BBB KS', 'Batang', 20, 20, 20, '0000-00-00', 20, 20, 80000, 100000),
('18SK0757566XW', '75 X 75 X 6 X 6', 'SIKU', '18-XW', 'Batang', 20, 20, 20, '0000-00-00', 20, 20, 80000, 100000),
('18SK075756LN', '75 X 75 X 6 X 6', 'SIKU', '18-LN', 'Batang', 20, 20, 20, '0000-00-00', 20, 20, 80000, 100000),
('18SK0757576BBBKS', '75 X 75 X 7 X 6', 'SIKU', '18-BBB KS', 'Batang', 20, 20, 20, '0000-00-00', 20, 20, 80000, 100000),
('18SK0757576LN', '75 X 75 X 7 X 6', 'SIKU', '18-LN', 'Batang', 20, 20, 20, '0000-00-00', 20, 20, 80000, 100000),
('18SK0757586', '75 X 75 X 8 X 6', 'SIKU', '18-BBB KS', 'Batang', 20, 20, 20, '0000-00-00', 20, 20, 80000, 100000),
('18SK0757586LN', '75 X 75 X 8 X 6', 'SIKU', '18-LN', 'Batang', 20, 20, 20, '0000-00-00', 20, 20, 80000, 100000),
('18SK08080656LN', '80 X 80 X 6,5 X 6', 'SIKU', '18-LN', 'Batang', 20, 20, 20, '0000-00-00', 20, 20, 80000, 100000),
('18SK0808086BBBKS', '80 X 80 X 8 X 6', 'SIKU', '18-BBB KS', 'Batang', 20, 20, 20, '0000-00-00', 20, 20, 80000, 100000),
('18SK0808086LN', '80 X 80 X 8 X 6', 'SIKU', '18-LN', 'Batang', 20, 20, 20, '0000-00-00', 20, 20, 80000, 100000),
('18SK0909086LN', '90 X 90 X 8 X 6', 'SIKU', '18-LN', 'Batang', 20, 20, 20, '0000-00-00', 20, 20, 80000, 100000),
('18SK0909096BBBKS', '90 X 90 X 9 X 6', 'SIKU', '18-BBB KS', 'Batang', 20, 20, 20, '0000-00-00', 20, 20, 80000, 100000),
('18SK100100106KS', '100 X 100 X 10 X 6', 'SIKU', '18-KS', 'Batang', 20, 20, 20, '0000-00-00', 20, 20, 80000, 100000),
('18SK100100106LN', '100 X 100 X 10 X 6', 'SIKU', '18-LN', 'Batang', 20, 20, 20, '0000-00-00', 20, 20, 80000, 100000),
('18SK10010076LN', '100 X 100 X 7 X 6', 'SIKU', '18-LN', 'Batang', 20, 20, 20, '0000-00-00', 20, 20, 80000, 100000),
('18SK10010086LN', '100 X 100 X 8 X 6', 'SIKU', '18-LN', 'Batang', 20, 20, 20, '0000-00-00', 20, 20, 80000, 100000),
('18SK10010096LN', '100 X 100 X 9 X 6', 'SIKU', '18-LN', 'Batang', 20, 20, 20, '0000-00-00', 20, 20, 80000, 100000),
('18SK10075106LNCA', '100 X 75 X 10 X 6', 'SIKU L', '18-LN CA', 'Batang', 20, 20, 20, '0000-00-00', 20, 20, 80000, 100000),
('18SK1007576LNCA', '100 X 75 X 7 X 6', 'SIKU L', '18-LN CA', 'Batang', 20, 20, 20, '0000-00-00', 20, 20, 80000, 100000),
('18SK1201201112', '120 X 120 X 11 X 12', 'SIKU', '18-SS400', 'Batang', 20, 20, 20, '0000-00-00', 20, 20, 80000, 100000),
('18SK120120116', '120 X 120 X 11 X 6', 'SIKU', '18-SS400', 'Batang', 20, 20, 20, '0000-00-00', 20, 20, 80000, 100000),
('18SK1201201212KS', '120 X 120 X 12 X 12', 'SIKU', '18-KS SMR', 'Batang', 20, 20, 20, '0000-00-00', 20, 20, 80000, 100000),
('18SK130130102LN', '130 X 130 X 10 X 2', 'SIKU', '18-LN', 'Batang', 20, 20, 20, '0000-00-00', 20, 20, 80000, 100000),
('18SK130130116KS', '130 X 130 X 11 X 6', 'SIKU', '18-KS', 'Batang', 20, 20, 20, '0000-00-00', 20, 20, 80000, 100000),
('18SK1501501212', '150 X 150 X 12 X 12', 'SIKU', '18-KS', 'Batang', 20, 20, 20, '0000-00-00', 20, 20, 80000, 100000),
('18SK1501501212KSG', '150 X 150 X 12 X 12', 'SIKU', '18-KS-SG', 'Batang', 20, 20, 20, '0000-00-00', 20, 20, 80000, 100000),
('18SK150150126KS', '150 X 150 X 12 X 6', 'SIKU', '18-KS-SG', 'Batang', 20, 20, 20, '0000-00-00', 20, 20, 80000, 100000),
('18SK150150129KS', '150 X 150 X 12 X 9', 'SIKU', '18-KS-SG', 'Batang', 20, 20, 20, '0000-00-00', 20, 20, 80000, 100000),
('18SK1501501512', '150 X 150 X 15 X 12', 'SIKU', '18-KS-SG', 'Batang', 20, 20, 20, '0000-00-00', 20, 20, 80000, 100000),
('18SK1501501512KS', '150 X 150 X 15 X 12', 'SIKU', '18-KS-SS400', 'Batang', 20, 20, 20, '0000-00-00', 20, 20, 80000, 100000),
('18SK150150156', '150 X 150 X 15 X 6', 'SIKU', '18-KS-SG', 'Batang', 20, 20, 20, '0000-00-00', 20, 20, 80000, 100000),
('18SK15090103LN', '150 X 90 X 10 X 3', 'SIKU L', '18-LN', 'Batang', 20, 20, 20, '0000-00-00', 20, 20, 80000, 100000),
('18SK15090104LN', '150 X 90 X 10 X 4', 'SIKU L', '18-LN', 'Batang', 20, 20, 20, '0000-00-00', 20, 20, 80000, 100000),
('18SK15090105LN', '150 X 90 X 10 X 5', 'SIKU L', '18-LN', 'Batang', 20, 20, 20, '0000-00-00', 20, 20, 80000, 100000),
('18SK1509096LNCA', '150 X 90 X 9 X 6', 'SIKU L', '18-LN CA', 'Batang', 20, 20, 20, '0000-00-00', 20, 20, 80000, 100000),
('18SK2002001255LN', '200 X 200 X 12 X 5,5', 'SIKU', '18-LN', 'Batang', 20, 20, 20, '0000-00-00', 20, 20, 80000, 100000),
('18SK2002001257LN', '200 X 200 X 12 X 5,7', 'SIKU', '18-LN', 'Batang', 20, 20, 20, '0000-00-00', 20, 20, 80000, 100000),
('18SK2002001258LN', '200 X 200 X 12 X 5,8', 'SIKU', '18-LN', 'Batang', 20, 20, 20, '0000-00-00', 20, 20, 80000, 100000),
('18SK200200126LN', '200 X 200 X 12 X 6', 'SIKU', '18-LN', 'Batang', 20, 20, 20, '0000-00-00', 20, 20, 80000, 100000),
('18SK2002002012KS', '200 X 200 X 20 X 12', 'SIKU', '18-KS', 'Batang', 20, 20, 20, '0000-00-00', 20, 20, 80000, 100000),
('18SK200200206KS', '200 X 200 X 20 X 6', 'SIKU', '18-KS', 'Batang', 20, 20, 20, '0000-00-00', 20, 20, 80000, 100000),
('18SL1007579LN', '100 X 75 X 7 X 9', 'SIKU L', '18-LN', 'Batang', 20, 20, 20, '0000-00-00', 20, 20, 80000, 100000),
('18SL1007596LN', '100 X 75 X 9 X 6', 'SIKU L', '18-LN', 'Batang', 20, 20, 20, '0000-00-00', 20, 20, 80000, 100000),
('18SL1257576LN', '125 X 75 X 7 X 6', 'SIKU L', '18-LN', 'Batang', 20, 20, 20, '0000-00-00', 20, 20, 80000, 100000),
('18SL12575959LN', '125 X 75 X 9,5 X 9', 'SIKU L', '18-LN', 'Batang', 20, 20, 20, '0000-00-00', 20, 20, 80000, 100000),
('18SL1257596LN', '125 X 75 X 9 X 6', 'SIKU L', '18-LN', 'Batang', 20, 20, 20, '0000-00-00', 20, 20, 80000, 100000),
('18SL15090126LN', '150 X 90 X 12 X 6', 'SIKU L', '18-LN', 'Batang', 20, 20, 20, '0000-00-00', 20, 20, 80000, 100000),
('18U080456KYF', '80 X 45 X 6', 'UNP', '18-KYF', 'Batang', 20, 20, 20, '0000-00-00', 20, 20, 80000, 100000),
('18U120556LN', '120 X 55 X 6', 'UNP', '18-LN', 'Batang', 20, 20, 20, '0000-00-00', 20, 20, 80000, 100000),
('18U15075579KS', '150 X 75 X 5,7 X 9', 'UNP', '18-KS', 'Batang', 20, 20, 20, '0000-00-00', 20, 20, 80000, 100000),
('18U200756LN', '200 X 75 X 6', 'UNP', '18-LN', 'Batang', 20, 20, 20, '0000-00-00', 20, 20, 80000, 100000),
('18U20080759KS', '200 X 80 X 7,5 X 9', 'UNP', '18-KS', 'Batang', 20, 20, 20, '0000-00-00', 20, 20, 80000, 100000),
('18U2509099KS', '250 X 90 X 9 X 9', 'UNP', '18-KS', 'Batang', 20, 20, 20, '0000-00-00', 20, 20, 80000, 100000),
('18U30090912LN', '300 X 90 X 9 X 12', 'UNP', '18-LN', 'Batang', 20, 20, 20, '0000-00-00', 20, 20, 80000, 100000),
('18WF1507573KS', '150 X 75 X 7 X 3', 'IWF', '18-KS', 'Batang', 20, 20, 20, '0000-00-00', 20, 20, 80000, 100000),
('18WF1507576KS', '150 X 75 X 7 X 6', 'IWF', '18-KS', 'Batang', 20, 20, 20, '0000-00-00', 20, 20, 80000, 100000),
('18WF1507579KS', '150 X 75 X 7 X 9', 'IWF', '18-KS', 'Batang', 20, 20, 20, '0000-00-00', 20, 20, 80000, 100000),
('18WF200100556KS', '200 X 100 X 5,5 X 6', 'IWF', '18-KS', 'Batang', 20, 20, 20, '0000-00-00', 20, 20, 80000, 100000),
('18WF20010059KS', '200 X 100 X 5,5 X 9', 'IWF', '18-KS', 'Batang', 20, 20, 20, '0000-00-00', 20, 20, 80000, 100000),
('18WF24812459KS', '248 X 124 X 5 X 9', 'IWF', '18-KS', 'Batang', 20, 20, 20, '0000-00-00', 20, 20, 80000, 100000),
('18WF25012553', '250 X 125 X 5 X 3', 'IWF', '18-SISA PTG 9M', 'Batang', 20, 20, 20, '0000-00-00', 20, 20, 80000, 100000),
('18WF25012559KS', '250 X 125 X 5 X 9', 'IWF', '18-KS', 'Batang', 20, 20, 20, '0000-00-00', 20, 20, 80000, 100000),
('18WF2501256912', '250 X 125 X 6 X 9 X 12', 'IWF', '18-KS-SG', 'Batang', 20, 20, 20, '0000-00-00', 20, 20, 80000, 100000),
('18WF250125696', '250 X 125 X 6 X 9 X 6', 'IWF', '18-KS-SG', 'Batang', 20, 20, 20, '0000-00-00', 20, 20, 80000, 100000),
('18WF30015012GG', '300 X 150 X 12', 'IWF', '18-GG', 'Batang', 20, 20, 20, '0000-00-00', 20, 20, 80000, 100000),
('18WF3001503', '300 X 150 X 3', 'IWF', '18', 'Batang', 20, 20, 20, '0000-00-00', 20, 20, 80000, 100000),
('18WF70030012', '700 X 300 X 13 X 24 X 12', 'IWF', '18-LN', 'Batang', 20, 20, 20, '0000-00-00', 20, 20, 80000, 100000),
('58PP00112BTG', '1 1/2"', 'PIPA', '', 'Batang', 20, 20, 20, '0000-00-00', 20, 20, 80000, 100000),
('58PP001BTG', '1"', 'PIPA', '', 'Batang', 20, 20, 20, '0000-00-00', 20, 20, 80000, 100000),
('58PP00212BTG', '2 1/2"', 'PIPA', '', 'Batang', 20, 20, 20, '0000-00-00', 20, 20, 80000, 100000),
('58PP002BTG', '2"', 'PIPA', '', 'Batang', 20, 20, 20, '0000-00-00', 20, 20, 80000, 100000),
('58PP004BTG', '4"', 'PIPA', '', 'Batang', 20, 20, 20, '0000-00-00', 20, 20, 80000, 100000),
('58PP005BTG', '5"', 'PIPA', '', 'Batang', 20, 20, 20, '0000-00-00', 20, 20, 80000, 100000),
('58PP006BTG', '6"', 'PIPA', '', 'Batang', 20, 20, 20, '0000-00-00', 20, 20, 80000, 100000),
('58PP008BTG', '8"', 'PIPA', '', 'Batang', 20, 20, 20, '0000-00-00', 20, 20, 80000, 100000),
('58PP010BTG', '10"', 'PIPA', '', 'Batang', 20, 20, 20, '0000-00-00', 20, 20, 80000, 100000),
('58PP012BTG', '12"', 'PIPA', '', 'Batang', 20, 20, 20, '0000-00-00', 20, 20, 80000, 100000),
('58PP014BTG', '14"', 'PIPA', '', 'Batang', 20, 20, 20, '0000-00-00', 20, 20, 80000, 100000),
('58PP016BTG', '16"', 'PIPA', '', 'Batang', 20, 20, 20, '0000-00-00', 20, 20, 80000, 100000),
('58PP020BTG', '20"', 'PIPA', '', 'Batang', 20, 20, 20, '0000-00-00', 20, 20, 80000, 100000),
('58PPKG', 'DALAM HITUNGAN KG', 'PIPA', '', 'Kg', 20, 20, 20, '0000-00-00', 20, 20, 80000, 100000),
('AH0196', '18 / 19 X 6', 'ASS HITAM', '', 'Batang', 20, 20, 20, '0000-00-00', 20, 20, 80000, 100000),
('AH0206', '20 X 6', 'ASS HITAM', '', 'Batang', 20, 20, 20, '0000-00-00', 20, 20, 80000, 100000),
('AH0216', '21 X 6', 'ASS HITAM', '', 'Batang', 20, 20, 20, '0000-00-00', 20, 20, 80000, 100000),
('AH0226', '22 X 6', 'ASS HITAM', '', 'Batang', 20, 20, 20, '0000-00-00', 20, 20, 80000, 100000),
('AH0256', '23/24/25 X 6', 'ASS HITAM', '', 'Batang', 20, 20, 20, '0000-00-00', 20, 20, 80000, 100000),
('AH0266', '26 X 6', 'ASS HITAM', '', 'Batang', 20, 20, 20, '0000-00-00', 20, 20, 80000, 100000),
('AH0286', '28 X 6', 'ASS HITAM', '', 'Batang', 20, 20, 20, '0000-00-00', 20, 20, 80000, 100000),
('AH0296', '29 X 6', 'ASS HITAM', '', 'Batang', 20, 20, 20, '0000-00-00', 20, 20, 80000, 100000),
('AH0306', '30 X 6', 'ASS HITAM', '', 'Batang', 20, 20, 20, '0000-00-00', 20, 20, 80000, 100000),
('AH0316', '31 X 6', 'ASS HITAM', '', 'Batang', 20, 20, 20, '0000-00-00', 20, 20, 80000, 100000),
('AH0326', '32 X 6', 'ASS HITAM', '', 'Batang', 20, 20, 20, '0000-00-00', 20, 20, 80000, 100000),
('AH0336', '33 X 6', 'ASS HITAM', '', 'Batang', 20, 20, 20, '0000-00-00', 20, 20, 80000, 100000),
('AH0346', '34 X 6', 'ASS HITAM', '', 'Batang', 20, 20, 20, '0000-00-00', 20, 20, 80000, 100000),
('AH0356', '35 X 6', 'ASS HITAM', '', 'Batang', 20, 20, 20, '0000-00-00', 20, 20, 80000, 100000),
('AH0366', '36 X 6', 'ASS HITAM', '', 'Batang', 20, 20, 20, '0000-00-00', 20, 20, 80000, 100000),
('AH03855', '38 X 5,5', 'ASS HITAM', '', 'Batang', 20, 20, 20, '0000-00-00', 20, 20, 80000, 100000),
('AH0386', '38 X 6', 'ASS HITAM', '', 'Batang', 20, 20, 20, '0000-00-00', 20, 20, 80000, 100000),
('AH0396', '39 X 6', 'ASS HITAM', '', 'Batang', 20, 20, 20, '0000-00-00', 20, 20, 80000, 100000),
('AH0406', '40 X 6', 'ASS HITAM', '', 'Batang', 20, 20, 20, '0000-00-00', 20, 20, 80000, 100000),
('AH0426', '42 X 6', 'ASS HITAM', '', 'Batang', 20, 20, 20, '0000-00-00', 20, 20, 80000, 100000),
('AH0436', '43 X 6', 'ASS HITAM', '', 'Batang', 20, 20, 20, '0000-00-00', 20, 20, 80000, 100000),
('AH0446', '44 X 6', 'ASS HITAM', '', 'Batang', 20, 20, 20, '0000-00-00', 20, 20, 80000, 100000),
('AH0456', '45 X 6', 'ASS HITAM', '', 'Batang', 20, 20, 20, '0000-00-00', 20, 20, 80000, 100000),
('AH0466', '46 X 6', 'ASS HITAM', '', 'Batang', 20, 20, 20, '0000-00-00', 20, 20, 80000, 100000),
('AH0486', '48 X 6', 'ASS HITAM', '', 'Batang', 20, 20, 20, '0000-00-00', 20, 20, 80000, 100000),
('AH0506', '50 X 6', 'ASS HITAM', '', 'Batang', 20, 20, 20, '0000-00-00', 20, 20, 80000, 100000),
('AH0526', '52 X 6', 'ASS HITAM', '', 'Batang', 20, 20, 20, '0000-00-00', 20, 20, 80000, 100000),
('AH0536', '53 X 6', 'ASS HITAM', '', 'Batang', 20, 20, 20, '0000-00-00', 20, 20, 80000, 100000),
('AH0556', '55 X 6', 'ASS HITAM', '', 'Batang', 20, 20, 20, '0000-00-00', 20, 20, 80000, 100000),
('AH0586', '58 X 6', 'ASS HITAM', '', 'Batang', 20, 20, 20, '0000-00-00', 20, 20, 80000, 100000),
('AH0606', '60 X 6', 'ASS HITAM', '', 'Batang', 20, 20, 20, '0000-00-00', 20, 20, 80000, 100000),
('AH0636', '63 X 6', 'ASS HITAM', '', 'Batang', 20, 20, 20, '0000-00-00', 20, 20, 80000, 100000),
('AH065130NS', '65MM - - 130MM', 'ASS HITAM', 'NS', 'Batang', 20, 20, 20, '0000-00-00', 20, 20, 80000, 100000),
('AH0656', '65 X 6', 'ASS HITAM', '', 'Batang', 20, 20, 20, '0000-00-00', 20, 20, 80000, 100000),
('AH0686', '68 X 6', 'ASS HITAM', '', 'Batang', 20, 20, 20, '0000-00-00', 20, 20, 80000, 100000),
('AH0706', '70 X 6', 'ASS HITAM', '', 'Batang', 20, 20, 20, '0000-00-00', 20, 20, 80000, 100000),
('AH0756RE', '75 X 5,5/6/7', 'ASS HITAM', '', 'Batang', 20, 20, 20, '0000-00-00', 20, 20, 80000, 100000),
('AH07835454', '78 X 3''5/4/5''4', 'ASS HITAM', '', 'Batang', 20, 20, 20, '0000-00-00', 20, 20, 80000, 100000),
('AH08035555', '80 X 3''5/5/5''5', 'ASS HITAM', '', 'Batang', 20, 20, 20, '0000-00-00', 20, 20, 80000, 100000),
('AH0806', '80 X 6', 'ASS HITAM', '', 'Batang', 20, 20, 20, '0000-00-00', 20, 20, 80000, 100000),
('AH0856', '85 X 6', 'ASS HITAM', '', 'Batang', 20, 20, 20, '0000-00-00', 20, 20, 80000, 100000),
('AH08945355', '89 X 4''53 / 5''5', 'ASS HITAM', '', 'Batang', 20, 20, 20, '0000-00-00', 20, 20, 80000, 100000),
('AH090354', '90 X 3''5/4', 'ASS HITAM', '', 'Batang', 20, 20, 20, '0000-00-00', 20, 20, 80000, 100000),
('AH09045555', '90 X 4''5/5/5''5', 'ASS HITAM', '', 'Batang', 20, 20, 20, '0000-00-00', 20, 20, 80000, 100000),
('AH0906', '90 X 6', 'ASS HITAM', '', 'Batang', 20, 20, 20, '0000-00-00', 20, 20, 80000, 100000),
('AH0924', '92 X 4', 'ASS HITAM', '', 'Batang', 20, 20, 20, '0000-00-00', 20, 20, 80000, 100000),
('AH0926', '92 X 6', 'ASS HITAM', '', 'Batang', 20, 20, 20, '0000-00-00', 20, 20, 80000, 100000),
('AH0933444554', '93 X 3''4/4/4''5/5''4', 'ASS HITAM', '', 'Batang', 20, 20, 20, '0000-00-00', 20, 20, 80000, 100000),
('AH0936', '93 X 6', 'ASS HITAM', '', 'Batang', 20, 20, 20, '0000-00-00', 20, 20, 80000, 100000),
('AH09365688', '93 X 6''5/6''88', 'ASS HITAM', '', 'Batang', 20, 20, 20, '0000-00-00', 20, 20, 80000, 100000),
('AH095455', '95 X 4''5/5', 'ASS HITAM', '', 'Batang', 20, 20, 20, '0000-00-00', 20, 20, 80000, 100000),
('AH0956', '95 X 6', 'ASS HITAM', '', 'Batang', 20, 20, 20, '0000-00-00', 20, 20, 80000, 100000),
('AH096688', '96 X 6''88', 'ASS HITAM', '', 'Batang', 20, 20, 20, '0000-00-00', 20, 20, 80000, 100000),
('AH097355', '97 X 3''55', 'ASS HITAM', '', 'Batang', 20, 20, 20, '0000-00-00', 20, 20, 80000, 100000),
('AH0976', '97 X 6', 'ASS HITAM', '', 'Batang', 20, 20, 20, '0000-00-00', 20, 20, 80000, 100000),
('AH097688', '97 X 6''88', 'ASS HITAM', '', 'Batang', 20, 20, 20, '0000-00-00', 20, 20, 80000, 100000),
('AH09845', '98 X 4''5', 'ASS HITAM', '', 'Batang', 20, 20, 20, '0000-00-00', 20, 20, 80000, 100000),
('AH1005900', '100 X 5900', 'ASS HITAM', 'SISA 5600 M', 'Batang', 40, 47, 20, '0000-00-00', 20, 20, 80000, 100000),
('AH1006', '100 X 6', 'ASS HITAM', '', 'Batang', 50, 50, 20, '0000-00-00', 20, 20, 80000, 100000),
('AH1016', '101 X 6', 'ASS HITAM', '', 'Batang', 35, 35, 20, '0000-00-00', 20, 20, 80000, 100000),
('AH1026', '102 X 6', 'ASS HITAM', '', 'Batang', 19, 20, 20, '0000-00-00', 20, 20, 80000, 100000),
('AH1056', '105 X 6', 'ASS HITAM', '', 'Batang', 20, 20, 20, '0000-00-00', 20, 20, 80000, 100000),
('AH1106', '110 X 6', 'ASS HITAM', '', 'Batang', 20, 20, 20, '0000-00-00', 20, 20, 80000, 100000),
('AH1126', '112 X 6', 'ASS HITAM', '', 'Batang', 20, 20, 20, '0000-00-00', 20, 20, 80000, 100000),
('AH1135538', '113 X 5/5''38', 'ASS HITAM', '', 'Batang', 20, 20, 20, '0000-00-00', 20, 20, 80000, 100000),
('AH1156', '115 X 6', 'ASS HITAM', '', 'Batang', 20, 20, 20, '0000-00-00', 20, 20, 80000, 100000),
('AH1206', '120 X 6', 'ASS HITAM', '', 'Batang', 45, 45, 20, '0000-00-00', 20, 20, 80000, 100000),
('AH1256', '125 X 6', 'ASS HITAM', '', 'Batang', 20, 20, 20, '0000-00-00', 20, 20, 80000, 100000),
('AH1306', '130 X 6', 'ASS HITAM', '', 'Batang', 20, 20, 20, '0000-00-00', 20, 20, 80000, 100000),
('AH1506', '150 X 6', 'ASS HITAM', '', 'Batang', 20, 20, 20, '0000-00-00', 20, 20, 80000, 100000),
('AH1806', '180 X 6', 'ASS HITAM', '', 'Batang', 20, 20, 20, '0000-00-00', 20, 20, 80000, 100000),
('AH2006', '200 X 6', 'ASS HITAM', '', 'Batang', 20, 20, 20, '0000-00-00', 20, 20, 80000, 100000),
('AH3002650', '300 X 2650', 'ASS HITAM', '', 'Batang', 20, 20, 20, '0000-00-00', 20, 20, 80000, 100000),
('AH3006', '300 X 6', 'ASS HITAM', '', 'Batang', 20, 20, 20, '0000-00-00', 20, 20, 80000, 100000),
('AH30086787', '300 X 8''67 / 8''7', 'ASS HITAM', '', 'Batang', 20, 20, 20, '0000-00-00', 20, 20, 80000, 100000),
('AH3306', '330 X 6', 'ASS HITAM', '', 'Batang', 20, 20, 20, '0000-00-00', 20, 20, 80000, 100000),
('AH350094', '350 X 6100/ 9''4', 'ASS HITAM', '', 'Batang', 20, 20, 20, '0000-00-00', 20, 20, 80000, 100000),
('AH3501', '350 X 1MTR', 'ASS HITAM', '', 'Batang', 20, 20, 20, '0000-00-00', 20, 20, 80000, 100000),
('AHCAMPURAN', '', 'ASS HITAM', 'UKURAN CAMPUR', 'Batang', 30, 35, 20, '0000-00-00', 20, 20, 80000, 100000),
('AP000126', '1/2" @6M', 'ASS PUTIH', '', 'Batang', 20, 20, 20, '0000-00-00', 20, 20, 80000, 100000),
('AP000346', '3/4" (19MM) @6M', 'ASS PUTIH', '', 'Batang', 20, 20, 20, '0000-00-00', 20, 20, 80000, 100000),
('AP000386', '3/8" @6M', 'ASS PUTIH', '', 'Batang', 20, 20, 20, '0000-00-00', 20, 20, 80000, 100000),
('AP000586', '5/8" (16MM) @6M', 'ASS PUTIH', '', 'Batang', 20, 20, 20, '0000-00-00', 20, 20, 80000, 100000),
('AP001126', '1 1/2" @6M', 'ASS PUTIH', '', 'Batang', 20, 20, 20, '0000-00-00', 20, 20, 80000, 100000),
('AP001146', '1 1/4" (32MM) @6M', 'ASS PUTIH', '', 'Batang', 20, 20, 20, '0000-00-00', 20, 20, 80000, 100000),
('AP001186', '1 1/8" @6M', 'ASS PUTIH', '', 'Batang', 20, 20, 20, '0000-00-00', 20, 20, 80000, 100000),
('AP001346', '1 3/4" (44MM) @6M', 'ASS PUTIH', '', 'Batang', 20, 20, 20, '0000-00-00', 20, 20, 80000, 100000),
('AP0016', '1" (25MM) @6 M', 'ASS PUTIH', '', 'Batang', 20, 20, 20, '0000-00-00', 20, 20, 80000, 100000),
('AP002126', '2-1/2" @6M', 'ASS PUTIH', '', 'Batang', 20, 20, 20, '0000-00-00', 20, 20, 80000, 100000),
('AP002146', '2-1/4" @6M', 'ASS PUTIH', '', 'Batang', 20, 20, 20, '0000-00-00', 20, 20, 80000, 100000),
('AP0021806', '21,80MM (7/8") @6M', 'ASS PUTIH', '', 'Batang', 20, 20, 20, '0000-00-00', 20, 20, 80000, 100000),
('AP002506', '2" (50MM) @6M', 'ASS PUTIH', '', 'Batang', 20, 20, 20, '0000-00-00', 20, 20, 80000, 100000),
('AP0036', '3" @6M', 'ASS PUTIH', '', 'Batang', 20, 20, 20, '0000-00-00', 20, 20, 80000, 100000),
('AP005166', '5/16"  ( 8MM ) @6M', 'ASS PUTIH', '', 'Batang', 20, 20, 20, '0000-00-00', 20, 20, 80000, 100000),
('AP0056', '5MM @6M', 'ASS PUTIH', '', 'Batang', 20, 20, 20, '0000-00-00', 20, 20, 80000, 100000),
('AP0066', '6MM @6M', 'ASS PUTIH', '', 'Batang', 20, 20, 20, '0000-00-00', 20, 20, 80000, 100000),
('AP0076', '7MM @6M', 'ASS PUTIH', '', 'Batang', 20, 20, 20, '0000-00-00', 20, 20, 80000, 100000),
('AP0096', '9MM @6M', 'ASS PUTIH', '', 'Batang', 20, 20, 20, '0000-00-00', 20, 20, 80000, 100000),
('AP00986', '9,8MM @6M', 'ASS PUTIH', '', 'Batang', 20, 20, 20, '0000-00-00', 20, 20, 80000, 100000),
('AP0106', '10MM @6M', 'ASS PUTIH', '', 'Batang', 20, 20, 20, '0000-00-00', 20, 20, 80000, 100000),
('AP0126', '12MM @6M', 'ASS PUTIH', '', 'Batang', 20, 20, 20, '0000-00-00', 20, 20, 80000, 100000),
('AP0146', '14MM @6M', 'ASS PUTIH', '', 'Batang', 20, 20, 20, '0000-00-00', 20, 20, 80000, 100000),
('AP0156', '15MM @6M', 'ASS PUTIH', '', 'Batang', 20, 20, 20, '0000-00-00', 20, 20, 80000, 100000),
('AP0186', '18MM @6M', 'ASS PUTIH', '', 'Batang', 20, 20, 20, '0000-00-00', 20, 20, 80000, 100000),
('AP0206', '20MM @6M', 'ASS PUTIH', '', 'Batang', 20, 20, 20, '0000-00-00', 20, 20, 80000, 100000),
('AP0226', '22MM @6M', 'ASS PUTIH', '', 'Batang', 20, 20, 20, '0000-00-00', 20, 20, 80000, 100000),
('AP02545', '25MM @4,5M', 'ASS PUTIH', '', 'Batang', 20, 20, 20, '0000-00-00', 20, 20, 80000, 100000),
('AP0255', '25MM @5M', 'ASS PUTIH', '', 'Batang', 20, 20, 20, '0000-00-00', 20, 20, 80000, 100000),
('AP0286', '28MM @6M', 'ASS PUTIH', '', 'Batang', 20, 20, 20, '0000-00-00', 20, 20, 80000, 100000),
('AP0305', '30MM @5M', 'ASS PUTIH', '', 'Batang', 20, 20, 20, '0000-00-00', 20, 20, 80000, 100000),
('AP03055', '30MM @5,5M', 'ASS PUTIH', '', 'Batang', 20, 20, 20, '0000-00-00', 20, 20, 80000, 100000),
('AP0306', '30MM @6M', 'ASS PUTIH', '', 'Batang', 20, 20, 20, '0000-00-00', 20, 20, 80000, 100000),
('AP0356', '35MM @6M', 'ASS PUTIH', '', 'Batang', 20, 20, 20, '0000-00-00', 20, 20, 80000, 100000),
('AP0406', '40MM @6M', 'ASS PUTIH', '', 'Batang', 20, 20, 20, '0000-00-00', 20, 20, 80000, 100000),
('AP0456', '45MM @6M', 'ASS PUTIH', '', 'Batang', 20, 20, 20, '0000-00-00', 20, 20, 80000, 100000),
('B1307001', '200x52', 'Pipa L', 'PL22', 'Batang', 20, 20, 20, NULL, 20, 20, 80000, 100000),
('B1307002', '22x20', 'Plat', 'P22', 'Lembar', 20, 20, 20, NULL, 20, 20, 80000, 100000),
('B1307005', '200 x 500', 'Besi Super', 'BS25', 'Roll', 20, 20, 20, NULL, 20, 20, 80000, 100000),
('B1307006', '400x500', 'Pipa Besi 3', 'Tes Data', 'Batang', 20, 20, 20, NULL, 20, 20, 80000, 100000),
('B1309001', '5 x 12', 'Beton Ulir', '18-KS', 'Inci', 20, 20, 20, NULL, 20, 20, 80000, 100000),
('B1309002', '13 x 5', 'Besi 1', '18-KS', 'Cm', 20, 20, 20, NULL, 20, 20, 80000, 100000),
('B1309003', '2 x 2 x 3', 'Besi 2', '2KS', 'Inci', 20, 20, 20, NULL, 20, 20, 80000, 100000),
('B1309004', '3 X 3 X 6', 'Besi 3', '3KS', 'Meter', 20, 20, 20, NULL, 20, 20, 80000, 100000),
('B1309005', '4 X 4L', 'Besi 4', '4BS', 'Cm', 20, 20, 20, NULL, 20, 20, 80000, 100000),
('B1309006', '5 X 5 ', 'Besi 5x', '5BS', 'Inci', 20, 20, 20, NULL, 20, 20, 80000, 100000),
('BP00612', '6 X 12', 'B- POLOS', '', 'Batang', 20, 20, 20, '0000-00-00', 20, 20, 80000, 100000),
('BP00812FITW', '8 X 12', 'B- POLOS', 'F.ITW', 'Batang', 20, 20, 20, '0000-00-00', 20, 20, 80000, 100000),
('BP00812KS', '8 X 12', 'B- POLOS', 'KS', 'Batang', 20, 20, 20, '0000-00-00', 20, 20, 80000, 100000),
('BP00812KSI', '8 X 12', 'B- POLOS', 'KSI', 'Batang', 20, 20, 20, '0000-00-00', 20, 20, 80000, 100000),
('BP00812MS', '8 X 12', 'B- POLOS', 'MS', 'Batang', 20, 20, 20, '0000-00-00', 20, 20, 80000, 100000),
('BP008912', '8,9 X 12', 'B- POLOS', '', 'Batang', 20, 20, 20, '0000-00-00', 20, 20, 80000, 100000),
('BP01012GG', '10 X 12', 'B- POLOS', 'GG', 'Batang', 20, 20, 20, '0000-00-00', 20, 20, 80000, 100000),
('BP01012HGF', '10 X 12', 'B- POLOS', 'HGF', 'Batang', 20, 20, 20, '0000-00-00', 20, 20, 80000, 100000),
('BP01012KS', '10 X 12', 'B- POLOS', 'KS', 'Batang', 20, 20, 20, '0000-00-00', 20, 20, 80000, 100000),
('BP01012KSI', '10 X 12', 'B- POLOS', 'KSI', 'Batang', 20, 20, 20, '0000-00-00', 20, 20, 80000, 100000),
('BP01012MS', '10 X 12', 'B- POLOS', 'MS /SII', 'Batang', 20, 20, 20, '0000-00-00', 20, 20, 80000, 100000),
('BP01212GG', '12 X 12', 'B- POLOS', 'GG', 'Batang', 20, 20, 20, '0000-00-00', 20, 20, 80000, 100000),
('BP01212KSITW', '12 X 12', 'B- POLOS', 'KS', 'Batang', 20, 20, 20, '0000-00-00', 20, 20, 80000, 100000),
('BP01212MS', '12 X 12', 'B- POLOS', 'MS', 'Batang', 20, 20, 20, '0000-00-00', 20, 20, 80000, 100000),
('BP01612', '16 X 12', 'B- POLOS', 'BANCI', 'Batang', 20, 20, 20, '0000-00-00', 20, 20, 80000, 100000),
('BP01612FITW', '16 X 12', 'B- POLOS', 'F.ITW', 'Batang', 20, 20, 20, '0000-00-00', 20, 20, 80000, 100000),
('BP01612KS', '16 X 12', 'B- POLOS', 'KS', 'Batang', 20, 20, 20, '0000-00-00', 20, 20, 80000, 100000),
('BP01912KS', '19 X 12', 'B- POLOS', 'KS', 'Batang', 20, 20, 20, '0000-00-00', 20, 20, 80000, 100000),
('BP02212KS', '22 X 12', 'B- POLOS', 'KS', 'Batang', 20, 20, 20, '0000-00-00', 20, 20, 80000, 100000),
('BP02512KS', '25 X 12', 'B- POLOS', 'KS', 'Batang', 20, 20, 20, '0000-00-00', 20, 20, 80000, 100000);
INSERT INTO `barang` (`Kode`, `Ukuran`, `Nama`, `Nama2`, `Satuan1`, `Qty1`, `QtyOp`, `QtyGudang`, `Tgl_Saw`, `Saw`, `SawGudang`, `Harga_Beli`, `Harga_Jual`) VALUES
('BP03212KS', '32 X 12', 'B- POLOS', 'KS', 'Batang', 20, 20, 20, '0000-00-00', 20, 20, 80000, 100000),
('BU01012CS', '10 X 12', 'B-ULIR', 'CS', 'Batang', 20, 20, 20, '0000-00-00', 20, 20, 80000, 100000),
('BU01012HGF', '10 X 12', 'B-ULIR', 'HG FULL', 'Batang', 20, 20, 20, '0000-00-00', 20, 20, 80000, 100000),
('BU01012KS', '10 X 12', 'B-ULIR', 'KS', 'Batang', 20, 20, 20, '0000-00-00', 20, 20, 80000, 100000),
('BU01012KSI', '10 X 12', 'B-ULIR', 'KSI', 'Batang', 20, 20, 20, '0000-00-00', 20, 20, 80000, 100000),
('BU01012MS', '10 X 12', 'B-ULIR', 'MS', 'Batang', 20, 20, 20, '0000-00-00', 20, 20, 80000, 100000),
('BU01312FITW', '13 X 12', 'B-ULIR', 'F.ITW', 'Batang', 20, 20, 20, '0000-00-00', 20, 20, 80000, 100000),
('BU01312KS', '13 X 12', 'B-ULIR', 'KS', 'Batang', 20, 20, 20, '0000-00-00', 20, 20, 80000, 100000),
('BU01312KSI', '13 X 12', 'B-ULIR', 'KSI', 'Batang', 20, 20, 20, '0000-00-00', 20, 20, 80000, 100000),
('BU01312MS', '13 X 12', 'B-ULIR', 'MS', 'Batang', 20, 20, 20, '0000-00-00', 20, 20, 80000, 100000),
('BU01612KS', '16 X 12', 'B-ULIR', 'KS', 'Batang', 20, 20, 20, '0000-00-00', 20, 20, 80000, 100000),
('BU01612KSF', '16 X 12', 'B-ULIR', 'KS-FULL', 'Batang', 20, 20, 20, '0000-00-00', 20, 20, 80000, 100000),
('BU01612KSI', '16 X 12', 'B-ULIR', 'KSI', 'Batang', 20, 20, 20, '0000-00-00', 20, 20, 80000, 100000),
('BU01612MS', '16 X 12', 'B-ULIR', 'MS', 'Batang', 20, 20, 20, '0000-00-00', 20, 20, 80000, 100000),
('BU01612SII', '16 X 12', 'B-ULIR', 'SII', 'Batang', 20, 20, 20, '0000-00-00', 20, 20, 80000, 100000),
('BU01912CS', '19 X 12', 'B-ULIR', 'CS', 'Batang', 20, 20, 20, '0000-00-00', 20, 20, 80000, 100000),
('BU01912KS', '19 X 12', 'B-ULIR', 'KS', 'Batang', 20, 20, 20, '0000-00-00', 20, 20, 80000, 100000),
('BU01912KSI', '19 X 12', 'B-ULIR', 'KSI', 'Batang', 20, 20, 20, '0000-00-00', 20, 20, 80000, 100000),
('BU01912SII', '19 X 12', 'B-ULIR', 'KSI', 'Batang', 20, 20, 20, '0000-00-00', 20, 20, 80000, 100000),
('BU02212CS', '22 X 12', 'B-ULIR', 'CS', 'Batang', 20, 20, 20, '0000-00-00', 20, 20, 80000, 100000),
('BU02212KS', '22 X 12', 'B-ULIR', 'KS', 'Batang', 20, 20, 20, '0000-00-00', 20, 20, 80000, 100000),
('BU02512CS', '25 X 12', 'B-ULIR', 'CS', 'Batang', 20, 20, 20, '0000-00-00', 20, 20, 80000, 100000),
('BU02512KS', '25 X 12', 'B-ULIR', 'KS', 'Batang', 20, 20, 20, '0000-00-00', 20, 20, 80000, 100000),
('BU02512SII', '25 X 12', 'B-ULIR', 'SII', 'Batang', 20, 20, 20, '0000-00-00', 20, 20, 80000, 100000),
('BU02912KS', '29 X 12', 'B-ULIR', 'KS', 'Batang', 20, 20, 20, '0000-00-00', 20, 20, 80000, 100000),
('C06030236', '60x30x2''3x6', 'CNP', '', 'Batang', 20, 20, 20, '0000-00-00', 20, 20, 80000, 100000),
('C0603026', '60x30x2x6', 'CNP', '', 'Batang', 20, 20, 20, '0000-00-00', 20, 20, 80000, 100000),
('C075451536', '75x45x15x3x6', 'CNP', '', 'Batang', 20, 20, 20, '0000-00-00', 20, 20, 80000, 100000),
('C0754526', '75x45x2x6', 'CNP', '', 'Batang', 20, 20, 20, '0000-00-00', 20, 20, 80000, 100000),
('C1005012196', '100x40x12x1''9x6', 'CNP', '', 'Batang', 20, 20, 20, '0000-00-00', 20, 20, 80000, 100000),
('C1005020236NIPONK', '100x50x20x2,3x6', 'CNP', 'NPN KEMBANG', 'Batang', 20, 20, 20, '0000-00-00', 20, 20, 80000, 100000),
('C100502026', '100x50x20x2/2,3x6', 'CNP', '', 'Batang', 20, 20, 20, '0000-00-00', 20, 20, 80000, 100000),
('C100502036', '100x50x20x3x6', 'CNP', '', 'Batang', 20, 20, 20, '0000-00-00', 20, 20, 80000, 100000),
('C100502036G', '100x50x20x3x6', 'CNP', 'GALVANIZED', 'Batang', 20, 20, 20, '0000-00-00', 20, 20, 80000, 100000),
('C1254012196', '125x40x12x1''9 x6', 'CNP', '', 'Batang', 20, 20, 20, '0000-00-00', 20, 20, 80000, 100000),
('C1254126BJT', '125x41x2x6', 'CNP', 'BJT', 'Batang', 20, 20, 20, '0000-00-00', 20, 20, 80000, 100000),
('C1255020246', '125x50x20x2,4x6', 'CNP', '', 'Batang', 20, 20, 20, '0000-00-00', 20, 20, 80000, 100000),
('C125502026', '125x50x20x 2 ( 2,3 ) x6', 'CNP', '', 'Batang', 20, 20, 20, '0000-00-00', 20, 20, 80000, 100000),
('C125502036', '125x50x20x3x6', 'CNP', '', 'Batang', 20, 20, 20, '0000-00-00', 20, 20, 80000, 100000),
('C1505020236', '150x50x20x2,3x6', 'CNP', '', 'Batang', 20, 20, 20, '0000-00-00', 20, 20, 80000, 100000),
('C1505020236G', '150x50x20x2,3x6', 'CNP', 'GALVANIZED', 'Batang', 20, 20, 20, '0000-00-00', 20, 20, 80000, 100000),
('C1505020236MENIHIJAU', '150x50x20x2,3x6', 'CNP', 'MENI HIJAU', 'Batang', 20, 20, 20, '0000-00-00', 20, 20, 80000, 100000),
('C1505020256', '150x50x20x2,5x6', 'CNP', '', 'Batang', 20, 20, 20, '0000-00-00', 20, 20, 80000, 100000),
('C150502036', '150x50x20x3x6', 'CNP', '', 'Batang', 20, 20, 20, '0000-00-00', 20, 20, 80000, 100000),
('C150502036TDKTP', '150x50x20x3x6', 'CNP', 'TDKTP', 'Batang', 20, 20, 20, '0000-00-00', 20, 20, 80000, 100000),
('C150652026', '150x65x20x2,3x6', 'CNP', '', 'Batang', 20, 20, 20, '0000-00-00', 20, 20, 80000, 100000),
('C150652036', '150x65x20x3x6', 'CNP', '', 'Batang', 20, 20, 20, '0000-00-00', 20, 20, 80000, 100000),
('C20075236BMKU', '200x75x 2,3x6', 'CNP', '', 'Batang', 20, 20, 20, '0000-00-00', 20, 20, 80000, 100000),
('C2007536', '200x75x3x6', 'CNP', '', 'Batang', 20, 20, 20, '0000-00-00', 20, 20, 80000, 100000),
('GHFDHDF', '692 X 12', 'IWF', 'LN', 'Batang', 20, 20, 20, '0000-00-00', 20, 20, 80000, 100000),
('H10010010KS', '100 X 100 X 10', 'H BEAM', 'KS', 'Batang', 20, 20, 20, '0000-00-00', 20, 20, 80000, 100000),
('H10010012GG', '100 X 100 X 12', 'H BEAM', 'GG', 'Batang', 20, 20, 20, '0000-00-00', 20, 20, 80000, 100000),
('H10010012KS', '100 X 100 X 12', 'H BEAM', 'KS', 'Batang', 20, 20, 20, '0000-00-00', 20, 20, 80000, 100000),
('H10010012LN', '100 X 100 X 12', 'H BEAM', 'LN', 'Batang', 20, 20, 20, '0000-00-00', 20, 20, 80000, 100000),
('H10010015GG', '100 X 100 X 1,5', 'H BEAM', 'GG', 'Batang', 20, 20, 20, '0000-00-00', 20, 20, 80000, 100000),
('H1001003GG', '100 X 100 X 3', 'H BEAM', 'GG', 'Batang', 20, 20, 20, '0000-00-00', 20, 20, 80000, 100000),
('H1001004KS', '100 X 100 X 4', 'H BEAM', 'KS', 'Batang', 20, 20, 20, '0000-00-00', 20, 20, 80000, 100000),
('H1001004KSTD', '100 X 100 X 4', 'H BEAM', 'KSTD', 'Batang', 20, 20, 20, '0000-00-00', 20, 20, 80000, 100000),
('H1001006KS', '100 X 100 X 6', 'H BEAM', 'KS', 'Batang', 20, 20, 20, '0000-00-00', 20, 20, 80000, 100000),
('H1001006TD', '100 X 100 X 6', 'H BEAM', 'TD', 'Batang', 20, 20, 20, '0000-00-00', 20, 20, 80000, 100000),
('H12512512GG', '125 X 125 X 12', 'H BEAM', 'GG', 'Batang', 20, 20, 20, '0000-00-00', 20, 20, 80000, 100000),
('H12512512LN', '125 X 125 X 12', 'H BEAM', 'LN', 'Batang', 20, 20, 20, '0000-00-00', 20, 20, 80000, 100000),
('H1251256TD', '125 X 125 X 6', 'H BEAM', 'TD', 'Batang', 20, 20, 20, '0000-00-00', 20, 20, 80000, 100000),
('H15015012GG', '150 X 150 X 12', 'H BEAM', 'GG', 'Batang', 20, 20, 20, '0000-00-00', 20, 20, 80000, 100000),
('H15015012KS', '150 X 150 X 12', 'H BEAM', 'KS', 'Batang', 20, 20, 20, '0000-00-00', 20, 20, 80000, 100000),
('H15015012KSTD', '150 X 150 X 12', 'H BEAM', 'KSTD', 'Batang', 20, 20, 20, '0000-00-00', 20, 20, 80000, 100000),
('H1501506KS', '150 X 150 X 6', 'H BEAM', 'KS', 'Batang', 20, 20, 20, '0000-00-00', 20, 20, 80000, 100000),
('H1501506KSTD', '150 X 150 X 6', 'H BEAM', 'KSTD', 'Batang', 20, 20, 20, '0000-00-00', 20, 20, 80000, 100000),
('H17517512GG', '175 X 175 X 12', 'H BEAM', 'GG', 'Batang', 20, 20, 20, '0000-00-00', 20, 20, 80000, 100000),
('H1751756GGLN', '175 X 175 X 6', 'H BEAM', 'GG/LN', 'Batang', 20, 20, 20, '0000-00-00', 20, 20, 80000, 100000),
('H20020012GG', '200 X 200 X 12', 'H BEAM', 'GG', 'Batang', 20, 20, 20, '0000-00-00', 20, 20, 80000, 100000),
('H20020012LN', '200 X 200 X 12', 'H BEAM', 'LN', 'Batang', 20, 20, 20, '0000-00-00', 20, 20, 80000, 100000),
('H20020012TD', '200 X 200 X 12', 'H BEAM', 'TD', 'Batang', 20, 20, 20, '0000-00-00', 20, 20, 80000, 100000),
('H2002006TD', '200 X 200 X 6', 'H BEAM', 'LN', 'Batang', 20, 20, 20, '0000-00-00', 20, 20, 80000, 100000),
('H25025012GG', '250 X 250 X 12', 'H BEAM', 'GG', 'Batang', 20, 20, 20, '0000-00-00', 20, 20, 80000, 100000),
('H25025012LN', '250 X 250 X 12', 'H BEAM', 'LN', 'Batang', 20, 20, 20, '0000-00-00', 20, 20, 80000, 100000),
('H25025012MENI', '250 X 250 X 12', 'H BEAM', 'MENI', 'Batang', 20, 20, 20, '0000-00-00', 20, 20, 80000, 100000),
('H2502506TD', '250 X 250 X 6', 'H BEAM', 'TD', 'Batang', 20, 20, 20, '0000-00-00', 20, 20, 80000, 100000),
('H30030006TD', '300 X 300 X 6', 'H BEAM', '', 'Batang', 20, 20, 20, '0000-00-00', 20, 20, 80000, 100000),
('H30030009', '300 X 300 X 9', 'H BEAM', '', 'Batang', 20, 20, 20, '0000-00-00', 20, 20, 80000, 100000),
('H30030010', '300 X 300 X 10', 'H BEAM', '', 'Batang', 20, 20, 20, '0000-00-00', 20, 20, 80000, 100000),
('H30030012GG', '300 X 300 X 12', 'H BEAM', 'GG', 'Batang', 20, 20, 20, '0000-00-00', 20, 20, 80000, 100000),
('H30030012LN', '300 X 300 X 12', 'H BEAM', 'LN', 'Batang', 20, 20, 20, '0000-00-00', 20, 20, 80000, 100000),
('H30030012TD', '300 X 300 X 12', 'H BEAM', 'TD', 'Batang', 20, 20, 20, '0000-00-00', 20, 20, 80000, 100000),
('H3003006LN', '300 X 300 X 6', 'H BEAM', 'LN', 'Batang', 20, 20, 20, '0000-00-00', 20, 20, 80000, 100000),
('H33835112LN', '338 X 351 X 12', 'H BEAM', 'LN', 'Batang', 20, 20, 20, '0000-00-00', 20, 20, 80000, 100000),
('H35035012GG', '350 X 350 X 12', 'H BEAM', 'GG', 'Batang', 20, 20, 20, '0000-00-00', 20, 20, 80000, 100000),
('H35035012LN', '350 X 350 X 12', 'H BEAM', 'LN', 'Batang', 20, 20, 20, '0000-00-00', 20, 20, 80000, 100000),
('H35035012TD', '350 X 350 X 12', 'H BEAM', 'TD', 'Batang', 20, 20, 20, '0000-00-00', 20, 20, 80000, 100000),
('H3503506LN', '350 X 350 X 6', 'H BEAM', 'LN', 'Batang', 20, 20, 20, '0000-00-00', 20, 20, 80000, 100000),
('H40040012GG', '400 X 400 X 12', 'H BEAM', 'GG', 'Batang', 20, 20, 20, '0000-00-00', 20, 20, 80000, 100000),
('H40040012LN', '400 X 400 X 12', 'H BEAM', 'LN', 'Batang', 20, 20, 20, '0000-00-00', 20, 20, 80000, 100000),
('H4004006LN', '400 X 400 X 6', 'H BEAM', 'LN', 'Batang', 20, 20, 20, '0000-00-00', 20, 20, 80000, 100000),
('H4004006TD', '400 X 400 X 6', 'H BEAM', 'LN/TD', 'Batang', 20, 20, 20, '0000-00-00', 20, 20, 80000, 100000),
('HNS1001481030', '100 X 148 X 10''30M', 'H BEAM', 'NS', 'Batang', 20, 20, 20, '0000-00-00', 20, 20, 80000, 100000),
('HNS100148806', '100 X 148 X 8''06M', 'H BEAM', 'NS', 'Batang', 20, 20, 20, '0000-00-00', 20, 20, 80000, 100000),
('HNS17524512', '175 X 245 X 12', 'H BEAM', 'NS', 'Batang', 20, 20, 20, '0000-00-00', 20, 20, 80000, 100000),
('HNS19415012', '194 X 150 X 12', 'H BEAM', 'NS', 'Batang', 20, 20, 20, '0000-00-00', 20, 20, 80000, 100000),
('HNS2001508', '200 X 150 X 8', 'H BEAM', 'NS', 'Batang', 20, 20, 20, '0000-00-00', 20, 20, 80000, 100000),
('HNS24417512', '244 X 175 X 12', 'H BEAM', 'NS', 'Batang', 20, 20, 20, '0000-00-00', 20, 20, 80000, 100000),
('HNS30030010440', '300 X 300 X 10,440', 'H BEAM', 'NS', 'Batang', 20, 20, 20, '0000-00-00', 20, 20, 80000, 100000),
('HNS300300106', '300 X 300 X 10,6', 'H BEAM', 'NS', 'Batang', 20, 20, 20, '0000-00-00', 20, 20, 80000, 100000),
('HNS30030011TD', '300 X 300 X 11', 'H BEAM', 'TD', 'Batang', 20, 20, 20, '0000-00-00', 20, 20, 80000, 100000),
('HNS3003004TD', '300 X 300 X 4', 'H BEAM', 'NS-TD', 'Batang', 20, 20, 20, '0000-00-00', 20, 20, 80000, 100000),
('HNS30030054', '300 X 300 X 5,4', 'H BEAM', 'NS', 'Batang', 20, 20, 20, '0000-00-00', 20, 20, 80000, 100000),
('HNS39030012', '390 X 300 X 12', 'H BEAM', 'NS', 'Batang', 20, 20, 20, '0000-00-00', 20, 20, 80000, 100000),
('HNS4003006EXUGA', '400 X 300 X 6', 'H BEAM', 'NSUGA', 'Batang', 20, 20, 20, '0000-00-00', 20, 20, 80000, 100000),
('INP100506KS', '100 X 50 X 6', 'I N P', 'KS', 'Batang', 20, 20, 20, '0000-00-00', 20, 20, 80000, 100000),
('INP100556TD', '100 X 55 X 6', 'I N P', 'TD', 'Batang', 20, 20, 20, '0000-00-00', 20, 20, 80000, 100000),
('INP1406612', '140 X 66 X 12', 'I N P', '', 'Batang', 20, 20, 20, '0000-00-00', 20, 20, 80000, 100000),
('INP140666', '140 X 66 X 6', 'I N P', '', 'Batang', 20, 20, 20, '0000-00-00', 20, 20, 80000, 100000),
('INP1607412', '160 X 74 X 12', 'I N P', 'TD', 'Batang', 20, 20, 20, '0000-00-00', 20, 20, 80000, 100000),
('INP160746', '160 X 74 X 6', 'I N P', '', 'Batang', 20, 20, 20, '0000-00-00', 20, 20, 80000, 100000),
('INP1808312', '180 X 83 X 12', 'I N P', '', 'Batang', 20, 20, 20, '0000-00-00', 20, 20, 80000, 100000),
('INP180836', '180 X 83 X 6', 'I N P', '', 'Batang', 20, 20, 20, '0000-00-00', 20, 20, 80000, 100000),
('INP200906', '200 X 90 X 6', 'I N P', '', 'Batang', 20, 20, 20, '0000-00-00', 20, 20, 80000, 100000),
('INP2209912', '220 X 99 X 12', 'I N P', '', 'Batang', 20, 20, 20, '0000-00-00', 20, 20, 80000, 100000),
('INP24010612', '240 X 106 X 12', 'I N P', '', 'Batang', 20, 20, 20, '0000-00-00', 20, 20, 80000, 100000),
('INP2601136', '260 X 113 X 6', 'I N P', '', 'Batang', 20, 20, 20, '0000-00-00', 20, 20, 80000, 100000),
('INP30012512', '300 X 125 X 12', 'I N P', '', 'Batang', 20, 20, 20, '0000-00-00', 20, 20, 80000, 100000),
('INP30015010', '300 X 150 X 10', 'I N P', '', 'Batang', 20, 20, 20, '0000-00-00', 20, 20, 80000, 100000),
('INP32013012', '320 X 130 X 12', 'I N P', '', 'Batang', 20, 20, 20, '0000-00-00', 20, 20, 80000, 100000),
('INP4501706', '450 X 170 X 6', 'I N P', '', 'Batang', 20, 20, 20, '0000-00-00', 20, 20, 80000, 100000),
('IPE100556', '100 X 55 X 6', 'I P E', '', 'Batang', 20, 20, 20, '0000-00-00', 20, 20, 80000, 100000),
('IPE1206', '120 X 6', 'I P E', '', 'Batang', 20, 20, 20, '0000-00-00', 20, 20, 80000, 100000),
('IPE130756', '130 X 75 X 6', 'I P E', '', 'Batang', 20, 20, 20, '0000-00-00', 20, 20, 80000, 100000),
('IPE1407012', '140 X 70 X 12', 'I P E', '', 'Batang', 20, 20, 20, '0000-00-00', 20, 20, 80000, 100000),
('IPE140706', '140 X 70 X 6', 'I P E', '', 'Batang', 20, 20, 20, '0000-00-00', 20, 20, 80000, 100000),
('IPE152896', '152 X 89 X 6', 'I P E', '', 'Batang', 20, 20, 20, '0000-00-00', 20, 20, 80000, 100000),
('PB002348KS', '2,2 /2,3 X 4 X 8', 'P-BORDES', 'KS', 'Lembar', 20, 20, 20, '0000-00-00', 20, 20, 80000, 100000),
('PB00248KS', '2 X 4 X 8', 'P-BORDES', 'KS', 'Lembar', 20, 20, 20, '0000-00-00', 20, 20, 80000, 100000),
('PB00248LN', '2 X 4 X 8', 'P-BORDES', 'LN', 'Lembar', 20, 20, 20, '0000-00-00', 20, 20, 80000, 100000),
('PB002548KS', '2,5 X 4 X 8', 'P-BORDES', 'KS', 'Lembar', 20, 20, 20, '0000-00-00', 20, 20, 80000, 100000),
('PB002648KS', '2,6 X 4 X 8', 'P-BORDES', 'KS', 'Lembar', 20, 20, 20, '0000-00-00', 20, 20, 80000, 100000),
('PB002648LN', '2,5 / 2,6 X 4 X 8', 'P-BORDES', 'LN', 'Lembar', 20, 20, 20, '0000-00-00', 20, 20, 80000, 100000),
('PB003248LN', '3,2 X 4 X 8', 'P-BORDES', 'LN', 'Lembar', 20, 20, 20, '0000-00-00', 20, 20, 80000, 100000),
('PB00348KS', '3 X 4 X 8', 'P-BORDES', 'KS', 'Lembar', 20, 20, 20, '0000-00-00', 20, 20, 80000, 100000),
('PB00348LN', '3 X 4 X 8', 'P-BORDES', 'LN', 'Lembar', 20, 20, 20, '0000-00-00', 20, 20, 80000, 100000),
('PB003648KS', '3,6 X 4 X 8', 'P-BORDES', 'KS', 'Lembar', 20, 20, 20, '0000-00-00', 20, 20, 80000, 100000),
('PB003648LN', '3,6 X 4 X 8', 'P-BORDES', 'LN', 'Lembar', 20, 20, 20, '0000-00-00', 20, 20, 80000, 100000),
('PB004248KS', '4,2 / 4,3 X 4 X 8', 'P-BORDES', 'KS', 'Lembar', 20, 20, 20, '0000-00-00', 20, 20, 80000, 100000),
('PB004248LN', '4,2 X 4 X 8', 'P-BORDES', 'LN', 'Lembar', 20, 20, 20, '0000-00-00', 20, 20, 80000, 100000),
('PB004348LN', '4,3-4,5 X 4 X 8', 'P-BORDES', 'LN-TNT', 'Lembar', 20, 20, 20, '0000-00-00', 20, 20, 80000, 100000),
('PB00448KS', '4 X 4 X 8', 'P-BORDES', 'KS', 'Lembar', 20, 20, 20, '0000-00-00', 20, 20, 80000, 100000),
('PB00448LN', '4 X 4 X 8', 'P-BORDES', 'LN', 'Lembar', 20, 20, 20, '0000-00-00', 20, 20, 80000, 100000),
('PB004548GG', '4,5 X 4 X 8', 'P-BORDES', 'GG', 'Lembar', 20, 20, 20, '0000-00-00', 20, 20, 80000, 100000),
('PB004548KS', '4,5 X 4 X 8', 'P-BORDES', 'KS', 'Lembar', 20, 20, 20, '0000-00-00', 20, 20, 80000, 100000),
('PB00548KS', '5 X 4 X 8', 'P-BORDES', 'KS', 'Lembar', 20, 20, 20, '0000-00-00', 20, 20, 80000, 100000),
('PB005548LN', '5,5 X 4 X 8', 'P-BORDES', 'LN', 'Lembar', 20, 20, 20, '0000-00-00', 20, 20, 80000, 100000),
('PB005648LN', '5,8 X 4 X 8', 'P-BORDES', 'LN', 'Lembar', 20, 20, 20, '0000-00-00', 20, 20, 80000, 100000),
('PB005848LN', '5,8 X 4 X 8', 'P-BORDES', 'LN', 'Lembar', 20, 20, 20, '0000-00-00', 20, 20, 80000, 100000),
('PB00648KS', '5,6 / 6 X 4 X 8', 'P-BORDES', 'KS', 'Lembar', 20, 20, 20, '0000-00-00', 20, 20, 80000, 100000),
('PB00648LN', '6 X 4 X 8', 'P-BORDES', 'LN', 'Lembar', 20, 20, 20, '0000-00-00', 20, 20, 80000, 100000),
('PB007548LN', '7,5 X 4 X 8', 'P-BORDES', 'LN', 'Lembar', 20, 20, 20, '0000-00-00', 20, 20, 80000, 100000),
('PB007548SBY', '7,5 X 4 X 8', 'P-BORDES', 'SBY', 'Lembar', 20, 20, 20, '0000-00-00', 20, 20, 80000, 100000),
('PB007948LN', '7,9 X 4 X 8', 'P-BORDES', 'LN-TNT', 'Lembar', 20, 20, 20, '0000-00-00', 20, 20, 80000, 100000),
('PB00848LN', '8 X 4 X 8', 'P-BORDES', 'LN', 'Lembar', 20, 20, 20, '0000-00-00', 20, 20, 80000, 100000),
('PB008948LN', '8,9 X 4 X 8', 'P-BORDES', 'LN-TNT', 'Lembar', 20, 20, 20, '0000-00-00', 20, 20, 80000, 100000),
('PC00181000', '1,8 X 1000  COIL', 'P-COIL', 'KS', 'Roll', 20, 20, 20, '0000-00-00', 20, 20, 80000, 100000),
('PC00231235', '2,3 X 1235 COIL', 'P-COIL', 'KS', 'Roll', 20, 20, 20, '0000-00-00', 20, 20, 80000, 100000),
('PC0024', '2 X 4 COIL', 'P-COIL', '', 'Roll', 20, 20, 20, '0000-00-00', 20, 20, 80000, 100000),
('PC0025', '2,46/2,50 X 1235/50', 'P-COIL', 'KS', 'Roll', 20, 20, 20, '0000-00-00', 20, 20, 80000, 100000),
('PC00281200', '2,8 (2,70/2,75) X 1230/5', 'P-COIL', 'KS', 'Roll', 20, 20, 20, '0000-00-00', 20, 20, 80000, 100000),
('PC00291200', '2,9 X 1200 COIL', 'P-COIL', 'KS', 'Roll', 20, 20, 20, '0000-00-00', 20, 20, 80000, 100000),
('PC00374', '3,7 X 4 COIL', 'P-COIL', '', 'Roll', 20, 20, 20, '0000-00-00', 20, 20, 80000, 100000),
('PC004', '3,96 X 1233', 'P-COIL', 'KS', 'Roll', 20, 20, 20, '0000-00-00', 20, 20, 80000, 100000),
('PCEXCAYAKO', '', 'PLAAT', 'EX.CAYAKO', 'Roll', 20, 20, 20, '0000-00-00', 20, 20, 80000, 100000),
('PH001248LN', '1 / 1,2 X 4 X 8', 'PLAAT HITAM', '', 'Lembar', 20, 20, 20, '0000-00-00', 20, 20, 80000, 100000),
('PH001548', '1,4/1,5/1,6 x4x8', 'PLAAT HITAM', 'LN- 1,5MM', 'Lembar', 20, 20, 20, '0000-00-00', 20, 20, 80000, 100000),
('PH00212001300KS', '2 X 1200 X 1300', 'PLAAT HITAM', 'KS', 'Lembar', 20, 20, 20, '0000-00-00', 20, 20, 80000, 100000),
('PH002348KS', '2,3 X 4 X 8', 'PLAAT HITAM', 'KS', 'Lembar', 20, 20, 20, '0000-00-00', 20, 20, 80000, 100000),
('PH002448KS', '2,4 X 4 X 8', 'PLAAT HITAM', 'KS', 'Lembar', 20, 20, 20, '0000-00-00', 20, 20, 80000, 100000),
('PH00248KS', '2 X 4 X 8', 'PLAAT HITAM', 'KS', 'Lembar', 20, 20, 20, '0000-00-00', 20, 20, 80000, 100000),
('PH00248LN', '1,8 / 2 X 4 X 8', 'PLAAT HITAM', 'LN', 'Lembar', 20, 20, 20, '0000-00-00', 20, 20, 80000, 100000),
('PH0024LDH', '2 X 4 X LDH', 'PLAAT HITAM', 'LIDAH', 'Lembar', 20, 20, 20, '0000-00-00', 20, 20, 80000, 100000),
('PH002548LN', '2,5 X 4 X 8', 'PLAAT HITAM', 'LN', 'Lembar', 20, 20, 20, '0000-00-00', 20, 20, 80000, 100000),
('PH002648KS', '2,6 X 4 X 8', 'PLAAT HITAM', 'KS', 'Lembar', 20, 20, 20, '0000-00-00', 20, 20, 80000, 100000),
('PH002748KS', '2,7 X 4 X 8', 'PLAAT HITAM', 'KS', 'Lembar', 20, 20, 20, '0000-00-00', 20, 20, 80000, 100000),
('PH002848KS', '2,8 X 4 X 8', 'PLAAT HITAM', 'KS', 'Lembar', 20, 20, 20, '0000-00-00', 20, 20, 80000, 100000),
('PH002948KS', '2,9 X 4 X 8', 'PLAAT HITAM', 'KS', 'Lembar', 20, 20, 20, '0000-00-00', 20, 20, 80000, 100000),
('PH002948LNBTI', '2,9 X 4 X 8', 'PLAAT HITAM', 'LN', 'Lembar', 20, 20, 20, '0000-00-00', 20, 20, 80000, 100000),
('PH0031542400KS', '3,15 X 4 X 2400', 'PLAAT HITAM', 'KS', 'Lembar', 20, 20, 20, '0000-00-00', 20, 20, 80000, 100000),
('PH003242400GG', '3,2 X 4 X 2400', 'PLAAT HITAM', 'GG', 'Lembar', 20, 20, 20, '0000-00-00', 20, 20, 80000, 100000),
('PH003248KS', '3,2 X 4 X 8', 'PLAAT HITAM', 'KS', 'Lembar', 20, 20, 20, '0000-00-00', 20, 20, 80000, 100000),
('PH003248LN', '3,2 X 4 X 8', 'PLAAT HITAM', 'LN', 'Lembar', 20, 20, 20, '0000-00-00', 20, 20, 80000, 100000),
('PH00342400GA', '3 X 4 X 2400', 'PLAAT HITAM', 'GG-GRACIA ABD', 'Lembar', 20, 20, 20, '0000-00-00', 20, 20, 80000, 100000),
('PH00348GG', '3 X 4 X 8', 'PLAAT HITAM', 'GG', 'Lembar', 20, 20, 20, '0000-00-00', 20, 20, 80000, 100000),
('PH00348KS', '3 X 4 X 8', 'PLAAT HITAM', 'KS', 'Lembar', 20, 20, 20, '0000-00-00', 20, 20, 80000, 100000),
('PH00348LN', '3 X 4 X 8', 'PLAAT HITAM', 'LN', 'Lembar', 20, 20, 20, '0000-00-00', 20, 20, 80000, 100000),
('PH003548KS', '3,5 X 4 X 8', 'PLAAT HITAM', 'KS', 'Lembar', 20, 20, 20, '0000-00-00', 20, 20, 80000, 100000),
('PH003642400KS', '3,6 X 4 X 2400', 'PLAAT HITAM', 'KS-PAPAJAYA A', 'Lembar', 20, 20, 20, '0000-00-00', 20, 20, 80000, 100000),
('PH003712002400', '3,7 X 1200 X 2400', 'PLAAT HITAM', 'KS', 'Lembar', 20, 20, 20, '0000-00-00', 20, 20, 80000, 100000),
('PH003848KS', '3,8 X 4 X 8', 'PLAAT HITAM', 'KS', 'Lembar', 20, 20, 20, '0000-00-00', 20, 20, 80000, 100000),
('PH003848LN', '3,8 X 4 X 8', 'PLAAT HITAM', 'LN', 'Lembar', 20, 20, 20, '0000-00-00', 20, 20, 80000, 100000),
('PH003848LNBTI', '3,8 X 4 X 8', 'PLAAT HITAM', 'LN', 'Lembar', 20, 20, 20, '0000-00-00', 20, 20, 80000, 100000),
('PH003948KS', '3,9 X 4 X 8', 'PLAAT HITAM', 'KS', 'Lembar', 20, 20, 20, '0000-00-00', 20, 20, 80000, 100000),
('PH004242400KS', '4,2 X 4 X 2400', 'PLAAT HITAM', 'KS-SARANA STEEL', 'Lembar', 20, 20, 20, '0000-00-00', 20, 20, 80000, 100000),
('PH004248KS', '4,2 X 4 X 8', 'PLAAT HITAM', 'KS', 'Lembar', 20, 20, 20, '0000-00-00', 20, 20, 80000, 100000),
('PH004248LN', '4,2 / 4,3 X 4 X 8', 'PLAAT HITAM', 'LN', 'Lembar', 20, 20, 20, '0000-00-00', 20, 20, 80000, 100000),
('PH00448GG', '3,8 /4 X 4 X 8', 'PLAAT HITAM', 'GG', 'Lembar', 20, 20, 20, '0000-00-00', 20, 20, 80000, 100000),
('PH00448KS', '4 X 4 X 8', 'PLAAT HITAM', 'KS', 'Lembar', 20, 20, 20, '0000-00-00', 20, 20, 80000, 100000),
('PH004548KS', '4,5 X 4 X 8', 'PLAAT HITAM', 'KS', 'Lembar', 20, 20, 20, '0000-00-00', 20, 20, 80000, 100000),
('PH004548LN', '4,5 X 4 X 8', 'PLAAT HITAM', 'LN', 'Lembar', 20, 20, 20, '0000-00-00', 20, 20, 80000, 100000),
('PH004712002400KS', '4,7x1200/1210x2400', 'PLAAT HITAM', 'KS', 'Lembar', 20, 20, 20, '0000-00-00', 20, 20, 80000, 100000),
('PH00548GG', '5 X 4 X 8', 'PLAAT HITAM', 'GG', 'Lembar', 20, 20, 20, '0000-00-00', 20, 20, 80000, 100000),
('PH00548KS', '5 X 4 X 8', 'PLAAT HITAM', 'KS', 'Lembar', 20, 20, 20, '0000-00-00', 20, 20, 80000, 100000),
('PH00548LN', '5 X 4 X 8', 'PLAAT HITAM', 'LN', 'Lembar', 20, 20, 20, '0000-00-00', 20, 20, 80000, 100000),
('PH005548KS', '5,5 X 4 X 8', 'PLAAT HITAM', 'KS', 'Lembar', 20, 20, 20, '0000-00-00', 20, 20, 80000, 100000),
('PH005548LN', '5,5 X 4 X 8', 'PLAAT HITAM', 'LN', 'Lembar', 20, 20, 20, '0000-00-00', 20, 20, 80000, 100000),
('PH005712002400KS', '5,7 X 4 X 8', 'PLAAT HITAM', 'KS', 'Lembar', 20, 20, 20, '0000-00-00', 20, 20, 80000, 100000),
('PH005748GG', '5,7 X 4 X 8', 'PLAAT HITAM', 'GG', 'Lembar', 20, 20, 20, '0000-00-00', 20, 20, 80000, 100000),
('PH005748LN', '5,7 X 4 X 8', 'PLAAT HITAM', 'LN', 'Lembar', 20, 20, 20, '0000-00-00', 20, 20, 80000, 100000),
('PH005842400GG', '5,8 X 4 X 2400', 'PLAAT HITAM', 'GG', 'Lembar', 20, 20, 20, '0000-00-00', 20, 20, 80000, 100000),
('PH005848GG', '5,8 X 4 X 8', 'PLAAT HITAM', 'GG', 'Lembar', 20, 20, 20, '0000-00-00', 20, 20, 80000, 100000),
('PH005942400GG', '5,9 X 4 X 2400', 'PLAAT HITAM', 'GG', 'Lembar', 20, 20, 20, '0000-00-00', 20, 20, 80000, 100000),
('PH005948GG', '5,9 X 4 X 8', 'PLAAT HITAM', 'GG', 'Lembar', 20, 20, 20, '0000-00-00', 20, 20, 80000, 100000),
('PH0064858KS', '6 X 4 X 8', 'PLAAT HITAM', 'KS', 'Lembar', 20, 20, 20, '0000-00-00', 20, 20, 80000, 100000),
('PH00648GG', '6 X 4 X 8', 'PLAAT HITAM', 'GG', 'Lembar', 20, 20, 20, '0000-00-00', 20, 20, 80000, 100000),
('PH00648KSFULL', '6 X 4 X 8', 'PLAAT HITAM', 'KS F', 'Lembar', 20, 20, 20, '0000-00-00', 20, 20, 80000, 100000),
('PH00648LN', '6 X 4 X 8', 'PLAAT HITAM', 'LN', 'Lembar', 20, 20, 20, '0000-00-00', 20, 20, 80000, 100000),
('PH006548LN', '6,5 X 4 X 8', 'PLAAT HITAM', 'LN', 'Lembar', 20, 20, 20, '0000-00-00', 20, 20, 80000, 100000),
('PH00711552480GG', '7 X 115.5 X 2480', 'PLAAT HITAM', 'GG', 'Lembar', 20, 20, 20, '0000-00-00', 20, 20, 80000, 100000),
('PH00748GDS', '7 X 4 X 8', 'PLAAT HITAM', 'GDS', 'Lembar', 20, 20, 20, '0000-00-00', 20, 20, 80000, 100000),
('PH00748JPS', '7 X 4 X 8', 'PLAAT HITAM', 'JPS', 'Lembar', 20, 20, 20, '0000-00-00', 20, 20, 80000, 100000),
('PH00748KS', '7 X 4 X 8', 'PLAAT HITAM', 'KS', 'Lembar', 20, 20, 20, '0000-00-00', 20, 20, 80000, 100000),
('PH00756848KS', '7,8 X 4 X 8', 'PLAAT HITAM', 'KS', 'Lembar', 20, 20, 20, '0000-00-00', 20, 20, 80000, 100000),
('PH007848LN', '7,8 X 4 X 8', 'PLAAT HITAM', 'LN', 'Lembar', 20, 20, 20, '0000-00-00', 20, 20, 80000, 100000),
('PH00848GDS', '8 X 4 X 8', 'PLAAT HITAM', 'GDS', 'Lembar', 20, 20, 20, '0000-00-00', 20, 20, 80000, 100000),
('PH00848GG', '7,7 / 8 X 4 X 8', 'PLAAT HITAM', 'GG', 'Lembar', 20, 20, 20, '0000-00-00', 20, 20, 80000, 100000),
('PH00848JPS', '8 X 4 X 8', 'PLAAT HITAM', 'JPS', 'Lembar', 20, 20, 20, '0000-00-00', 20, 20, 80000, 100000),
('PH00848KS', '8 X 4 X 8', 'PLAAT HITAM', 'KS', 'Lembar', 20, 20, 20, '0000-00-00', 20, 20, 80000, 100000),
('PH00848OVAL', '8 X 4 X 8', 'PLAAT HITAM', 'KS-OVAL', 'Lembar', 20, 20, 20, '0000-00-00', 20, 20, 80000, 100000),
('PH00948GDS', '9 X 4 X 8', 'PLAAT HITAM', 'GDS', 'Lembar', 20, 20, 20, '0000-00-00', 20, 20, 80000, 100000),
('PH00948JPS', '9 X 4 X 8', 'PLAAT HITAM', 'JPS', 'Lembar', 20, 20, 20, '0000-00-00', 20, 20, 80000, 100000),
('PH00948KS', '9 X 4 X 8', 'PLAAT HITAM', 'KS', 'Lembar', 20, 20, 20, '0000-00-00', 20, 20, 80000, 100000),
('PH00948LN', '9 X 4 X 8', 'PLAAT HITAM', 'LN', 'Lembar', 20, 20, 20, '0000-00-00', 20, 20, 80000, 100000),
('PH009548', '9,5 X 4 X 8', 'PLAAT HITAM', '', 'Lembar', 20, 20, 20, '0000-00-00', 20, 20, 80000, 100000),
('PH01048GDS', '10 X 4 X 8', 'PLAAT HITAM', 'GDS', 'Lembar', 20, 20, 20, '0000-00-00', 20, 20, 80000, 100000),
('PH01048GG', '10 X 4 X 8', 'PLAAT HITAM', 'GG', 'Lembar', 20, 20, 20, '0000-00-00', 20, 20, 80000, 100000),
('PH01048JPS', '10 X 4 X 8', 'PLAAT HITAM', 'JPS', 'Lembar', 20, 20, 20, '0000-00-00', 20, 20, 80000, 100000),
('PH01048KS', '10 X 4 X 8', 'PLAAT HITAM', 'KS', 'Lembar', 20, 20, 20, '0000-00-00', 20, 20, 80000, 100000),
('PH01048OVAL', '10 X 4 X 8', 'PLAAT HITAM', 'KS-OVAL', 'Lembar', 20, 20, 20, '0000-00-00', 20, 20, 80000, 100000),
('PH011248KS', '11,2 X 4 X 8', 'PLAAT HITAM', 'KS', 'Lembar', 20, 20, 20, '0000-00-00', 20, 20, 80000, 100000),
('PH01148GDS', '11 X 4 X 8', 'PLAAT HITAM', 'GDS', 'Lembar', 20, 20, 20, '0000-00-00', 20, 20, 80000, 100000),
('PH01148GG', '11 X 4 X 8', 'PLAAT HITAM', 'GG', 'Lembar', 20, 20, 20, '0000-00-00', 20, 20, 80000, 100000),
('PH01148JPS', '11 X 4 X 8', 'PLAAT HITAM', 'JPS', 'Lembar', 20, 20, 20, '0000-00-00', 20, 20, 80000, 100000),
('PH011748GG', '11,7 X 4 X 8', 'PLAAT HITAM', 'GG', 'Lembar', 20, 20, 20, '0000-00-00', 20, 20, 80000, 100000),
('PH01248GDS', '12 X 4 X 8', 'PLAAT HITAM', 'GDS', 'Lembar', 20, 20, 20, '0000-00-00', 20, 20, 80000, 100000),
('PH01248JPS', '12 X 4 X 8', 'PLAAT HITAM', 'JPS', 'Lembar', 20, 20, 20, '0000-00-00', 20, 20, 80000, 100000),
('PH01248KS', '12 X 4 X 8', 'PLAAT HITAM', 'KS', 'Lembar', 20, 20, 20, '0000-00-00', 20, 20, 80000, 100000),
('PH01248OVAL', '12 X 4 X 8', 'PLAAT HITAM', 'KS-OVAL', 'Lembar', 20, 20, 20, '0000-00-00', 20, 20, 80000, 100000),
('PH01348GDS', '13 X 4 X 8', 'PLAAT HITAM', 'GDS', 'Lembar', 20, 20, 20, '0000-00-00', 20, 20, 80000, 100000),
('PH01348JPS', '13 X 4 X 8', 'PLAAT HITAM', 'JPS', 'Lembar', 20, 20, 20, '0000-00-00', 20, 20, 80000, 100000),
('PH01348KS', '13 X 4 X 8', 'PLAAT HITAM', 'KS', 'Lembar', 20, 20, 20, '0000-00-00', 20, 20, 80000, 100000),
('PH01448GDS', '14 X 4 X 8', 'PLAAT HITAM', 'GDS', 'Lembar', 20, 20, 20, '0000-00-00', 20, 20, 80000, 100000),
('PH01448JPS', '14 X 4 X 8', 'PLAAT HITAM', 'JPS', 'Lembar', 20, 20, 20, '0000-00-00', 20, 20, 80000, 100000),
('PH01448KS', '14 X 4 X 8', 'PLAAT HITAM', 'KS', 'Lembar', 20, 20, 20, '0000-00-00', 20, 20, 80000, 100000),
('PH01548GDS', '15 X 4 X 8', 'PLAAT HITAM', 'GDS', 'Lembar', 20, 20, 20, '0000-00-00', 20, 20, 80000, 100000),
('PH01548GG', '15 X 4 X 8', 'PLAAT HITAM', 'GG', 'Lembar', 20, 20, 20, '0000-00-00', 20, 20, 80000, 100000),
('PH01548JPS', '15 X 4 X 8', 'PLAAT HITAM', 'JPS', 'Lembar', 20, 20, 20, '0000-00-00', 20, 20, 80000, 100000),
('PH01548OVAL', '15 X 4 X 8', 'PLAAT HITAM', 'KS-OVAL', 'Lembar', 20, 20, 20, '0000-00-00', 20, 20, 80000, 100000),
('PH01648GDS', '16 X 4 X 8', 'PLAAT HITAM', 'GDS', 'Lembar', 20, 20, 20, '0000-00-00', 20, 20, 80000, 100000),
('PH01648JPS', '16 X 4 X 8', 'PLAAT HITAM', 'JPS', 'Lembar', 20, 20, 20, '0000-00-00', 20, 20, 80000, 100000),
('PH01648KS', '16 X 4 X 8', 'PLAAT HITAM', 'KS', 'Lembar', 20, 20, 20, '0000-00-00', 20, 20, 80000, 100000),
('PH01648LN', '16 X 4 X 8', 'PLAAT HITAM', 'LN', 'Lembar', 20, 20, 20, '0000-00-00', 20, 20, 80000, 100000),
('PH01748GDS', '17 X 4 X 8', 'PLAAT HITAM', 'GDS', 'Lembar', 20, 20, 20, '0000-00-00', 20, 20, 80000, 100000),
('PH01748JPS', '17 X 4 X 8', 'PLAAT HITAM', 'JPS', 'Lembar', 20, 20, 20, '0000-00-00', 20, 20, 80000, 100000),
('PH01748SBYGG', '17 X 4 X 8', 'PLAAT HITAM', 'SBY/ GG', 'Lembar', 20, 20, 20, '0000-00-00', 20, 20, 80000, 100000),
('PH01848GDS', '18 X 4 X 8', 'PLAAT HITAM', 'GDS', 'Lembar', 20, 20, 20, '0000-00-00', 20, 20, 80000, 100000),
('PH01848JPS', '18 X 4 X 8', 'PLAAT HITAM', 'JPS', 'Lembar', 20, 20, 20, '0000-00-00', 20, 20, 80000, 100000),
('PH01848KS', '18 X 4 X 8', 'PLAAT HITAM', 'KS', 'Lembar', 20, 20, 20, '0000-00-00', 20, 20, 80000, 100000),
('PH01848TD', '18 X 4 X 8', 'PLAAT HITAM', 'TD', 'Lembar', 20, 20, 20, '0000-00-00', 20, 20, 80000, 100000),
('PH01942400JPS', '19 X 4 X 2400', 'PLAAT HITAM', 'JPS', 'Lembar', 20, 20, 20, '0000-00-00', 20, 20, 80000, 100000),
('PH01948GDS', '19 X 4 X 8', 'PLAAT HITAM', 'GDS', 'Lembar', 20, 20, 20, '0000-00-00', 20, 20, 80000, 100000),
('PH01948GG', '19 X 4 X 8', 'PLAAT HITAM', 'GG', 'Lembar', 20, 20, 20, '0000-00-00', 20, 20, 80000, 100000),
('PH01948JPS', '19 X 4 X 8', 'PLAAT HITAM', 'JPS', 'Lembar', 20, 20, 20, '0000-00-00', 20, 20, 80000, 100000),
('PH01948KS', '19 X 4 X 8', 'PLAAT HITAM', 'KS', 'Lembar', 20, 20, 20, '0000-00-00', 20, 20, 80000, 100000),
('PH02048GDS', '20 X 4 X 8', 'PLAAT HITAM', 'GDS', 'Lembar', 20, 20, 20, '0000-00-00', 20, 20, 80000, 100000),
('PH02048JPS', '20 X 4 X 8', 'PLAAT HITAM', 'JPS', 'Lembar', 20, 20, 20, '0000-00-00', 20, 20, 80000, 100000),
('PH02048KS', '20 X 4 X 8', 'PLAAT HITAM', 'KS', 'Lembar', 20, 20, 20, '0000-00-00', 20, 20, 80000, 100000),
('PH02148GDS', '21 X 4 X 8', 'PLAAT HITAM', 'GDS', 'Lembar', 20, 20, 20, '0000-00-00', 20, 20, 80000, 100000),
('PH02148JPS', '21 X 4 X 8', 'PLAAT HITAM', 'JPS', 'Lembar', 20, 20, 20, '0000-00-00', 20, 20, 80000, 100000),
('PH02248GDS', '22 X 4 X 8', 'PLAAT HITAM', 'GDS', 'Lembar', 20, 20, 20, '0000-00-00', 20, 20, 80000, 100000),
('PH02248JPS', '22 X 4 X 8', 'PLAAT HITAM', 'JPS', 'Lembar', 20, 20, 20, '0000-00-00', 20, 20, 80000, 100000),
('PH02248KS', '22 X 4 X 8', 'PLAAT HITAM', 'KS', 'Lembar', 20, 20, 20, '0000-00-00', 20, 20, 80000, 100000),
('PH02348GDS', '23 X 4 X 8', 'PLAAT HITAM', 'GDS', 'Lembar', 20, 20, 20, '0000-00-00', 20, 20, 80000, 100000),
('PH02348JPS', '23 X 4 X 8', 'PLAAT HITAM', 'JPS', 'Lembar', 20, 20, 20, '0000-00-00', 20, 20, 80000, 100000),
('PH02448GDS', '24 X 4 X 8', 'PLAAT HITAM', 'GDS', 'Lembar', 20, 20, 20, '0000-00-00', 20, 20, 80000, 100000),
('PH02448JPS', '24 X 4 X 8', 'PLAAT HITAM', 'JPS', 'Lembar', 20, 20, 20, '0000-00-00', 20, 20, 80000, 100000),
('PH02548GDS', '25 X 4 X 8', 'PLAAT HITAM', 'GDS', 'Lembar', 20, 20, 20, '0000-00-00', 20, 20, 80000, 100000),
('PH02548JPS', '25 X 4 X 8', 'PLAAT HITAM', 'JPS', 'Lembar', 20, 20, 20, '0000-00-00', 20, 20, 80000, 100000),
('PH02548KS', '25 X 4 X 8', 'PLAAT HITAM', 'KS', 'Lembar', 20, 20, 20, '0000-00-00', 20, 20, 80000, 100000),
('PH02548TDNS', '25 X 4 X 8', 'PLAAT HITAM', 'TDNS', 'Lembar', 20, 20, 20, '0000-00-00', 20, 20, 80000, 100000),
('PH02648GDS', '26 X 4 X 8', 'PLAAT HITAM', 'GDS', 'Lembar', 20, 20, 20, '0000-00-00', 20, 20, 80000, 100000),
('PH02648JPS', '26 X 4 X 8', 'PLAAT HITAM', 'JPS', 'Lembar', 20, 20, 20, '0000-00-00', 20, 20, 80000, 100000),
('PH02648LN', '26 X 4 X 8', 'PLAAT HITAM', 'LN', 'Lembar', 20, 20, 20, '0000-00-00', 20, 20, 80000, 100000),
('PH02648SBY', '26 X 4 X 8', 'PLAAT HITAM', 'SBY', 'Lembar', 20, 20, 20, '0000-00-00', 20, 20, 80000, 100000),
('PH02748JPS', '27 X 4 X 8', 'PLAAT HITAM', 'JPS', 'Lembar', 20, 20, 20, '0000-00-00', 20, 20, 80000, 100000),
('PH02748LN', '28 X 4 X 8', 'PLAAT HITAM', 'LN', 'Lembar', 20, 20, 20, '0000-00-00', 20, 20, 80000, 100000),
('PH02748TD', '27 X 4 X 8', 'PLAAT HITAM', 'TD', 'Lembar', 20, 20, 20, '0000-00-00', 20, 20, 80000, 100000),
('PH02812452435', '28 X 1245 X 2435', 'PLAAT HITAM', 'LN', 'Lembar', 20, 20, 20, '0000-00-00', 20, 20, 80000, 100000),
('PH02848GDS', '28 X 4 X 8', 'PLAAT HITAM', 'GDS', 'Lembar', 20, 20, 20, '0000-00-00', 20, 20, 80000, 100000),
('PH02848GG', '28 X 4 X 8', 'PLAAT HITAM', 'GG', 'Lembar', 20, 20, 20, '0000-00-00', 20, 20, 80000, 100000),
('PH02848JPS', '28 X 4 X 8', 'PLAAT HITAAM', 'JPS', 'Lembar', 20, 20, 20, '0000-00-00', 20, 20, 80000, 100000),
('PH02948GG', '29 X 4 X 8', 'PLAAT HITAM', 'GG', 'Lembar', 20, 20, 20, '0000-00-00', 20, 20, 80000, 100000),
('PH03048GDS', '30 X 4 X 8', 'PLAAT HITAM', 'GDS/RIJEK', 'Lembar', 20, 20, 20, '0000-00-00', 20, 20, 80000, 100000),
('PH03048GG', '30 X 4 X 8', 'PLAAT HITAM', 'GG', 'Lembar', 20, 20, 20, '0000-00-00', 20, 20, 80000, 100000),
('PH03048KS', '30 X 4 X 8', 'PLAAT HITAM', 'KS', 'Lembar', 20, 20, 20, '0000-00-00', 20, 20, 80000, 100000),
('PH03148GDS', '31 X 4 X 8', 'PLAAT HITAM', 'GDS', 'Lembar', 20, 20, 20, '0000-00-00', 20, 20, 80000, 100000),
('PH03148LN', '31 X 4 X 8', 'PLAAT HITAM', '', 'Lembar', 20, 20, 20, '0000-00-00', 20, 20, 80000, 100000),
('PH03248GDS', '32 X 4 X 8', 'PLAAT HITAM', 'GDS', 'Lembar', 20, 20, 20, '0000-00-00', 20, 20, 80000, 100000),
('PH03248GDSTD', '32 X 4 X 8', 'PLAAT HITAM', 'GDSTD', 'Lembar', 20, 20, 20, '0000-00-00', 20, 20, 80000, 100000),
('PH03248GG', '32 X 4 X 8', 'PLAAT HITAM', 'GG', 'Lembar', 20, 20, 20, '0000-00-00', 20, 20, 80000, 100000),
('PH03248KS', '32 X 4 X 8', 'PLAAT HITAM', 'KS', 'Lembar', 20, 20, 20, '0000-00-00', 20, 20, 80000, 100000),
('PH03248LN', '32 X 4 X 8', 'PLAAT HITAM', 'LN', 'Lembar', 20, 20, 20, '0000-00-00', 20, 20, 80000, 100000),
('PH03348KS', '33 X 4 X 8', 'PLAAT HITAM', 'KS', 'Lembar', 20, 20, 20, '0000-00-00', 20, 20, 80000, 100000),
('PH03348NS', '33 X 4 X 8', 'PLAAT HITAM', 'NS', 'Lembar', 20, 20, 20, '0000-00-00', 20, 20, 80000, 100000),
('PH03448GDS', '34 X 4 X 8', 'PLAAT HITAM', 'GDS', 'Lembar', 20, 20, 20, '0000-00-00', 20, 20, 80000, 100000),
('PH03448GG', '34 X 4 X 8', 'PLAAT HITAM', 'GG', 'Lembar', 20, 20, 20, '0000-00-00', 20, 20, 80000, 100000),
('PH03448LN', '34 X 4 X 8', 'PLAAT HITAM', 'LN', 'Lembar', 20, 20, 20, '0000-00-00', 20, 20, 80000, 100000),
('PH03548GDS', '35 X 4 X 8', 'PLAAT HITAM', 'GDS', 'Lembar', 20, 20, 20, '0000-00-00', 20, 20, 80000, 100000),
('PH03548KS', '35 X 4 X 8', 'PLAAT HITAM', 'KS', 'Lembar', 20, 20, 20, '0000-00-00', 20, 20, 80000, 100000),
('PH03648GDS', '36 X 4 X 8', 'PLAAT HITAM', 'GDS', 'Lembar', 20, 20, 20, '0000-00-00', 20, 20, 80000, 100000),
('PH03748SBY', '37 X 4 X 8', 'PLAAT HITAM', 'SBY', 'Lembar', 20, 20, 20, '0000-00-00', 20, 20, 80000, 100000),
('PH03848KS', '38 X 4 X 8', 'PLAAT HITAM', 'KS', 'Lembar', 20, 20, 20, '0000-00-00', 20, 20, 80000, 100000),
('PH03848LN', '38 X 4 X 8', 'PLAAT HITAM', 'LN', 'Lembar', 20, 20, 20, '0000-00-00', 20, 20, 80000, 100000),
('PH03848SBYGDS', '38 X 4 X 8', 'PLAAT HITAM', 'SBY/GDS', 'Lembar', 20, 20, 20, '0000-00-00', 20, 20, 80000, 100000),
('PH03948GDS', '39 X 4 X 8', 'PLAAT HITAM', 'GDS', 'Lembar', 20, 20, 20, '0000-00-00', 20, 20, 80000, 100000),
('PH04048GDS', '40 X 4 X 8', 'PLAAT HITAM', 'GDS', 'Lembar', 20, 20, 20, '0000-00-00', 20, 20, 80000, 100000),
('PH04048GDSTD', '40 X 4 X 8', 'PLAAT HITAM', 'GDS-TD', 'Lembar', 20, 20, 20, '0000-00-00', 20, 20, 80000, 100000),
('PH04048KS', '40 X 4 X 8', 'PLAAT HITAM', 'KS', 'Lembar', 20, 20, 20, '0000-00-00', 20, 20, 80000, 100000),
('PH04248GDS', '42 X 4 X 8', 'PLAAT HITAM', 'GDS', 'Lembar', 20, 20, 20, '0000-00-00', 20, 20, 80000, 100000),
('PH04348GDS', '43 X 4 X 8', 'PLAAT HITAM', 'GDS', 'Lembar', 20, 20, 20, '0000-00-00', 20, 20, 80000, 100000),
('PH04448GDS', '44 X 4 X 8', 'PLAAT HITAM', 'GDS', 'Lembar', 20, 20, 20, '0000-00-00', 20, 20, 80000, 100000),
('PH04448LN', '44 X 4 X 8', 'PLAAT HITAM', 'LN', 'Lembar', 20, 20, 20, '0000-00-00', 20, 20, 80000, 100000),
('PH04548GDS', '45 X 4 X 8', 'PLAAT HITAM', 'GDS', 'Lembar', 20, 20, 20, '0000-00-00', 20, 20, 80000, 100000),
('PH04548GG', '45 X 4 X 8', 'PLAAT HITAM', 'GG', 'Lembar', 20, 20, 20, '0000-00-00', 20, 20, 80000, 100000),
('PH04548KS', '45 X 4 X 8', 'PLAAT HITAM', 'KS', 'Lembar', 20, 20, 20, '0000-00-00', 20, 20, 80000, 100000),
('PH04548LN', '45 X 4 X 8', 'PLAAT HITAM', 'LN-RIJEK', 'Lembar', 20, 20, 20, '0000-00-00', 20, 20, 80000, 100000),
('PH04648', '46 X 4 X 8', 'PLAAT HITAM', '', 'Lembar', 20, 20, 20, '0000-00-00', 20, 20, 80000, 100000),
('PH04748KS', '47 X 4 X 8', 'PLAAT HITAM', 'KS', 'Lembar', 20, 20, 20, '0000-00-00', 20, 20, 80000, 100000),
('PH04848KS', '48 X 4 X 8', 'PLAAT HITAM', 'KS', 'Lembar', 20, 20, 20, '0000-00-00', 20, 20, 80000, 100000),
('PH04948GDS', '49 X 4 X 8', 'PLAAT HITAM', 'GDS', 'Lembar', 20, 20, 20, '0000-00-00', 20, 20, 80000, 100000),
('PH04948KS', '49 X 4 X 8', 'PLAAT HITAM', 'KS', 'Lembar', 20, 20, 20, '0000-00-00', 20, 20, 80000, 100000),
('PH05048GDS', '50 X 4 X 8', 'PLAAT HITAM', 'GDS', 'Lembar', 20, 20, 20, '0000-00-00', 20, 20, 80000, 100000),
('PH05048GG', '50 X 4 X 8', 'PLAAT HITAM', 'GG', 'Lembar', 20, 20, 20, '0000-00-00', 20, 20, 80000, 100000),
('PH05048KS', '50 X 4 X 8', 'PLAAT HITAM', 'KS', 'Lembar', 20, 20, 20, '0000-00-00', 20, 20, 80000, 100000),
('PH05048LN', '50 X 4 X 8', 'PLAAT HITAM', 'LN', 'Lembar', 20, 20, 20, '0000-00-00', 20, 20, 80000, 100000),
('PH05048SBY', '50 X 4 X 8  GDS', 'PLAAT HITAM', 'SISA GELOMBANG', 'Lembar', 20, 20, 20, '0000-00-00', 20, 20, 80000, 100000),
('PH05148KS', '51 X 4 X 8', 'PLAAT HITAM', 'KS', 'Lembar', 20, 20, 20, '0000-00-00', 20, 20, 80000, 100000),
('PH05248KS', '52 X 1320 X 8', 'PLAAT HITAM', 'KS', 'Lembar', 20, 20, 20, '0000-00-00', 20, 20, 80000, 100000),
('PH05248SBY', '52 X 4 X 8', 'PLAAT HITAM', 'SBY', 'Lembar', 20, 20, 20, '0000-00-00', 20, 20, 80000, 100000),
('PH05348GDS', '53 X 4 X 8', 'PLAAT HITAM', 'GDS(MELENGKUNG)', 'Lembar', 20, 20, 20, '0000-00-00', 20, 20, 80000, 100000),
('PH05548GDS', '55 X 4 X 8', 'PLAAT HITAM', 'GDS', 'Lembar', 20, 20, 20, '0000-00-00', 20, 20, 80000, 100000),
('PH05648GDS', '56 X 4 X 8', 'PLAAT HITAM', 'GDS', 'Lembar', 20, 20, 20, '0000-00-00', 20, 20, 80000, 100000),
('PH05648LN', '56 X 4 X 8', 'PLAAT HITAM', 'LN', 'Lembar', 20, 20, 20, '0000-00-00', 20, 20, 80000, 100000),
('PH05748GDS', '57 X 4 X 8', 'PLAAT HITAM', 'GDS', 'Lembar', 20, 20, 20, '0000-00-00', 20, 20, 80000, 100000),
('PH06048GDS', '60 X 4 X 8', 'PLAAT HITAM', 'GDS', 'Lembar', 20, 20, 20, '0000-00-00', 20, 20, 80000, 100000),
('PH06048KS', '60 X 4 X 8', 'PLAAT HITAM', 'KS', 'Lembar', 20, 20, 20, '0000-00-00', 20, 20, 80000, 100000),
('PH06048LN', '60 X 4 X 8', 'PLAAT HITAM', 'LN', 'Lembar', 20, 20, 20, '0000-00-00', 20, 20, 80000, 100000),
('PH06148GDS', '61 X 4 X 8', 'PLAAT HITAM', 'GDS', 'Lembar', 20, 20, 20, '0000-00-00', 20, 20, 80000, 100000),
('PH06348GDS', '63 X 4 X 8', 'PLAAT HITAM', 'GDS', 'Lembar', 20, 20, 20, '0000-00-00', 20, 20, 80000, 100000),
('PH06448GDS', '64 X 4 X 8', 'PLAAT HITAM', 'GDS', 'Lembar', 20, 20, 20, '0000-00-00', 20, 20, 80000, 100000),
('PH06548GDS', '65 X 4 X 8', 'PLAAT HITAM', 'GDS', 'Lembar', 20, 20, 20, '0000-00-00', 20, 20, 80000, 100000),
('PH06548KS', '65 X 4 X 8', 'PLAAT HITAM', 'KS', 'Lembar', 20, 20, 20, '0000-00-00', 20, 20, 80000, 100000),
('PH06748GDS', '67 X 4 X 8', 'PLAAT HITAM', 'GDS', 'Lembar', 20, 20, 20, '0000-00-00', 20, 20, 80000, 100000),
('PH07048GDS', '70 X 4 X 8', 'PLAAT HITAM', 'GDS', 'Lembar', 20, 20, 20, '0000-00-00', 20, 20, 80000, 100000),
('PH07048KS', '70 X 4 X 8', 'PLAAT HITAM', 'KS', 'Lembar', 20, 20, 20, '0000-00-00', 20, 20, 80000, 100000),
('PH07248GDS', '72 X 4 X 8', 'PLAAT HITAM', 'GDS', 'Lembar', 20, 20, 20, '0000-00-00', 20, 20, 80000, 100000),
('PH07248KS', '72 X 4 X 8', 'PLAAT HITAM', 'KS', 'Lembar', 20, 20, 20, '0000-00-00', 20, 20, 80000, 100000),
('PH07348KS', '73 X 4 X 8', 'PLAAT HITAM', 'KS', 'Lembar', 20, 20, 20, '0000-00-00', 20, 20, 80000, 100000),
('PH07448GDS', '74 X 4 X 8', 'PLAAT HITAM', 'GDS', 'Lembar', 20, 20, 20, '0000-00-00', 20, 20, 80000, 100000),
('PH07548GDS', '75 X 4 X 8', 'PLAAT HITAM', 'GDS', 'Lembar', 20, 20, 20, '0000-00-00', 20, 20, 80000, 100000),
('PH07548KS', '75 X 4 X 8', 'PLAAT HITAM', 'KS', 'Lembar', 20, 20, 20, '0000-00-00', 20, 20, 80000, 100000),
('PH07648GDS', '76 X 4 X 8', 'PLAAT HITAM', 'GDS', 'Lembar', 20, 20, 20, '0000-00-00', 20, 20, 80000, 100000),
('PH07648KS', '76 X 4 X 8', 'PLAAT HITAM', 'KS', 'Lembar', 20, 20, 20, '0000-00-00', 20, 20, 80000, 100000),
('PH08048GDS', '80 X 4 X 8', 'PLAAT HITAM', 'GDS', 'Lembar', 20, 20, 20, '0000-00-00', 20, 20, 80000, 100000),
('PH08048KS', '80 X 4 X 8', 'PLAAT HITAM', 'KS', 'Lembar', 20, 20, 20, '0000-00-00', 20, 20, 80000, 100000),
('PH08548', '85 X 4 X 8', 'PLAAT HITAM', '', 'Lembar', 20, 20, 20, '0000-00-00', 20, 20, 80000, 100000),
('PH08548GDS', '85 X 4 X 8', 'PLAAT HITAM', 'GDS', 'Lembar', 20, 20, 20, '0000-00-00', 20, 20, 80000, 100000),
('PH08548KS', '85 X 4 X 8', 'PLAAT HITAM', 'KS', 'Lembar', 20, 20, 20, '0000-00-00', 20, 20, 80000, 100000),
('PH08848KS', '88 X 4 X 8', 'PLAAT HITAM', 'KS', 'Lembar', 20, 20, 20, '0000-00-00', 20, 20, 80000, 100000),
('PH08948GDS', '89 X 4 X 8', 'PLAAT HITAM', 'GDS', 'Lembar', 20, 20, 20, '0000-00-00', 20, 20, 80000, 100000),
('PH09048GDS', '90 X 4 X 8', 'PLAAT HITAM', 'GDS', 'Lembar', 20, 20, 20, '0000-00-00', 20, 20, 80000, 100000),
('PH09048KS', '90 X 4 X 8', 'PLAAT HITAM', 'KS', 'Lembar', 20, 20, 20, '0000-00-00', 20, 20, 80000, 100000),
('PH09348GDS', '93 X 4 X 8', 'PLAAT HITAM', 'GDS', 'Lembar', 20, 20, 20, '0000-00-00', 20, 20, 80000, 100000),
('PH10048GDS', '100 X 4 X 8', 'PLAAT HITAM', 'GDS', 'Lembar', 20, 20, 20, '0000-00-00', 20, 20, 80000, 100000),
('PH10048GG', '100 X 4 X 8', 'PLAAT HITAM', 'GG', 'Lembar', 20, 20, 20, '0000-00-00', 20, 20, 80000, 100000),
('PH11048GDS', '110 X 4 X 8', 'PLAAT HITAM', 'GDS', 'Lembar', 20, 20, 20, '0000-00-00', 20, 20, 80000, 100000),
('PH11548KS', '115 X 4 X 8', 'PLAAT HITAM', 'KS', 'Lembar', 20, 20, 20, '0000-00-00', 20, 20, 80000, 100000),
('PH15548KS', '155 X 4 X 8', 'PLAAT HITAM', 'KS', 'Lembar', 20, 20, 20, '0000-00-00', 20, 20, 80000, 100000),
('PK0036620LN', '3,6 X 6 X 20', 'PLAAT KAPAL', 'LN', 'Lembar', 20, 20, 20, '0000-00-00', 20, 20, 80000, 100000),
('PK004155060006100LN', '4x1550x6000/6100', 'PLAAT KAPAL', 'LN', 'Lembar', 20, 20, 20, '0000-00-00', 20, 20, 80000, 100000),
('PK00423520KS', '4,2-4,3 X 5 X 20', 'PLAAT KAPAL', 'KS', 'Lembar', 20, 20, 20, '0000-00-00', 20, 20, 80000, 100000),
('PK004520KS', '4 X 5 X 20', 'PLAAT KAPAL', 'KS', 'Lembar', 20, 20, 20, '0000-00-00', 20, 20, 80000, 100000),
('PK004520LNTD', '3,6 / 4 X 5 X 20', 'PLAAT KAPAL', 'LN TD', 'Lembar', 20, 20, 20, '0000-00-00', 20, 20, 80000, 100000),
('PK0045520KS', '4,4 / 4,5 X 5 X 20', 'PLAAT KAPAL', 'KS', 'Lembar', 20, 20, 20, '0000-00-00', 20, 20, 80000, 100000),
('PK0045520LN', '4,5/4,8 X 5 X 20', 'PLAAT KAPAL', 'LN', 'Lembar', 20, 20, 20, '0000-00-00', 20, 20, 80000, 100000),
('PK004556000GG', '4,5 X 5 X 6000', 'PLAAT KAPAL', 'GG', 'Lembar', 20, 20, 20, '0000-00-00', 20, 20, 80000, 100000),
('PK0045620LN', '4,5 X 6 X 20', 'PLAAT KAPAL', 'LN', 'Lembar', 20, 20, 20, '0000-00-00', 20, 20, 80000, 100000),
('PK005520KS', '4,8 / 5 X 5 X 20', 'PLAAT KAPAL', 'KS', 'Lembar', 20, 20, 20, '0000-00-00', 20, 20, 80000, 100000),
('PK00556000GG', '5 X 5 X 6000', 'PLAAT KAPAL', 'GG', 'Lembar', 20, 20, 20, '0000-00-00', 20, 20, 80000, 100000),
('PK005620KS', '5 X 6 X 20', 'PLAAT KAPAL', 'KS', 'Lembar', 20, 20, 20, '0000-00-00', 20, 20, 80000, 100000),
('PK005620LN', '5 X 6 X 20', 'PLAAT KAPAL', 'LN', 'Lembar', 20, 20, 20, '0000-00-00', 20, 20, 80000, 100000),
('PK0057520GG', '5,7 X 5 X 20', 'PLAAT KAPAL', 'GG', 'Lembar', 20, 20, 20, '0000-00-00', 20, 20, 80000, 100000),
('PK0057520TD', '5,7x5x20 / 5,7x1515x6000', 'PLAAT KAPAL', 'TD / LN', 'Lembar', 20, 20, 20, '0000-00-00', 20, 20, 80000, 100000),
('PK0057620KS', '5,7/ 6 X 6 X 20', 'PLAAT KAPAL', 'KS', 'Lembar', 20, 20, 20, '0000-00-00', 20, 20, 80000, 100000),
('PK0058520GG', '5,8 X 5 X 20', 'PLAAT KAPAL', 'GG', 'Lembar', 20, 20, 20, '0000-00-00', 20, 20, 80000, 100000),
('PK0058520KS', '5,7/ 5,8/ 6 X 5 X 20', 'PLAAT KAPAL', 'KS', 'Lembar', 20, 20, 20, '0000-00-00', 20, 20, 80000, 100000),
('PK0058520LNTNT', '5,8 X 5 X 20', 'PLAAT KAPAL', 'LN TNT', 'Lembar', 20, 20, 20, '0000-00-00', 20, 20, 80000, 100000),
('PK0058620KS', '5,8 X 6 X 20', 'PLAAT KAPAL', 'KS', 'Lembar', 20, 20, 20, '0000-00-00', 20, 20, 80000, 100000),
('PK006520BTI', '6 X 5 X 20', 'PLAAT KAPAL', 'BTI', 'Lembar', 20, 20, 20, '0000-00-00', 20, 20, 80000, 100000),
('PK006520GG', '6 X 5 X 20', 'PLAAT KAPAL', 'GG', 'Lembar', 20, 20, 20, '0000-00-00', 20, 20, 80000, 100000),
('PK006520KS', '6 X 5 X 20', 'PLAAT KAPAL', 'KS', 'Lembar', 20, 20, 20, '0000-00-00', 20, 20, 80000, 100000),
('PK006520LN', '6 X 5 X 20', 'PLAAT KAPAL', 'LN', 'Lembar', 20, 20, 20, '0000-00-00', 20, 20, 80000, 100000),
('PK00656000GG', '6 X 5 X 6000', 'PLAAT KAPAL', 'GG', 'Lembar', 20, 20, 20, '0000-00-00', 20, 20, 80000, 100000),
('PK006620KIAKS', '6 X 6 X 20', 'PLAAT KAPAL', 'KIAKS', 'Lembar', 20, 20, 20, '0000-00-00', 20, 20, 80000, 100000),
('PK006620KS', '6 X 6 X 20', 'PLAAT KAPAL', 'KS', 'Lembar', 20, 20, 20, '0000-00-00', 20, 20, 80000, 100000),
('PK006620LN', '6 X 6 X 20', 'PLAAT KAPAL', 'LN', 'Lembar', 20, 20, 20, '0000-00-00', 20, 20, 80000, 100000),
('PK007520GDS', '7 X 5 X 20', 'PLAAT KAPAL', 'GDS', 'Lembar', 20, 20, 20, '0000-00-00', 20, 20, 80000, 100000),
('PK007520JPS', '7 X 5 X 20', 'PLAAT KAPAL', 'JPS', 'Lembar', 20, 20, 20, '0000-00-00', 20, 20, 80000, 100000),
('PK007620GDS', '7 X 6 X 20', 'PLAAT KAPAL', 'GDS', 'Lembar', 20, 20, 20, '0000-00-00', 20, 20, 80000, 100000),
('PK0077520GG', '7,7 X 5 X 20', 'PLAAT KAPAL', 'GG-MANUNGGAL', 'Lembar', 20, 20, 20, '0000-00-00', 20, 20, 80000, 100000),
('PK0077520LNTNT', '7,7 X 5 X 20', 'PLAAT KAPAL', 'LN TNT', 'Lembar', 20, 20, 20, '0000-00-00', 20, 20, 80000, 100000),
('PK0077620KS', '7,8 X 6 X 20', 'PLAAT KAPAL', 'KS', 'Lembar', 20, 20, 20, '0000-00-00', 20, 20, 80000, 100000),
('PK00820007860GDS', '8 X 2000 X 7860', 'PLAAT KAPAL', 'GDS', 'Lembar', 20, 20, 20, '0000-00-00', 20, 20, 80000, 100000),
('PK008520GDS', '8 X 5 X 20', 'PLAAT KAPAL', 'GDS', 'Lembar', 20, 20, 20, '0000-00-00', 20, 20, 80000, 100000),
('PK008520JPS', '8 X 5 X 20', 'PLAAT KAPAL', 'JPS', 'Lembar', 20, 20, 20, '0000-00-00', 20, 20, 80000, 100000),
('PK008520KS', '7,8/ 8 X 5 X 20', 'PLAAT KAPAL', 'KS', 'Lembar', 20, 20, 20, '0000-00-00', 20, 20, 80000, 100000),
('PK008520TD', '8 X 5 X 20', 'PLAAT KAPAL', 'TD', 'Lembar', 20, 20, 20, '0000-00-00', 20, 20, 80000, 100000),
('PK008620BKIA', '8 X 6 X 20', 'PLAAT KAPAL', 'BKI-A', 'Lembar', 20, 20, 20, '0000-00-00', 20, 20, 80000, 100000),
('PK008620GS', '8 X 6 X 20', 'PLAAT KAPAL', 'GDS', 'Lembar', 20, 20, 20, '0000-00-00', 20, 20, 80000, 100000),
('PK008620KIAKS', '8 X 6 X 20', 'PLAAT KAPAL', 'KIAKS', 'Lembar', 20, 20, 20, '0000-00-00', 20, 20, 80000, 100000),
('PK008620KS', '8 X 6 X 20', 'PLAAT KAPAL', 'KS', 'Lembar', 20, 20, 20, '0000-00-00', 20, 20, 80000, 100000),
('PK008620LN', '8 X 6 X 20', 'PLAAT KAPAL', 'LN', 'Lembar', 20, 20, 20, '0000-00-00', 20, 20, 80000, 100000),
('PK0087520KS', '8,7 X 5 X 20', 'PLAAT KAPAL', 'KS', 'Lembar', 20, 20, 20, '0000-00-00', 20, 20, 80000, 100000),
('PK009520GDS', '9 X 5 X 20', 'PLAAT KAPAL', 'GDS-SS 400', 'Lembar', 20, 20, 20, '0000-00-00', 20, 20, 80000, 100000),
('PK009520JPS', '9 X 5 X 20', 'PLAAT KAPAL', 'JPS', 'Lembar', 20, 20, 20, '0000-00-00', 20, 20, 80000, 100000),
('PK009520KS', '9 X 5 X 20', 'PLAAT KAPAL', 'KS', 'Lembar', 20, 20, 20, '0000-00-00', 20, 20, 80000, 100000),
('PK009620GDS', '9 X 6 X 20', 'PLAAT KAPAL', 'GDS', 'Lembar', 20, 20, 20, '0000-00-00', 20, 20, 80000, 100000),
('PK009620GG', '9 X 6 X 20', 'PLAAT KAPAL', 'GG', 'Lembar', 20, 20, 20, '0000-00-00', 20, 20, 80000, 100000),
('PK009620KS', '9 X 6 X 20', 'PLAAT KAPAL', 'KS', 'Lembar', 20, 20, 20, '0000-00-00', 20, 20, 80000, 100000),
('PK0097520LNTNT', '9,7 X 5 X 20', 'PLAAT KAPAL', 'LN TNT', 'Lembar', 20, 20, 20, '0000-00-00', 20, 20, 80000, 100000),
('PK0098520KS', '9,8 X 5 X 20', 'PLAAT KAPAL', 'KS', 'Lembar', 20, 20, 20, '0000-00-00', 20, 20, 80000, 100000),
('PK01015006000JPS', '10 X 1500 X 6000', 'PLAAT KAPAL', 'JPS', 'Lembar', 20, 20, 20, '0000-00-00', 20, 20, 80000, 100000),
('PK010520BKI', '10 X 5 X 20', 'PLAAT KAPAL', 'BKI-A', 'Lembar', 20, 20, 20, '0000-00-00', 20, 20, 80000, 100000),
('PK010520GDS', '10 X 5 X 20', 'PLAAT KAPAL', 'GDS', 'Lembar', 20, 20, 20, '0000-00-00', 20, 20, 80000, 100000),
('PK010520JPS', '10 X 5 X 20', 'PLAAT KAPAL', 'JPS', 'Lembar', 20, 20, 20, '0000-00-00', 20, 20, 80000, 100000),
('PK010520KS', '10 X 5 X 20', 'PLAAT KAPAL', 'KS', 'Lembar', 20, 20, 20, '0000-00-00', 20, 20, 80000, 100000),
('PK010520LN', '10 X 5 X 20', 'PLAAT KAPAL', 'LNBMKU', 'Lembar', 20, 20, 20, '0000-00-00', 20, 20, 80000, 100000),
('PK010520TD', '10 X 5 X 20', 'PLAAT KAPAL', 'TD', 'Lembar', 20, 20, 20, '0000-00-00', 20, 20, 80000, 100000),
('PK010620BKIA', '10 X 6 X 20', 'PLAAT KAPAL', 'BKI-A', 'Lembar', 20, 20, 20, '0000-00-00', 20, 20, 80000, 100000),
('PK010620GD', '10 X 6 X 20', 'PLAAT KAPAL', 'GDS', 'Lembar', 20, 20, 20, '0000-00-00', 20, 20, 80000, 100000),
('PK010620GDSRIJEK', '10 X 6 X 20', 'PLAAT KAPAL', 'GDS-RIJEK', 'Lembar', 20, 20, 20, '0000-00-00', 20, 20, 80000, 100000),
('PK010620GG', '10 X 6 X 20', 'PLAAT KAPAL', 'GG', 'Lembar', 20, 20, 20, '0000-00-00', 20, 20, 80000, 100000),
('PK010620KS', '10 (9,8) X 6 X 20', 'PLAAT KAPAL', 'KS', 'Lembar', 20, 20, 20, '0000-00-00', 20, 20, 80000, 100000),
('PK010620LN', '10 X 6 X 20', 'PLAAT KAPAL', 'LN', 'Lembar', 20, 20, 20, '0000-00-00', 20, 20, 80000, 100000),
('PK011520GDS', '11 X 5 X 20', 'PLAAT KAPAL', 'GDS', 'Lembar', 20, 20, 20, '0000-00-00', 20, 20, 80000, 100000),
('PK011520JPS', '11 X 5 X 20', 'PLAAT KAPAL', 'JPS', 'Lembar', 20, 20, 20, '0000-00-00', 20, 20, 80000, 100000),
('PK011520TD', '11 X 5 X 20', 'PLAAT KAPAL', 'TD', 'Lembar', 20, 20, 20, '0000-00-00', 20, 20, 80000, 100000);
INSERT INTO `barang` (`Kode`, `Ukuran`, `Nama`, `Nama2`, `Satuan1`, `Qty1`, `QtyOp`, `QtyGudang`, `Tgl_Saw`, `Saw`, `SawGudang`, `Harga_Beli`, `Harga_Jual`) VALUES
('PK0115620KS', '11,5 X 6 X 20', 'PLAAT KAPAL', 'KS', 'Lembar', 20, 20, 20, '0000-00-00', 20, 20, 80000, 100000),
('PK011620GDS', '11 X 6 X 20', 'PLAAT KAPAL', 'GDS', 'Lembar', 20, 20, 20, '0000-00-00', 20, 20, 80000, 100000),
('PK012520GDS', '12 X 5 X 20', 'PLAAT KAPAL', 'GDS', 'Lembar', 20, 20, 20, '0000-00-00', 20, 20, 80000, 100000),
('PK012520JPS', '12 X 5 X 20', 'PLAAT KAPAL', 'JPS', 'Lembar', 20, 20, 20, '0000-00-00', 20, 20, 80000, 100000),
('PK012520KS', '12 X 5 X 20', 'PLAAT KAPAL', 'KS', 'Lembar', 20, 20, 20, '0000-00-00', 20, 20, 80000, 100000),
('PK01256000', '12 X 5 X 6000', 'PLAAT KAPAL', 'TD', 'Lembar', 20, 20, 20, '0000-00-00', 20, 20, 80000, 100000),
('PK012620GDS', '12 X 6 X 20', 'PLAAT KAPAL', 'GDS', 'Lembar', 20, 20, 20, '0000-00-00', 20, 20, 80000, 100000),
('PK012620GG', '12 X 6 X 20', 'PLAAT KAPAL', 'GG', 'Lembar', 20, 20, 20, '0000-00-00', 20, 20, 80000, 100000),
('PK012620KS', '12 X 6 X 20', 'PLAAT KAPAL', 'KS', 'Lembar', 20, 20, 20, '0000-00-00', 20, 20, 80000, 100000),
('PK012620LN', '12 X 6 X 20', 'PLAAT KAPAL', 'LN', 'Lembar', 20, 20, 20, '0000-00-00', 20, 20, 80000, 100000),
('PK013520JPS', '13 X 5 X 20', 'PLAAT KAPAL', 'JPS', 'Lembar', 20, 20, 20, '0000-00-00', 20, 20, 80000, 100000),
('PK013520JPSTD', '13 X 5 X 20', 'PLAAT KAPAL', 'JPS-EX SAPTA', 'Lembar', 20, 20, 20, '0000-00-00', 20, 20, 80000, 100000),
('PK013520TD', '13 X 5 X 20', 'PLAAT KAPAL', 'TD', 'Lembar', 20, 20, 20, '0000-00-00', 20, 20, 80000, 100000),
('PK013620GDS', '13 X 6 X 20', 'PLAAT KAPAL', 'GDS', 'Lembar', 20, 20, 20, '0000-00-00', 20, 20, 80000, 100000),
('PK014520GDS', '14 X 5 X 20', 'PLAAT KAPAL', 'GDS', 'Lembar', 20, 20, 20, '0000-00-00', 20, 20, 80000, 100000),
('PK014520JPS', '14 X 5 X 20', 'PLAAT KAPAL', 'JPS', 'Lembar', 20, 20, 20, '0000-00-00', 20, 20, 80000, 100000),
('PK014620GDS', '14 X 6 X 20', 'PLAAT KAPAL', 'GDS', 'Lembar', 20, 20, 20, '0000-00-00', 20, 20, 80000, 100000),
('PK014620GG', '14 X 6 X 20', 'PLAAT KAPAL', 'GG', 'Lembar', 20, 20, 20, '0000-00-00', 20, 20, 80000, 100000),
('PK014620KS', '14 X 6 X 20', 'PLAAT KAPAL', 'KS', 'Lembar', 20, 20, 20, '0000-00-00', 20, 20, 80000, 100000),
('PK015520GDS', '15 X 5 X 20', 'PLAAT KAPAL', 'GDS', 'Lembar', 20, 20, 20, '0000-00-00', 20, 20, 80000, 100000),
('PK015520JPS', '15 X 5 X 20', 'PLAAT KAPAL', 'JPS', 'Lembar', 20, 20, 20, '0000-00-00', 20, 20, 80000, 100000),
('PK015520LN', '15 X 5 X 20', 'PLAAT KAPAL', 'LN', 'Lembar', 20, 20, 20, '0000-00-00', 20, 20, 80000, 100000),
('PK015620', '15 X 6 X 20', 'PLAAT KAPAL', 'GG', 'Lembar', 20, 20, 20, '0000-00-00', 20, 20, 80000, 100000),
('PK015620GDS', '15 X 6 X 20', 'PLAAT KAPAL', 'GDS', 'Lembar', 20, 20, 20, '0000-00-00', 20, 20, 80000, 100000),
('PK015620LN', '15 X 6 X 20', 'PLAAT KAPAL', 'LN', 'Lembar', 20, 20, 20, '0000-00-00', 20, 20, 80000, 100000),
('PK016520GDS', '16x5x20 /2Lbr PENYOK', 'PLAAT KAPAL', 'GDS', 'Lembar', 20, 20, 20, '0000-00-00', 20, 20, 80000, 100000),
('PK016520JPS', '16 X 5 X 20', 'PLAAT KAPAL', 'JPS', 'Lembar', 20, 20, 20, '0000-00-00', 20, 20, 80000, 100000),
('PK016520KS', '16 X 5 X 20', 'PLAAT KAPAL', 'KS', 'Lembar', 20, 20, 20, '0000-00-00', 20, 20, 80000, 100000),
('PK016620GDS', '16 X 6 X 20', 'PLAAT KAPAL', 'GDS', 'Lembar', 20, 20, 20, '0000-00-00', 20, 20, 80000, 100000),
('PK016620LN', '16 X 6 X 20', 'PLAAT KAPAL', 'LN', 'Lembar', 20, 20, 20, '0000-00-00', 20, 20, 80000, 100000),
('PK017520SBY', '17 X 5 X 20', 'PLAAT KAPAL', 'SBY', 'Lembar', 20, 20, 20, '0000-00-00', 20, 20, 80000, 100000),
('PK01756000JPS', '17 X 5 X 6000', 'PLAAT KAPAL', 'JPS', 'Lembar', 20, 20, 20, '0000-00-00', 20, 20, 80000, 100000),
('PK017620GDS', '17 X 6 X 20', 'PLAAT KAPAL', 'GDS', 'Lembar', 20, 20, 20, '0000-00-00', 20, 20, 80000, 100000),
('PK018520SBY', '18 X 5 X 20', 'PLAAT KAPAL', 'JPS', 'Lembar', 20, 20, 20, '0000-00-00', 20, 20, 80000, 100000),
('PK018620GDS', '18 X 6 X 20', 'PLAAT KAPAL', 'GDS', 'Lembar', 20, 20, 20, '0000-00-00', 20, 20, 80000, 100000),
('PK019520GDS', '19 X 5 X 20', 'PLAAT KAPAL', 'GDS', 'Lembar', 20, 20, 20, '0000-00-00', 20, 20, 80000, 100000),
('PK019520JPS', '19 X 5 X 20', 'PLAAT KAPAL', 'JPS', 'Lembar', 20, 20, 20, '0000-00-00', 20, 20, 80000, 100000),
('PK019620GDS', '19 X 6 X 20', 'PLAAT KAPAL', 'GDS', 'Lembar', 20, 20, 20, '0000-00-00', 20, 20, 80000, 100000),
('PK020520GDS', '20 X 5 X 20', 'PLAAT KAPAL', 'GDS', 'Lembar', 20, 20, 20, '0000-00-00', 20, 20, 80000, 100000),
('PK020520JPS', '20 X 5 X 20', 'PLAAT KAPAL', 'JPS', 'Lembar', 20, 20, 20, '0000-00-00', 20, 20, 80000, 100000),
('PK02056000JP', '20 X 5 (1500) X 6000', 'PLAAT KAPAL', 'JPS', 'Lembar', 20, 20, 20, '0000-00-00', 20, 20, 80000, 100000),
('PK020620GDS', '20 X 6 X 20', 'PLAAT KAPAL', 'GDS', 'Lembar', 20, 20, 20, '0000-00-00', 20, 20, 80000, 100000),
('PK021520GDS', '21 X 5 X 20', 'PLAAT KAPAL', 'GDS', 'Lembar', 20, 20, 20, '0000-00-00', 20, 20, 80000, 100000),
('PK021520JPS', '21 X 5 X 20', 'PLAAT KAPAL', 'JPS', 'Lembar', 20, 20, 20, '0000-00-00', 20, 20, 80000, 100000),
('PK022520GDS', '22 X 5 X 20', 'PLAAT KAPAL', 'GDS', 'Lembar', 20, 20, 20, '0000-00-00', 20, 20, 80000, 100000),
('PK022520JPS', '22 X 5 X 20', 'PLAAT KAPAL', 'JPS', 'Lembar', 20, 20, 20, '0000-00-00', 20, 20, 80000, 100000),
('PK022520LN', '22 X 5 X 20', 'PLAAT KAPAL', 'LN', 'Lembar', 20, 20, 20, '0000-00-00', 20, 20, 80000, 100000),
('PK022620GDS', '22 X 6 X 20', 'PLAAT KAPAL', 'GDS', 'Lembar', 20, 20, 20, '0000-00-00', 20, 20, 80000, 100000),
('PK024620GDS', '24 X 6 X 20', 'PLAAT KAPAL', 'GDS', 'Lembar', 20, 20, 20, '0000-00-00', 20, 20, 80000, 100000),
('PK02548JPS', '25 X 4 X 8', 'PLAAT KAPAL', 'JPS', 'Lembar', 20, 20, 20, '0000-00-00', 20, 20, 80000, 100000),
('PK025520GDS', '25 X 5 X 20', 'PLAAT KAPAL', 'GDS', 'Lembar', 20, 20, 20, '0000-00-00', 20, 20, 80000, 100000),
('PK025520GG', '25 X 5 X 20', 'PLAAT KAPAL', 'GG', 'Lembar', 20, 20, 20, '0000-00-00', 20, 20, 80000, 100000),
('PK025520KS', '25 X 5 X 20', 'PLAAT KAPAL', 'KS', 'Lembar', 20, 20, 20, '0000-00-00', 20, 20, 80000, 100000),
('PK025620GDS', '25 X 6 X 20', 'PLAAT KAPAL', 'GDS', 'Lembar', 20, 20, 20, '0000-00-00', 20, 20, 80000, 100000),
('PK025620GG', '25 X 6 X 20', 'PLAAT KAPAL', 'GG', 'Lembar', 20, 20, 20, '0000-00-00', 20, 20, 80000, 100000),
('PK02648JPS', '26 X 4 X 8', 'PLAAT KAPAL', 'JPS', 'Lembar', 20, 20, 20, '0000-00-00', 20, 20, 80000, 100000),
('PK026520GDS', '26 X 5 X 20', 'PLAAT KAPAL', 'GDS', 'Lembar', 20, 20, 20, '0000-00-00', 20, 20, 80000, 100000),
('PK026520GG', '26 X 5 X 20', 'PLAAT KAPAL', 'GG', 'Lembar', 20, 20, 20, '0000-00-00', 20, 20, 80000, 100000),
('PK027620GDS', '27 X 6 X 20', 'PLAAT KAPAL', 'GDS', 'Lembar', 20, 20, 20, '0000-00-00', 20, 20, 80000, 100000),
('PK028520GDS', '28 X 5 X 20', 'PLAAT KAPAL', 'GDS', 'Lembar', 20, 20, 20, '0000-00-00', 20, 20, 80000, 100000),
('PK028520GG', '28 X 5 X 20', 'PLAAT KAPAL', 'GG', 'Lembar', 20, 20, 20, '0000-00-00', 20, 20, 80000, 100000),
('PK028620GDS', '28 X 6 X 20', 'PLAAT KAPAL', 'GDS', 'Lembar', 20, 20, 20, '0000-00-00', 20, 20, 80000, 100000),
('PK029620GDS', '29 X 6 X 20', 'PLAAT KAPAL', 'GDS', 'Lembar', 20, 20, 20, '0000-00-00', 20, 20, 80000, 100000),
('PK030520GDS', '30 X 5 X 20', 'PLAAT KAPAL', 'GDS', 'Lembar', 20, 20, 20, '0000-00-00', 20, 20, 80000, 100000),
('PK030520GG', '30 X 5 X 20', 'PLAAT KAPAL', 'GG', 'Lembar', 20, 20, 20, '0000-00-00', 20, 20, 80000, 100000),
('PK030520LN', '30 X 5 X 20', 'PLAAT KAPAL', 'LN', 'Lembar', 20, 20, 20, '0000-00-00', 20, 20, 80000, 100000),
('PK030620GDS', '30 X 6 X 20', 'PLAAT KAPAL', 'GDS', 'Lembar', 20, 20, 20, '0000-00-00', 20, 20, 80000, 100000),
('PK032520GDS', '32 X 5 X 20', 'PLAAT KAPAL', 'GDS', 'Lembar', 20, 20, 20, '0000-00-00', 20, 20, 80000, 100000),
('PK032620GDS', '32 X 6 X 20', 'PLAAT KAPAL', 'GDS', 'Lembar', 20, 20, 20, '0000-00-00', 20, 20, 80000, 100000),
('PK035520GDS', '35 X 5 X 20', 'PLAAT KAPAL', 'GDS', 'Lembar', 20, 20, 20, '0000-00-00', 20, 20, 80000, 100000),
('PK035620GDS', '35 X 6 X 20', 'PLAAT KAPAL', 'GDS', 'Lembar', 20, 20, 20, '0000-00-00', 20, 20, 80000, 100000),
('PK036620GDS', '35 / 36 X 6 X 20', 'PLAAT KAPAL', 'GDS', 'Lembar', 20, 20, 20, '0000-00-00', 20, 20, 80000, 100000),
('PK038520GDS', '38 X 5 X 20', 'PLAAT KAPAL', 'GDS', 'Lembar', 20, 20, 20, '0000-00-00', 20, 20, 80000, 100000),
('PK038620GDS', '38 X 6 X 20', 'PLAAT KAPAL', 'GDS', 'Lembar', 20, 20, 20, '0000-00-00', 20, 20, 80000, 100000),
('PK040520SBY', '40 X 5 X 20', 'PLAAT KAPAL', 'SBY', 'Lembar', 20, 20, 20, '0000-00-00', 20, 20, 80000, 100000),
('PK040620GD', '40 X 6 X 20', 'PLAAT KAPAL', 'GDS', 'Lembar', 20, 20, 20, '0000-00-00', 20, 20, 80000, 100000),
('PK043620GDS', '43 X 6 X 20', 'PLAAT KAPAL', 'GDS', 'Lembar', 20, 20, 20, '0000-00-00', 20, 20, 80000, 100000),
('PK044620GDS', '44 X 6 X 20', 'PLAAT KAPAL', 'GDS', 'Lembar', 20, 20, 20, '0000-00-00', 20, 20, 80000, 100000),
('PK045520GDS', '45 X 5 X 20', 'PLAAT KAPAL', 'GDS', 'Lembar', 20, 20, 20, '0000-00-00', 20, 20, 80000, 100000),
('PK045620GD', '45 X 6 X 20', 'PLAAT KAPAL', 'GDS', 'Lembar', 20, 20, 20, '0000-00-00', 20, 20, 80000, 100000),
('PK050520', '50 X 5 X 20', 'PLAAT KAPAL', '', 'Lembar', 20, 20, 20, '0000-00-00', 20, 20, 80000, 100000),
('PK050520GDS', '50 X 5 X 20', 'PLAAT KAPAL', 'GDS', 'Lembar', 20, 20, 20, '0000-00-00', 20, 20, 80000, 100000),
('PK050520GG', '50 X 5 X 20', 'PLAAT KAPAL', 'GG', 'Lembar', 20, 20, 20, '0000-00-00', 20, 20, 80000, 100000),
('PK050620GDS', '50 X 6 X 20', 'PLAAT KAPAL', 'GDS', 'Lembar', 20, 20, 20, '0000-00-00', 20, 20, 80000, 100000),
('PK055520GDS', '55 X 5 X 20', 'PLAAT KAPAL', 'GDS', 'Lembar', 20, 20, 20, '0000-00-00', 20, 20, 80000, 100000),
('PK060520GDS', '60 X 5 X 20', 'PLAAT KAPAL', 'GDS', 'Lembar', 20, 20, 20, '0000-00-00', 20, 20, 80000, 100000),
('PK065520GDS', '65 X 5 X 20', 'PLAAT KAPAL', 'GDS', 'Lembar', 20, 20, 20, '0000-00-00', 20, 20, 80000, 100000),
('PK070520GDS', '70 X 5 X 20', 'PLAAT KAPAL', 'GDS', 'Lembar', 20, 20, 20, '0000-00-00', 20, 20, 80000, 100000),
('PK070620GDS', '70 X 6 X 20', 'PLAAT KAPAL', 'GDS', 'Lembar', 20, 20, 20, '0000-00-00', 20, 20, 80000, 100000),
('PK071520GDS', '71 X 5 X 20', 'PLAAT KAPAL', 'GDS', 'Lembar', 20, 20, 20, '0000-00-00', 20, 20, 80000, 100000),
('PK080620GDS', '80 X 6 X 20', 'PLAAT KAPAL', 'GDS', 'Lembar', 20, 20, 20, '0000-00-00', 20, 20, 80000, 100000),
('PK088520GDS', '88 X 5 X 20', 'PLAAT KAPAL', 'GDS', 'Lembar', 20, 20, 20, '0000-00-00', 20, 20, 80000, 100000),
('PK100520GDS', '100 X 5 X 20', 'PLAAT KAPAL', 'GDS', 'Lembar', 20, 20, 20, '0000-00-00', 20, 20, 80000, 100000),
('PLTPTH001548', '1,5 X 4 X 8', 'PLAAT PUTIH', '', 'Lembar', 20, 20, 20, '0000-00-00', 20, 20, 80000, 100000),
('PNS00648GG', '6 X 4 X 8', 'PLAAT NS', 'GG/BAJA INDO', 'Lembar', 20, 20, 20, '0000-00-00', 20, 20, 80000, 100000),
('PNS016150170', '3 X 1215 X 2180', 'PLAAT NS', 'KS', 'Lembar', 20, 20, 20, '0000-00-00', 20, 20, 80000, 100000),
('PNSSIPOHITAM', '9x1210x 815/ 1625/ 1720/', 'PLAAT NS-HITAM', '2172', 'Lembar', 20, 20, 20, '0000-00-00', 20, 20, 80000, 100000),
('PNSSIPOPUTIH', '', 'PLAAT NS-PUTIH', 'SIPO', 'Lembar', 20, 20, 20, '0000-00-00', 20, 20, 80000, 100000),
('PNSSTRIP', '', 'PLAAT NS-STRIP', 'SIPO', 'Batang', 20, 20, 20, '0000-00-00', 20, 20, 80000, 100000),
('PPH000126SCH40', '1/2" X 6', 'PIPA HITAM', 'SCH40', 'Batang', 20, 20, 20, '0000-00-00', 20, 20, 80000, 100000),
('PPH0001426', '1/4" (2) X 6', 'PIPA HITAM', '', 'Batang', 20, 20, 20, '0000-00-00', 20, 20, 80000, 100000),
('PPH000346', '3/4" (1''8) X 6', 'PIPA HITAM', '', 'Batang', 20, 20, 20, '0000-00-00', 20, 20, 80000, 100000),
('PPH00112326', '1 1/2" (3''2/3''5) X 6', 'PIPA HITAM', '', 'Batang', 20, 20, 20, '0000-00-00', 20, 20, 80000, 100000),
('PPH001123546S', '1 1/2" (3''5/4) X 6', 'PIPA HITAM', 'SEAM LESS', 'Batang', 20, 20, 20, '0000-00-00', 20, 20, 80000, 100000),
('PPH00112556', '1 1/2" ( 5''5 ) X 6', 'PIPA HITAM', 'SEAMLESS', 'Batang', 20, 20, 20, '0000-00-00', 20, 20, 80000, 100000),
('PPH001126', '1 1/2" (2''5/2''7) X 6', 'PIPA HITAM', 'SCH80-SEAM LESS', 'Batang', 20, 20, 20, '0000-00-00', 20, 20, 80000, 100000),
('PPH0011276', '1 1/2" (7) X 6', 'PIPA HITAM', 'SCH80-SEAM LESS', 'Batang', 20, 20, 20, '0000-00-00', 20, 20, 80000, 100000),
('PPH00114286', '1 1/4" (2''8) X 6', 'PIPA HITAM', '', 'Batang', 20, 20, 20, '0000-00-00', 20, 20, 80000, 100000),
('PPH00114353746S', '1 1/4" (3''5/3''7/4) X 6', 'PIPA HITAM', 'SEAM LESS', 'Batang', 20, 20, 20, '0000-00-00', 20, 20, 80000, 100000),
('PPH0011436', '1 1/4" (3) X 6', 'PIPA HITAM', '', 'Batang', 20, 20, 20, '0000-00-00', 20, 20, 80000, 100000),
('PPH0011446STD', '1 1/4" (4) X 6 SEAM L', 'PIPA HITAM', 'KARAT', 'Batang', 20, 20, 20, '0000-00-00', 20, 20, 80000, 100000),
('PPH00114556', '1 1/4" (5''5) X 6', 'PIPA HITAM', 'SCH80-SEAM LESS', 'Batang', 20, 20, 20, '0000-00-00', 20, 20, 80000, 100000),
('PPH00126', '1" (1''8/2)  X 6', 'PIPA HITAM', '', 'Batang', 20, 20, 20, '0000-00-00', 20, 20, 80000, 100000),
('PPH001286', '1" (2''6 / 2''8) X 6', 'PIPA HITAM', '', 'Batang', 20, 20, 20, '0000-00-00', 20, 20, 80000, 100000),
('PPH00134486S', '1 3/4" (4''8) X 6', 'PIPA HITAM', 'SEAM LESS', 'Batang', 20, 20, 20, '0000-00-00', 20, 20, 80000, 100000),
('PPH00135386S', '1" (3''5/3''8) X 6', 'PIPA HITAM', 'SEAM LESS', 'Batang', 20, 20, 20, '0000-00-00', 20, 20, 80000, 100000),
('PPH001356W', '1" (3''5) X 6', 'PIPA HITAM', 'WELDED', 'Batang', 20, 20, 20, '0000-00-00', 20, 20, 80000, 100000),
('PPH00136', '1" (3) X 6', 'PIPA HITAM', '', 'Batang', 20, 20, 20, '0000-00-00', 20, 20, 80000, 100000),
('PPH001456', '1" (4''5) X 6', 'PIPA HITAM', '', 'Batang', 20, 20, 20, '0000-00-00', 20, 20, 80000, 100000),
('PPH0016', '1" X 6', 'PIPA HITAM', 'SCH40', 'Batang', 20, 20, 20, '0000-00-00', 20, 20, 80000, 100000),
('PPH00212256', '2 1/2" (2''5) X 6', 'PIPA HITAM', '', 'Batang', 20, 20, 20, '0000-00-00', 20, 20, 80000, 100000),
('PPH00212326', '2 1/2" (3''2) X 6', 'PIPA HITAM', '', 'Batang', 20, 20, 20, '0000-00-00', 20, 20, 80000, 100000),
('PPH0021235366', '2 1/2" (3''5/3''6) X 6', 'PIPA HITAM', 'WELDED', 'Batang', 20, 20, 20, '0000-00-00', 20, 20, 80000, 100000),
('PPH00212456', '2 1/2" (4''5) X 6', 'PIPA HITAM', 'SCH40-WELDED', 'Batang', 20, 20, 20, '0000-00-00', 20, 20, 80000, 100000),
('PPH002125526SSCH40', '2 1/2" (5/5''2) X 6', 'PIPA HITAM', 'SEAM LESS SCH40', 'Batang', 20, 20, 20, '0000-00-00', 20, 20, 80000, 100000),
('PPH002125866W', '2 1/2" (5''8/6) X 6', 'PIPA HITAM', 'WELDED', 'Batang', 20, 20, 20, '0000-00-00', 20, 20, 80000, 100000),
('PPH0021266SSCH80', '2 1/2" (6) X 6', 'PIPA HITAM', 'SEAM LESS SCH80', 'Batang', 20, 20, 20, '0000-00-00', 20, 20, 80000, 100000),
('PPH00226', '2" (2) X 6', 'PIPA HITAM', 'MEDIUM-SUMBER HASIL', 'Batang', 20, 20, 20, '0000-00-00', 20, 20, 80000, 100000),
('PPH002286', '2" (2''5 /2''8 / 3) X 6', 'PIPA HITAM', '', 'Batang', 20, 20, 20, '0000-00-00', 20, 20, 80000, 100000),
('PPH00246W', '2" (3''5/3''6/4) X 6', 'PIPA HITAM', 'WELDED', 'Batang', 20, 20, 20, '0000-00-00', 20, 20, 80000, 100000),
('PPH00266S', '2" (6) X 6', 'PIPA HITAM', 'SEAM LESS', 'Batang', 20, 20, 20, '0000-00-00', 20, 20, 80000, 100000),
('PPH00312356S', '3 1/2" (3''5) X 6', 'PIPA HITAM', 'SEAM LESS', 'Batang', 20, 20, 20, '0000-00-00', 20, 20, 80000, 100000),
('PPH003286', '3" (2''5 / 2''8) X 6', 'PIPA HITAM', '', 'Batang', 20, 20, 20, '0000-00-00', 20, 20, 80000, 100000),
('PPH003456W', '3" (4''5 / 5) X 6', 'PIPA HITAM', 'WELDED', 'Batang', 20, 20, 20, '0000-00-00', 20, 20, 80000, 100000),
('PPH00366SSCH40', '3" (6) X 6', 'PIPA HITAM', 'SEAM LESS SCH40', 'Batang', 20, 20, 20, '0000-00-00', 20, 20, 80000, 100000),
('PPH0036776S', '3" (6''7/7) X 6', 'PIPA HITAM', 'SEAM LESS', 'Batang', 20, 20, 20, '0000-00-00', 20, 20, 80000, 100000),
('PPH004236', '4" (2''3) X 6', 'PIPA HITAM', '', 'Batang', 20, 20, 20, '0000-00-00', 20, 20, 80000, 100000),
('PPH004296', '4" (2''5/2''8/2''9) X 6', 'PIPA HITAM', '', 'Batang', 20, 20, 20, '0000-00-00', 20, 20, 80000, 100000),
('PPH004386', '4" (3''8) X 6', 'PIPA HITAM', '', 'Batang', 20, 20, 20, '0000-00-00', 20, 20, 80000, 100000),
('PPH004456', '4" (4''5) X 6', 'PIPA HITAM', 'WELDED', 'Batang', 20, 20, 20, '0000-00-00', 20, 20, 80000, 100000),
('PPH004566W', '4" (5/6) X 6', 'PIPA HITAM', 'WELDED', 'Batang', 20, 20, 20, '0000-00-00', 20, 20, 80000, 100000),
('PPH00466SSCH40', '4" (5''5/6) X 6', 'PIPA HITAM', 'SEAM LESS SCH40', 'Batang', 20, 20, 20, '0000-00-00', 20, 20, 80000, 100000),
('PPH0049106SSCH80', '4" (9/10) X 6', 'PIPA HITAM', 'SEAM LESS SCH80', 'Batang', 20, 20, 20, '0000-00-00', 20, 20, 80000, 100000),
('PPH005384576S', '5" (3''8/4) X 5,7/6', 'PIPA HITAM', 'SEAM LESS', 'Batang', 20, 20, 20, '0000-00-00', 20, 20, 80000, 100000),
('PPH005656', '5" (6''5) X 6', 'PIPA HITAM', 'SEAM LESS', 'Batang', 20, 20, 20, '0000-00-00', 20, 20, 80000, 100000),
('PPH0059106SSCH80', '5" (9/10) X 6', 'PIPA HITAM', 'SEAM LESS SCH80', 'Batang', 20, 20, 20, '0000-00-00', 20, 20, 80000, 100000),
('PPH006366', '6" (3''6) X 6', 'PIPA HITAM', '', 'Batang', 20, 20, 20, '0000-00-00', 20, 20, 80000, 100000),
('PPH0064855S', '6" (4''8) X 5,5', 'PIPA HITAM', 'SEAM LESS', 'Batang', 20, 20, 20, '0000-00-00', 20, 20, 80000, 100000),
('PPH006486G', '6" (4''8) X 6', 'PIPA HITAM', 'GALVANIZED', 'Batang', 20, 20, 20, '0000-00-00', 20, 20, 80000, 100000),
('PPH0066S', '6"  X 6', 'PIPA HITAM', 'SEAM LESS-SCH80', 'Batang', 20, 20, 20, '0000-00-00', 20, 20, 80000, 100000),
('PPH00671746S', '6" (7''1/7''4) X 6', 'PIPA HITAM', 'SEAM LESS-SCH40', 'Batang', 20, 20, 20, '0000-00-00', 20, 20, 80000, 100000),
('PPH0071057', '7" (10) X 5,7', 'PIPA HITAM', '', 'Batang', 20, 20, 20, '0000-00-00', 20, 20, 80000, 100000),
('PPH007586S', '7" (5''8) X 6', 'PIPA HITAM', 'SEAM LESS', 'Batang', 20, 20, 20, '0000-00-00', 20, 20, 80000, 100000),
('PPH0081256', '8" (12''5) X 6', 'PIPA HITAM', '', 'Batang', 20, 20, 20, '0000-00-00', 20, 20, 80000, 100000),
('PPH00856S', '8" (5) X 6', 'PIPA HITAM', 'WEL DED', 'Batang', 20, 20, 20, '0000-00-00', 20, 20, 80000, 100000),
('PPH00866S', '8" (6) X 6', 'PIPA HITAM', 'SEAM LESS', 'Batang', 20, 20, 20, '0000-00-00', 20, 20, 80000, 100000),
('PPH00886', '8" (8) X 6', 'PIPA HITAM', '', 'Batang', 20, 20, 20, '0000-00-00', 20, 20, 80000, 100000),
('PPH01056', '10" (5 s/d 10) X 6', 'PIPA HITAM', 'BAKRIE', 'Batang', 20, 20, 20, '0000-00-00', 20, 20, 80000, 100000),
('PPH012106', '12" (10) X 6', 'PIPA HITAM', '', 'Batang', 20, 20, 20, '0000-00-00', 20, 20, 80000, 100000),
('PPH014136S', '14" (13) X 6', 'PIPA HITAM', 'SEAM LESS', 'Batang', 20, 20, 20, '0000-00-00', 20, 20, 80000, 100000),
('PPH01417808', '14" (17) X 808', 'PIPA HITAM', '', 'Batang', 20, 20, 20, '0000-00-00', 20, 20, 80000, 100000),
('PPHRIJEK', 'UKURAN CAMPUR', 'PIPA RIJEK', '', 'Batang', 20, 20, 20, '0000-00-00', 20, 20, 80000, 100000),
('PPMD0026', '2" @6M', 'PIPA MEDIUM', '', 'Batang', 20, 20, 20, '0000-00-00', 20, 20, 80000, 100000),
('PPMD00446', '4" (4) @6M', 'PIPA MEDIUM', '', 'Batang', 20, 20, 20, '0000-00-00', 20, 20, 80000, 100000),
('PPPTH0001226G', '1/2" (2)  @6M', 'PIPA PUTIH', 'GALVANIZED', 'Batang', 20, 20, 20, '0000-00-00', 20, 20, 80000, 100000),
('PPPTH0003426', '3/4" (2) @6M', 'PIPA PUTIH', 'GALVANIZED', 'Batang', 20, 20, 20, '0000-00-00', 20, 20, 80000, 100000),
('PPPTH0011236', '1 1/2" (3) @6M', 'PIPA PUTIH (GALVANIZED)', 'DRAT / TP DRAT', 'Batang', 20, 20, 20, '0000-00-00', 20, 20, 80000, 100000),
('PPPTH001256', '1" (2''5/2''8/3) @6M', 'PIPA PUTIH', 'GALVANIZED', 'Batang', 20, 20, 20, '0000-00-00', 20, 20, 80000, 100000),
('PPPTH00136MENI', '1" (3) @6M', 'PIPA PUTIH', 'MENI', 'Batang', 20, 20, 20, '0000-00-00', 20, 20, 80000, 100000),
('PPPTH00236', '2'''' (3) @6M', 'PIPA PUTIH', 'GALVANIZED', 'Batang', 20, 20, 20, '0000-00-00', 20, 20, 80000, 100000),
('PPPTH003356MENI', '3" (3''5) @6M', 'PIPA PUTIH', 'MENI', 'Batang', 20, 20, 20, '0000-00-00', 20, 20, 80000, 100000),
('PPPTH003366', '3" (3''6) @6M', 'PIPA PUTIH', 'MED', 'Batang', 20, 20, 20, '0000-00-00', 20, 20, 80000, 100000),
('PPPTH00336AG', '3" (3) @6M', 'PIPA PUTIH', 'AIR GALVANIZED', 'Batang', 20, 20, 20, '0000-00-00', 20, 20, 80000, 100000),
('PPPTH004416', '4" (4''1) @6M', 'PIPA PUTIH', '', 'Batang', 20, 20, 20, '0000-00-00', 20, 20, 80000, 100000),
('PPPTH005456AG', '5" (4''5) @6M', 'PIPA PUTIH', 'AIR GALVANIZED', 'Batang', 20, 20, 20, '0000-00-00', 20, 20, 80000, 100000),
('PPPTH0063756MENI', '6" (3''75) @6M', 'PIPA PUTIH', 'MENI', 'Batang', 20, 20, 20, '0000-00-00', 20, 20, 80000, 100000),
('PPPTH006436', '6" (4''3) @6M', 'PIPA PUTIH', '', 'Batang', 20, 20, 20, '0000-00-00', 20, 20, 80000, 100000),
('PPPTH006686AG', '6" (6''8) @6M', 'PIPA PUTIH', 'AIR GALVANIZED', 'Batang', 20, 20, 20, '0000-00-00', 20, 20, 80000, 100000),
('PPPTH006686MENI', '6" (6''8) @6M', 'PIPA PUTIH', 'MENI', 'Batang', 20, 20, 20, '0000-00-00', 20, 20, 80000, 100000),
('PPPTH00676PTH', '6" (7) @6M', 'PIPA PUTIH', 'PUTIH', 'Batang', 20, 20, 20, '0000-00-00', 20, 20, 80000, 100000),
('PPPTH014106AG', '14" (10) @6M', 'PIPA PUTIH', 'AIR GALVANIZED', 'Batang', 20, 20, 20, '0000-00-00', 20, 20, 80000, 100000),
('PS003196', '3 X 19 X 6', 'P-STRIP', '', 'Batang', 20, 20, 20, '0000-00-00', 20, 20, 80000, 100000),
('PS003256', '3 X 25 X 6', 'P-STRIP', '', 'Batang', 20, 20, 20, '0000-00-00', 20, 20, 80000, 100000),
('PS003306', '3 X 30 X 6', 'P-STRIP', '', 'Batang', 20, 20, 20, '0000-00-00', 20, 20, 80000, 100000),
('PS003386', '3 X 38 X 6', 'P-STRIP', '', 'Batang', 20, 20, 20, '0000-00-00', 20, 20, 80000, 100000),
('PS0038406', '3,8 X 40 X 6', 'P-STRIP', '', 'Batang', 20, 20, 20, '0000-00-00', 20, 20, 80000, 100000),
('PS004196', '4 X 19 X 6', 'P-STRIP', '', 'Batang', 20, 20, 20, '0000-00-00', 20, 20, 80000, 100000),
('PS004256', '4 X 25 X 6', 'P-STRIP', '', 'Batang', 20, 20, 20, '0000-00-00', 20, 20, 80000, 100000),
('PS004326', '4 X 32 X 6', 'P-STRIP', '', 'Batang', 20, 20, 20, '0000-00-00', 20, 20, 80000, 100000),
('PS004386', '4 X 38 X 6', 'P-STRIP', '', 'Batang', 20, 20, 20, '0000-00-00', 20, 20, 80000, 100000),
('PS004403', '4 X 40 X 3', 'P-STRIP', '', 'Batang', 20, 20, 20, '0000-00-00', 20, 20, 80000, 100000),
('PS004406', '4 X 40 X 6', 'P-STRIP', '', 'Batang', 20, 20, 20, '0000-00-00', 20, 20, 80000, 100000),
('PS004506', '4 X 50 X 6', 'P-STRIP', '', 'Batang', 20, 20, 20, '0000-00-00', 20, 20, 80000, 100000),
('PS0045386', '4,5 X 38 X 6', 'P-STRIP', '', 'Batang', 20, 20, 20, '0000-00-00', 20, 20, 80000, 100000),
('PS0045506', '4,5 X 50 X 6', 'P-STRIP', '', 'Batang', 20, 20, 20, '0000-00-00', 20, 20, 80000, 100000),
('PS005256', '5 X 25 X 6', 'P-STRIP', '', 'Batang', 20, 20, 20, '0000-00-00', 20, 20, 80000, 100000),
('PS005326', '5 X 32 X 6', 'P-STRIP', '', 'Batang', 20, 20, 20, '0000-00-00', 20, 20, 80000, 100000),
('PS005386', '5 X 38 X 6', 'P-STRIP', '', 'Batang', 20, 20, 20, '0000-00-00', 20, 20, 80000, 100000),
('PS005506', '5 X 50 X 6', 'P-STRIP', '', 'Batang', 20, 20, 20, '0000-00-00', 20, 20, 80000, 100000),
('PS0061006', '6 X 100 X 6', 'P-STRIP', '', 'Batang', 20, 20, 20, '0000-00-00', 20, 20, 80000, 100000),
('PS006196', '6 X 19 X 6', 'P-STRIP', '', 'Batang', 20, 20, 20, '0000-00-00', 20, 20, 80000, 100000),
('PS0062006', '6 X 200 X 6', 'P-STRIP', '', 'Batang', 20, 20, 20, '0000-00-00', 20, 20, 80000, 100000),
('PS006256', '6 X 25 X 6', 'P-STRIP', '', 'Batang', 20, 20, 20, '0000-00-00', 20, 20, 80000, 100000),
('PS006326', '6 X 32 X 6', 'P-STRIP', '', 'Batang', 20, 20, 20, '0000-00-00', 20, 20, 80000, 100000),
('PS006386', '6 X 38 X 6', 'P-STRIP', '', 'Batang', 20, 20, 20, '0000-00-00', 20, 20, 80000, 100000),
('PS006506', '6 X 50 X 6', 'P-STRIP', '', 'Batang', 20, 20, 20, '0000-00-00', 20, 20, 80000, 100000),
('PS006656', '6 X 65 X 6', 'P-STRIP', '', 'Batang', 20, 20, 20, '0000-00-00', 20, 20, 80000, 100000),
('PS006756', '6 X 75 X 6', 'P-STRIP', '', 'Batang', 20, 20, 20, '0000-00-00', 20, 20, 80000, 100000),
('PS0081006', '8 X 100 X 6', 'P-STRIP', '', 'Batang', 20, 20, 20, '0000-00-00', 20, 20, 80000, 100000),
('PS0081506', '8 X 150 X 6', 'P-STRIP', '', 'Batang', 20, 20, 20, '0000-00-00', 20, 20, 80000, 100000),
('PS008256', '8 X 25 X 6', 'P-STRIP', '', 'Batang', 20, 20, 20, '0000-00-00', 20, 20, 80000, 100000),
('PS008386', '8 X 38 X 6', 'P-STRIP', '', 'Batang', 20, 20, 20, '0000-00-00', 20, 20, 80000, 100000),
('PS008506', '8 X 50 X 6', 'P-STRIP', '', 'Batang', 20, 20, 20, '0000-00-00', 20, 20, 80000, 100000),
('PS008656', '8 X 65 X 6', 'P-STRIP', '', 'Batang', 20, 20, 20, '0000-00-00', 20, 20, 80000, 100000),
('PS008756', '8 X 75 X 6', 'P-STRIP', '', 'Batang', 20, 20, 20, '0000-00-00', 20, 20, 80000, 100000),
('PS0091006', '9 X 100 X 6', 'P-STRIP', '', 'Batang', 20, 20, 20, '0000-00-00', 20, 20, 80000, 100000),
('PS0091256', '9 X 125 X 6', 'P-STRIP', '', 'Batang', 20, 20, 20, '0000-00-00', 20, 20, 80000, 100000),
('PS009256', '9 X 25 X 6', 'P-STRIP', '', 'Batang', 20, 20, 20, '0000-00-00', 20, 20, 80000, 100000),
('PS009326', '9 X 32 X 6', 'P-STRIP', '', 'Batang', 20, 20, 20, '0000-00-00', 20, 20, 80000, 100000),
('PS009386', '9 X 38 X 6', 'P-STRIP', '', 'Batang', 20, 20, 20, '0000-00-00', 20, 20, 80000, 100000),
('PS009506', '9 X 50 X 6', 'P-STRIP', '', 'Batang', 20, 20, 20, '0000-00-00', 20, 20, 80000, 100000),
('PS009656', '9 X 65 X 6', 'P-STRIP', '', 'Batang', 20, 20, 20, '0000-00-00', 20, 20, 80000, 100000),
('PS009756', '9 X 75 X 6', 'P-STRIP', '', 'Batang', 20, 20, 20, '0000-00-00', 20, 20, 80000, 100000),
('PS0121006', '12 X 100 X 6', 'P-STRIP', '', 'Batang', 20, 20, 20, '0000-00-00', 20, 20, 80000, 100000),
('PS0121256', '12 X 125 X 6', 'P-STRIP', '', 'Batang', 20, 20, 20, '0000-00-00', 20, 20, 80000, 100000),
('PS0122006', '12 X 200 X 6', 'P-STRIP', '', 'Batang', 20, 20, 20, '0000-00-00', 20, 20, 80000, 100000),
('PS012256', '12 X 25 X 6', 'P-STRIP', '', 'Batang', 20, 20, 20, '0000-00-00', 20, 20, 80000, 100000),
('PS012326', '12 X 32 X 6', 'P-STRIP', '', 'Batang', 20, 20, 20, '0000-00-00', 20, 20, 80000, 100000),
('PS012386', '12 X 38 X 6', 'P-STRIP', '', 'Batang', 20, 20, 20, '0000-00-00', 20, 20, 80000, 100000),
('PS012506', '12 X 50 X 6', 'P-STRIP', '', 'Batang', 20, 20, 20, '0000-00-00', 20, 20, 80000, 100000),
('PS012656', '12 X 65 X 6', 'P-STRIP', '', 'Batang', 20, 20, 20, '0000-00-00', 20, 20, 80000, 100000),
('PS012756', '12x75x5800/6000', 'P-STRIP', '', 'Batang', 20, 20, 20, '0000-00-00', 20, 20, 80000, 100000),
('PS0161006', '16 X 100 X 6', 'P-STRIP', '', 'Batang', 20, 20, 20, '0000-00-00', 20, 20, 80000, 100000),
('PS016386', '16 X 38 X 6', 'P-STRIP', '', 'Batang', 20, 20, 20, '0000-00-00', 20, 20, 80000, 100000),
('PS016506', '16 X 50 X 6', 'P-STRIP', '', 'Batang', 20, 20, 20, '0000-00-00', 20, 20, 80000, 100000),
('PS016656', '16 X 65 X 6', 'P-STRIP', '', 'Batang', 20, 20, 20, '0000-00-00', 20, 20, 80000, 100000),
('PS016756', '16 X 75 X 6', 'P-STRIP', '', 'Batang', 20, 20, 20, '0000-00-00', 20, 20, 80000, 100000),
('PS0191006', '19 X 100 X 6', 'P-STRIP', '', 'Batang', 20, 20, 20, '0000-00-00', 20, 20, 80000, 100000),
('PS0191506', '19 X 150 X 6', 'P-STRIP', '', 'Batang', 20, 20, 20, '0000-00-00', 20, 20, 80000, 100000),
('PS019386', '19 X 38 X 6', 'P-STRIP', '', 'Batang', 20, 20, 20, '0000-00-00', 20, 20, 80000, 100000),
('PS019506', '19 X 50 X 6', 'P-STRIP', '', 'Batang', 20, 20, 20, '0000-00-00', 20, 20, 80000, 100000),
('PS019656', '19 X 65 X 6', 'P-STRIP', '', 'Batang', 20, 20, 20, '0000-00-00', 20, 20, 80000, 100000),
('PS019756', '19 X 75 X 6', 'P-STRIP', '', 'Batang', 20, 20, 20, '0000-00-00', 20, 20, 80000, 100000),
('PS0251006', '25 X 100 X 6', 'P-STRIP', '', 'Batang', 20, 20, 20, '0000-00-00', 20, 20, 80000, 100000),
('PS025506', '25 X 50 X 6', 'P-STRIP', '', 'Batang', 20, 20, 20, '0000-00-00', 20, 20, 80000, 100000),
('PSB0204026', '20x40x2x6', 'P-STAL BUIS', '', 'Batang', 20, 20, 20, '0000-00-00', 20, 20, 80000, 100000),
('PSB03030166', '30x30x1,6/1,8x6', 'P-STAL BUIS', '', 'Batang', 20, 20, 20, '0000-00-00', 20, 20, 80000, 100000),
('PSB0306026', '30x60x2x6', 'P-STAL BUIS', '', 'Batang', 20, 20, 20, '0000-00-00', 20, 20, 80000, 100000),
('PSB03838186', '38x38x1,8x6', 'P-STAL BUIS', '', 'Batang', 20, 20, 20, '0000-00-00', 20, 20, 80000, 100000),
('PSB04040236', '40x40x2,3/2,6x6', 'P-STAL BUIS', '', 'Batang', 20, 20, 20, '0000-00-00', 20, 20, 80000, 100000),
('PSB0404026', '40x40x2x6', 'P-STAL BUIS', '', 'Batang', 20, 20, 20, '0000-00-00', 20, 20, 80000, 100000),
('PSB0404036', '40x40x3x6', 'P-STAL BUIS', '', 'Batang', 20, 20, 20, '0000-00-00', 20, 20, 80000, 100000),
('PSB04060186', '40x60x1''8x6', 'P-STAL BUIS', '', 'Batang', 20, 20, 20, '0000-00-00', 20, 20, 80000, 100000),
('PSB0502526', '50x25x2x6', 'P-STAL BUIS', '', 'Batang', 20, 20, 20, '0000-00-00', 20, 20, 80000, 100000),
('PSB0505026', '50x50x2x6', 'P-STAL BUIS', '', 'Batang', 20, 20, 20, '0000-00-00', 20, 20, 80000, 100000),
('PSB0505036', '50x50x3x6', 'P-STAL BUIS', '', 'Batang', 20, 20, 20, '0000-00-00', 20, 20, 80000, 100000),
('PSB05050426', '50x50x4''2x6', 'P-STAL BUIS', '', 'Batang', 20, 20, 20, '0000-00-00', 20, 20, 80000, 100000),
('PSB0606026', '60x60x2x6', 'P-STAL BUIS', '', 'Batang', 20, 20, 20, '0000-00-00', 20, 20, 80000, 100000),
('PSB0606034230', '60x60x3x4230', 'P-STAL BUIS', '', 'Batang', 20, 20, 20, '0000-00-00', 20, 20, 80000, 100000),
('PSB06060342704280', '60x60x3x4270/4280', 'P-STAL BUIS', '', 'Batang', 20, 20, 20, '0000-00-00', 20, 20, 80000, 100000),
('PSB0606036', '60x60x3x6', 'P-STAL BUIS', '', 'Batang', 20, 20, 20, '0000-00-00', 20, 20, 80000, 100000),
('PSB0608026', '60x80x2x6', 'P-STAL BUIS', '', 'Batang', 20, 20, 20, '0000-00-00', 20, 20, 80000, 100000),
('PSB0754536', '75x45x3x6', 'P-STAL BUIS', '', 'Batang', 20, 20, 20, '0000-00-00', 20, 20, 80000, 100000),
('PSB07550476', '75x50x4''7x6', 'P-STAL BUIS', '', 'Batang', 20, 20, 20, '0000-00-00', 20, 20, 80000, 100000),
('PSB0757536', '75x75x2,8x6', 'P-STAL BUIS', '', 'Batang', 20, 20, 20, '0000-00-00', 20, 20, 80000, 100000),
('PSB0909026', '90x90x2x6', 'P-STAL BUIS', '', 'Batang', 20, 20, 20, '0000-00-00', 20, 20, 80000, 100000),
('PSB0909046', '90x90x4x6', 'P-STAL BUIS', '', 'Batang', 20, 20, 20, '0000-00-00', 20, 20, 80000, 100000),
('PSB10010036', '100x100x3x6', 'P-STAL BUIS', '', 'Batang', 20, 20, 20, '0000-00-00', 20, 20, 80000, 100000),
('PSB10010046', '100x100x4x6', 'P-STAL BUIS', '', 'Batang', 20, 20, 20, '0000-00-00', 20, 20, 80000, 100000),
('PSB10050256', '100x50x2,5x6', 'P-STAL BUIS', '', 'Batang', 20, 20, 20, '0000-00-00', 20, 20, 80000, 100000),
('PSB1005036', '100x50x2,6/3x6', 'P-STAL BUIS', '', 'Batang', 20, 20, 20, '0000-00-00', 20, 20, 80000, 100000),
('PSB150150456', '150x150x4''5x6', 'P-STAL BUIS', '', 'Batang', 20, 20, 20, '0000-00-00', 20, 20, 80000, 100000),
('PSB15075486', '150x75x4''8x6', 'P-STAL BUIS', '', 'Batang', 20, 20, 20, '0000-00-00', 20, 20, 80000, 100000),
('SG00886DN', '8 X 8 X 6', 'SEGI', 'DN', 'Batang', 20, 20, 20, '0000-00-00', 20, 20, 80000, 100000),
('SG00886LN', '8 X 8 X 6', 'SEGI', 'LN', 'Batang', 20, 20, 20, '0000-00-00', 20, 20, 80000, 100000),
('SG010106LN', '10 X 10 X 6', 'SEGI', 'LN', 'Batang', 20, 20, 20, '0000-00-00', 20, 20, 80000, 100000),
('SG012126', '12 X 12 X 6', 'SEGI', '', 'Batang', 20, 20, 20, '0000-00-00', 20, 20, 80000, 100000),
('SG012126DN', '12 X 12 X 6', 'SEGI', 'DN', 'Batang', 20, 20, 20, '0000-00-00', 20, 20, 80000, 100000),
('SG016166DNTD', '16 X 16 X 6', 'SEGI', 'DN', 'Batang', 20, 20, 20, '0000-00-00', 20, 20, 80000, 100000),
('SG019196DN', '19 X 19 X 6', 'SEGI', 'DN', 'Batang', 20, 20, 20, '0000-00-00', 20, 20, 80000, 100000),
('SG022226KMS', '22 X 22 X 6', 'SEGI', '', 'Batang', 20, 20, 20, '0000-00-00', 20, 20, 80000, 100000),
('SG025256INDP', '25 X 25 X 6', 'SEGI', 'DN', 'Batang', 20, 20, 20, '0000-00-00', 20, 20, 80000, 100000),
('SG028286', '28 X 28 X 6', 'SEGI', '', 'Batang', 20, 20, 20, '0000-00-00', 20, 20, 80000, 100000),
('SG030306', '30 X 30 X 6', 'SEGI', '', 'Batang', 20, 20, 20, '0000-00-00', 20, 20, 80000, 100000),
('SG032326DN', '32 X 32 X 6', 'SEGI', 'DN', 'Batang', 20, 20, 20, '0000-00-00', 20, 20, 80000, 100000),
('SG038386DN', '38 X 38 X 6', 'SEGI', 'DN', 'Batang', 20, 20, 20, '0000-00-00', 20, 20, 80000, 100000),
('SG040406DN', '40 X 40 X 6', 'SEGI', 'DN', 'Batang', 20, 20, 20, '0000-00-00', 20, 20, 80000, 100000),
('SG044446LN', '44 X 44 X 6', 'SEGI', 'LN', 'Batang', 20, 20, 20, '0000-00-00', 20, 20, 80000, 100000),
('SG045456LN', '45 X 45 X 6', 'SEGI', 'LN', 'Batang', 20, 20, 20, '0000-00-00', 20, 20, 80000, 100000),
('SG045456MS', '45 X 45 X 6', 'SEGI', 'DN', 'Batang', 20, 20, 20, '0000-00-00', 20, 20, 80000, 100000),
('SG050505000', '50 X 50 X 5000', 'SEGI', '', 'Batang', 20, 20, 20, '0000-00-00', 20, 20, 80000, 100000),
('SG050505500', '50 X 50 X 5500', 'SEGI', '', 'Batang', 20, 20, 20, '0000-00-00', 20, 20, 80000, 100000),
('SG050505800', '50 X 50 X 5800', 'SEGI', '', 'Batang', 20, 20, 20, '0000-00-00', 20, 20, 80000, 100000),
('SG050506DN', '50x50x6 /9Btg Bengkok', 'SEGI', 'DN', 'Batang', 20, 20, 20, '0000-00-00', 20, 20, 80000, 100000),
('SG050506LN', '50 X 50 X 6', 'SEGI', 'LN', 'Batang', 20, 20, 20, '0000-00-00', 20, 20, 80000, 100000),
('SG065655800', '65 X 65 X 5800', 'SEGI', '', 'Batang', 20, 20, 20, '0000-00-00', 20, 20, 80000, 100000),
('SG065656', '65 X 65 X 6', 'SEGI', '', 'Batang', 20, 20, 20, '0000-00-00', 20, 20, 80000, 100000),
('SG065656LN', '65 X 65 X 6', 'SEGI', 'LN', 'Batang', 20, 20, 20, '0000-00-00', 20, 20, 80000, 100000),
('SG075756', '75 X 75 X 6', 'SEGI', '', 'Batang', 20, 20, 20, '0000-00-00', 20, 20, 80000, 100000),
('SG075756LN', '75 X 75 X 6', 'SEGI', 'LN', 'Batang', 20, 20, 20, '0000-00-00', 20, 20, 80000, 100000),
('SK0252536', '25x25x3x6', 'SIKU', '', 'Batang', 20, 20, 20, '0000-00-00', 20, 20, 80000, 100000),
('SK0303036ITW', '30x30x3x6', 'SIKU', 'ITW', 'Batang', 20, 20, 20, '0000-00-00', 20, 20, 80000, 100000),
('SK0303036XW', '30x30x3x6', 'SIKU', 'XW', 'Batang', 20, 20, 20, '0000-00-00', 20, 20, 80000, 100000),
('SK0404036', '40x40x3x6', 'SIKU', '', 'Batang', 20, 20, 20, '0000-00-00', 20, 20, 80000, 100000),
('SK0404046ITW', '40x40x4x6', 'SIKU', 'ITW', 'Batang', 20, 20, 20, '0000-00-00', 20, 20, 80000, 100000),
('SK0404046KS', '40x40x4x6', 'SIKU', 'KS', 'Batang', 20, 20, 20, '0000-00-00', 20, 20, 80000, 100000),
('SK0404046XW', '40x40x4x6', 'SIKU', 'XW', 'Batang', 20, 20, 20, '0000-00-00', 20, 20, 80000, 100000),
('SK0404056', '40x40x5x6', 'SIKU', '', 'Batang', 20, 20, 20, '0000-00-00', 20, 20, 80000, 100000),
('SK0454536', '45x45x3x6', 'SIKU', '', 'Batang', 20, 20, 20, '0000-00-00', 20, 20, 80000, 100000),
('SK04545412', '45x45x4x12', 'SIKU', '', 'Batang', 20, 20, 20, '0000-00-00', 20, 20, 80000, 100000),
('SK0454546', '45x45x4x6', 'SIKU', '', 'Batang', 20, 20, 20, '0000-00-00', 20, 20, 80000, 100000),
('SK0454556', '45x45x5x6', 'SIKU', '', 'Batang', 20, 20, 20, '0000-00-00', 20, 20, 80000, 100000),
('SK0505046', '50x50x4x6', 'SIKU', 'TEBAL', 'Batang', 20, 20, 20, '0000-00-00', 20, 20, 80000, 100000),
('SK0505046MS', '50x50x4x6', 'SIKU', 'MS', 'Batang', 20, 20, 20, '0000-00-00', 20, 20, 80000, 100000),
('SK05050512KS', '50x50x5x12', 'SIKU', 'KS', 'Batang', 20, 20, 20, '0000-00-00', 20, 20, 80000, 100000),
('SK0505056ITW', '50x50x5x6', 'SIKU', 'ITW', 'Batang', 20, 20, 20, '0000-00-00', 20, 20, 80000, 100000),
('SK0505056KS', '50x50x5x6', 'SIKU', 'KS', 'Batang', 20, 20, 20, '0000-00-00', 20, 20, 80000, 100000),
('SK0505056LN', '50x50x5x6', 'SIKU', 'LN', 'Batang', 20, 20, 20, '0000-00-00', 20, 20, 80000, 100000),
('SK0505056XW', '50x50x5x6', 'SIKU', 'XW', 'Batang', 20, 20, 20, '0000-00-00', 20, 20, 80000, 100000),
('SK0505066DN', '50x50x6x6', 'SIKU', 'DN', 'Batang', 20, 20, 20, '0000-00-00', 20, 20, 80000, 100000),
('SK0505066LN', '50x50x6x6', 'SIKU', 'LN', 'Batang', 20, 20, 20, '0000-00-00', 20, 20, 80000, 100000),
('SK0606046', '60x60x4x6', 'SIKU', '', 'Batang', 20, 20, 20, '0000-00-00', 20, 20, 80000, 100000),
('SK0606056BBBTIPIS', '60x60x5x6', 'SIKU', 'BBB-T', 'Batang', 20, 20, 20, '0000-00-00', 20, 20, 80000, 100000),
('SK0606066ITW', '60x60x6x6', 'SIKU', 'ITW', 'Batang', 20, 20, 20, '0000-00-00', 20, 20, 80000, 100000),
('SK0606066KS', '60x60x6x6', 'SIKU', 'KS', 'Batang', 20, 20, 20, '0000-00-00', 20, 20, 80000, 100000),
('SK0606066XW', '60x60x6x6', 'SIKU', 'XW', 'Batang', 20, 20, 20, '0000-00-00', 20, 20, 80000, 100000),
('SK0636366LN', '63x63x6x6', 'SIKU', 'LN', 'Batang', 20, 20, 20, '0000-00-00', 20, 20, 80000, 100000),
('SK0656556', '65x65x5x6', 'SIKU', '', 'Batang', 20, 20, 20, '0000-00-00', 20, 20, 80000, 100000),
('SK06565658ACN', '65x65x6x5''8', 'SIKU', 'ACN', 'Batang', 20, 20, 20, '0000-00-00', 20, 20, 80000, 100000),
('SK0656566ITW', '65x65x6x6', 'SIKU', 'ITW', 'Batang', 20, 20, 20, '0000-00-00', 20, 20, 80000, 100000),
('SK0656566KS', '65x65x6x6', 'SIKU', 'KS', 'Batang', 20, 20, 20, '0000-00-00', 20, 20, 80000, 100000),
('SK0656566LNKTP', '65x65x6x6', 'SIKU', 'LNKTP', 'Batang', 20, 20, 20, '0000-00-00', 20, 20, 80000, 100000),
('SK0656566XW', '65x65x6x6', 'SIKU', 'XW', 'Batang', 20, 20, 20, '0000-00-00', 20, 20, 80000, 100000),
('SK07070512', '70x70x5x12', 'SIKU', '', 'Batang', 20, 20, 20, '0000-00-00', 20, 20, 80000, 100000),
('SK07070612', '70x70x6x12', 'SIKU', '', 'Batang', 20, 20, 20, '0000-00-00', 20, 20, 80000, 100000),
('SK07070658', '70x70x6x5,8', 'SIKU', '', 'Batang', 20, 20, 20, '0000-00-00', 20, 20, 80000, 100000),
('SK07070712KS', '70x70x7x12', 'SIKU', 'KS', 'Batang', 20, 20, 20, '0000-00-00', 20, 20, 80000, 100000),
('SK0707076ITW', '70x70x7x6', 'SIKU', 'ITW', 'Batang', 20, 20, 20, '0000-00-00', 20, 20, 80000, 100000),
('SK0707076KS', '70x70x7x6', 'SIKU', 'KS', 'Batang', 20, 20, 20, '0000-00-00', 20, 20, 80000, 100000),
('SK0707076LN', '70x70x7x6', 'SIKU', 'LN', 'Batang', 20, 20, 20, '0000-00-00', 20, 20, 80000, 100000),
('SK0707076XW', '70x70x7x6', 'SIKU', 'XW', 'Batang', 20, 20, 20, '0000-00-00', 20, 20, 80000, 100000),
('SK07070812', '70x70x8x12', 'SIKU', '', 'Batang', 20, 20, 20, '0000-00-00', 20, 20, 80000, 100000),
('SK0707096LN', '70x70x9x6', 'SIKU', 'LN', 'Batang', 20, 20, 20, '0000-00-00', 20, 20, 80000, 100000),
('SK07575512', '75x75x5x12', 'SIKU', '', 'Batang', 20, 20, 20, '0000-00-00', 20, 20, 80000, 100000),
('SK07575612KS', '75x75x6x12', 'SIKU', 'KS', 'Batang', 20, 20, 20, '0000-00-00', 20, 20, 80000, 100000),
('SK0757566ITW', '75x75x6x6', 'SIKU', 'ITW', 'Batang', 20, 20, 20, '0000-00-00', 20, 20, 80000, 100000),
('SK0757566KS', '75x75x6x6', 'SIKU', 'KS', 'Batang', 20, 20, 20, '0000-00-00', 20, 20, 80000, 100000),
('SK0757566LN', '75x75x6x6', 'SIKU', 'LN', 'Batang', 20, 20, 20, '0000-00-00', 20, 20, 80000, 100000),
('SK0757566XW', '75x75x6x6', 'SIKU', 'XW', 'Batang', 20, 20, 20, '0000-00-00', 20, 20, 80000, 100000),
('SK0757576', '75x75x7x6 (LN)', 'SIKU', '', 'Batang', 20, 20, 20, '0000-00-00', 20, 20, 80000, 100000),
('SK0757576KS', '75x75x7x6', 'SIKU', 'KS', 'Batang', 20, 20, 20, '0000-00-00', 20, 20, 80000, 100000),
('SK0757576XW', '75x75x7x6', 'SIKU', 'XW', 'Batang', 20, 20, 20, '0000-00-00', 20, 20, 80000, 100000),
('SK0757586', '75x75x8x6 (LN)', 'SIKU', '', 'Batang', 20, 20, 20, '0000-00-00', 20, 20, 80000, 100000),
('SK0757586KS', '75x75x8x6', 'SIKU', 'KS', 'Batang', 20, 20, 20, '0000-00-00', 20, 20, 80000, 100000),
('SK0757586XW', '75x75x8x6', 'SIKU', 'XW', 'Batang', 20, 20, 20, '0000-00-00', 20, 20, 80000, 100000),
('SK07575912NEW', '75x75x9x12 (LN)', 'SIKU', '', 'Batang', 20, 20, 20, '0000-00-00', 20, 20, 80000, 100000),
('SK0757596', '75x75x9x6', 'SIKU', 'LN', 'Batang', 20, 20, 20, '0000-00-00', 20, 20, 80000, 100000),
('SK080801012', '80x80x10x12', 'SIKU', '', 'Batang', 20, 20, 20, '0000-00-00', 20, 20, 80000, 100000),
('SK0808066XW', '80x80x6x6', 'SIKU', 'XW', 'Batang', 20, 20, 20, '0000-00-00', 20, 20, 80000, 100000),
('SK0808076', '80x80x7x6 (KS)', 'SIKU', '', 'Batang', 20, 20, 20, '0000-00-00', 20, 20, 80000, 100000),
('SK08080812NEW', '80x80x8x12', 'SIKU', '', 'Batang', 20, 20, 20, '0000-00-00', 20, 20, 80000, 100000),
('SK0808086', '80x80x8x6', 'SIKU', 'LN', 'Batang', 20, 20, 20, '0000-00-00', 20, 20, 80000, 100000),
('SK0808086KS', '80x80x8x6', 'SIKU', 'KS', 'Batang', 20, 20, 20, '0000-00-00', 20, 20, 80000, 100000),
('SK0808086STDM', '80x80x8x6', 'SIKU', 'STDM', 'Batang', 20, 20, 20, '0000-00-00', 20, 20, 80000, 100000),
('SK0808096', '80x80x9x6', 'SIKU', '', 'Batang', 20, 20, 20, '0000-00-00', 20, 20, 80000, 100000),
('SK09090106LN', '90x90x10x6', 'SIKU', 'LN', 'Batang', 20, 20, 20, '0000-00-00', 20, 20, 80000, 100000),
('SK09090126', '90x90x12x6', 'SIKU', '', 'Batang', 20, 20, 20, '0000-00-00', 20, 20, 80000, 100000),
('SK09090139', '90x90x13x9', 'SIKU', '', 'Batang', 20, 20, 20, '0000-00-00', 20, 20, 80000, 100000),
('SK0909056', '90x90x5x6', 'SIKU', '', 'Batang', 20, 20, 20, '0000-00-00', 20, 20, 80000, 100000),
('SK09090612', '90x90x6x12', 'SIKU', '', 'Batang', 20, 20, 20, '0000-00-00', 20, 20, 80000, 100000),
('SK0909066', '90x90x6x6', 'SIKU', '', 'Batang', 20, 20, 20, '0000-00-00', 20, 20, 80000, 100000),
('SK09090712', '90x90x7x12', 'SIKU', '', 'Batang', 20, 20, 20, '0000-00-00', 20, 20, 80000, 100000),
('SK0909076', '90x90x7x6', 'SIKU', '', 'Batang', 20, 20, 20, '0000-00-00', 20, 20, 80000, 100000),
('SK09090812', '90x90x8x12', 'SIKU', '', 'Batang', 20, 20, 20, '0000-00-00', 20, 20, 80000, 100000),
('SK0909086LN', '90x90x8x6', 'SIKU', 'LN', 'Batang', 20, 20, 20, '0000-00-00', 20, 20, 80000, 100000),
('SK09090912KS', '90x90x9x12', 'SIKU', 'KS', 'Batang', 20, 20, 20, '0000-00-00', 20, 20, 80000, 100000),
('SK0909096KS', '90x90x9x6', 'SIKU', 'KS', 'Batang', 20, 20, 20, '0000-00-00', 20, 20, 80000, 100000),
('SK0909096KSR', '90x90x9x6', 'SIKU', 'KS-RIJEK', 'Batang', 20, 20, 20, '0000-00-00', 20, 20, 80000, 100000),
('SK0909096LN', '90x90x9x6', 'SIKU', 'LN', 'Batang', 20, 20, 20, '0000-00-00', 20, 20, 80000, 100000),
('SK1001001012KS', '100x100x10x12', 'SIKU', 'KS', 'Batang', 20, 20, 20, '0000-00-00', 20, 20, 80000, 100000),
('SK100100106KS', '100x100x10x6', 'SIKU', 'KS', 'Batang', 20, 20, 20, '0000-00-00', 20, 20, 80000, 100000),
('SK100100106LN', '100x100x10x6', 'SIKU', 'LN', 'Batang', 20, 20, 20, '0000-00-00', 20, 20, 80000, 100000),
('SK100100106RIJEK', '100x100x10x6', 'SIKU', 'RIJEK', 'Batang', 20, 20, 20, '0000-00-00', 20, 20, 80000, 100000),
('SK100100126KS', '100x100x12x6', 'SIKU', 'KS', 'Batang', 20, 20, 20, '0000-00-00', 20, 20, 80000, 100000),
('SK10010014109LN', '100x100x14x10,9', 'SIKU', 'LN', 'Batang', 20, 20, 20, '0000-00-00', 20, 20, 80000, 100000),
('SK1001001411LN', '100x100x14x11', 'SIKU', 'LN', 'Batang', 20, 20, 20, '0000-00-00', 20, 20, 80000, 100000),
('SK1001001412LN', '100x100x14x12', 'SIKU', 'LN', 'Batang', 20, 20, 20, '0000-00-00', 20, 20, 80000, 100000),
('SK100100146LN', '100x100x14x6', 'SIKU', 'LN', 'Batang', 20, 20, 20, '0000-00-00', 20, 20, 80000, 100000),
('SK1001001474LN', '100x100x14x7,4', 'SIKU', 'LN', 'Batang', 20, 20, 20, '0000-00-00', 20, 20, 80000, 100000),
('SK1001001479LN', '100x100x14x7,9', 'SIKU', 'LN', 'Batang', 20, 20, 20, '0000-00-00', 20, 20, 80000, 100000),
('SK1001001481LN', '100x100x14x8,1', 'SIKU', 'LN', 'Batang', 20, 20, 20, '0000-00-00', 20, 20, 80000, 100000),
('SK1001001484LN', '100x100x14x8,4', 'SIKU', 'LN', 'Batang', 20, 20, 20, '0000-00-00', 20, 20, 80000, 100000),
('SK1001001486LN', '100x100x14x8,6', 'SIKU', 'LN', 'Batang', 20, 20, 20, '0000-00-00', 20, 20, 80000, 100000),
('SK1001001488LN', '100x100x14x8,8', 'SIKU', 'LN', 'Batang', 20, 20, 20, '0000-00-00', 20, 20, 80000, 100000),
('SK1001001489LN', '100x100x14x8,9', 'SIKU', 'LN', 'Batang', 20, 20, 20, '0000-00-00', 20, 20, 80000, 100000),
('SK1001001491LN', '100x100x14x9,1', 'SIKU', 'LN', 'Batang', 20, 20, 20, '0000-00-00', 20, 20, 80000, 100000),
('SK1001001493LN', '100x100x14x9,3', 'SIKU', 'LN', 'Batang', 20, 20, 20, '0000-00-00', 20, 20, 80000, 100000),
('SK1001001496LN', '100x100x14x9,6', 'SIKU', 'LN', 'Batang', 20, 20, 20, '0000-00-00', 20, 20, 80000, 100000),
('SK1001001497LN', '100x100x14x9,7', 'SIKU', 'LN', 'Batang', 20, 20, 20, '0000-00-00', 20, 20, 80000, 100000),
('SK1001001498LN', '100x100x14x9,8', 'SIKU', 'LN', 'Batang', 20, 20, 20, '0000-00-00', 20, 20, 80000, 100000),
('SK1001001499LN', '100x100x14x9,9', 'SIKU', 'LN', 'Batang', 20, 20, 20, '0000-00-00', 20, 20, 80000, 100000),
('SK10010076LN', '100x100x7x6', 'SIKU', 'LN', 'Batang', 20, 20, 20, '0000-00-00', 20, 20, 80000, 100000),
('SK10010086KS', '100x100x8x6', 'SIKU', 'KS', 'Batang', 20, 20, 20, '0000-00-00', 20, 20, 80000, 100000),
('SK10010086LN', '100x100x8x6', 'SIKU', 'LN', 'Batang', 20, 20, 20, '0000-00-00', 20, 20, 80000, 100000),
('SK100100956TD', '100x100x9,5x6', 'SIKU', 'TD-LN', 'Batang', 20, 20, 20, '0000-00-00', 20, 20, 80000, 100000),
('SK10010096LN', '100x100x9x6', 'SIKU', 'LN', 'Batang', 20, 20, 20, '0000-00-00', 20, 20, 80000, 100000),
('SK1201201012', '120x120x10x12', 'SIKU', '', 'Batang', 20, 20, 20, '0000-00-00', 20, 20, 80000, 100000),
('SK120120106KS', '120x120x10x6', 'SIKU', 'KS', 'Batang', 20, 20, 20, '0000-00-00', 20, 20, 80000, 100000),
('SK1201201112KS', '120x120x11x12', 'SIKU', 'KS', 'Batang', 20, 20, 20, '0000-00-00', 20, 20, 80000, 100000),
('SK120120116', '120x120x11x6', 'SIKU', '', 'Batang', 20, 20, 20, '0000-00-00', 20, 20, 80000, 100000),
('SK120120116KS', '120x120x11x6', 'SIKU', 'KS', 'Batang', 20, 20, 20, '0000-00-00', 20, 20, 80000, 100000),
('SK120120116TD', '120x120x11x6', 'SIKU', 'TD', 'Batang', 20, 20, 20, '0000-00-00', 20, 20, 80000, 100000),
('SK1201201212KS', '120x120x12x12', 'SIKU', 'KS', 'Batang', 20, 20, 20, '0000-00-00', 20, 20, 80000, 100000),
('SK1201201255', '120x120x12x5,5', 'SIKU', '', 'Batang', 20, 20, 20, '0000-00-00', 20, 20, 80000, 100000),
('SK120120126KS', '120x120x12x6', 'SIKU', 'KS', 'Batang', 20, 20, 20, '0000-00-00', 20, 20, 80000, 100000),
('SK120120126KSTD', '120x120x12x6', 'SIKU', 'KSTD', 'Batang', 20, 20, 20, '0000-00-00', 20, 20, 80000, 100000),
('SK120120146', '120x120x14x6', 'SIKU', '', 'Batang', 20, 20, 20, '0000-00-00', 20, 20, 80000, 100000),
('SK120120812', '120x120x8x12', 'SIKU', '', 'Batang', 20, 20, 20, '0000-00-00', 20, 20, 80000, 100000),
('SK125125126LN', '125x125x12x6', 'SIKU', 'LN', 'Batang', 20, 20, 20, '0000-00-00', 20, 20, 80000, 100000),
('SK1301301012KETIMPA', '130x130x10x12', 'SIKU', 'LN KTP', 'Batang', 20, 20, 20, '0000-00-00', 20, 20, 80000, 100000),
('SK1301301212KS', '130x130x12x12', 'SIKU', 'KS', 'Batang', 20, 20, 20, '0000-00-00', 20, 20, 80000, 100000),
('SK1301301212LN', '130x130x12x12', 'SIKU', 'LN', 'Batang', 20, 20, 20, '0000-00-00', 20, 20, 80000, 100000),
('SK130130126KS', '130x130x12x6', 'SIKU', 'KS', 'Batang', 20, 20, 20, '0000-00-00', 20, 20, 80000, 100000),
('SK130130912', '130x130x9x12', 'SIKU', '', 'Batang', 20, 20, 20, '0000-00-00', 20, 20, 80000, 100000),
('SK13013096', '130x130x9x6', 'SIKU', '', 'Batang', 20, 20, 20, '0000-00-00', 20, 20, 80000, 100000),
('SK135125126KSTD', '135x125x12x6', 'SIKU', 'KSTD', 'Batang', 20, 20, 20, '0000-00-00', 20, 20, 80000, 100000),
('SK1501501012', '150x150x10x12', 'SIKU', '', 'Batang', 20, 20, 20, '0000-00-00', 20, 20, 80000, 100000),
('SK150150106LN', '150x150x10x6', 'SIKU', 'LN', 'Batang', 20, 20, 20, '0000-00-00', 20, 20, 80000, 100000),
('SK1501501212KS', '150x150x12x12', 'SIKU', 'KS', 'Batang', 20, 20, 20, '0000-00-00', 20, 20, 80000, 100000),
('SK150150126KS', '150x150x12x6', 'SIKU', 'KS', 'Batang', 20, 20, 20, '0000-00-00', 20, 20, 80000, 100000),
('SK1501501456INDGRAHA', '150x150x14,5x6', 'SIKU', '', 'Batang', 20, 20, 20, '0000-00-00', 20, 20, 80000, 100000),
('SK150150146KS', '150x150x14x6', 'SIKU', 'KS', 'Batang', 20, 20, 20, '0000-00-00', 20, 20, 80000, 100000),
('SK1501501512KS', '150x150x15x12', 'SIKU', 'KS', 'Batang', 20, 20, 20, '0000-00-00', 20, 20, 80000, 100000),
('SK1501501512KSTD', '150x150x15x12', 'SIKU', 'KSTD', 'Batang', 20, 20, 20, '0000-00-00', 20, 20, 80000, 100000),
('SK150150156KS', '150x150x15x6', 'SIKU', 'KS', 'Batang', 20, 20, 20, '0000-00-00', 20, 20, 80000, 100000),
('SK150150156LN', '150x150x15x6', 'SIKU', 'LN', 'Batang', 20, 20, 20, '0000-00-00', 20, 20, 80000, 100000),
('SK150150166LN', '150x150x16x6', 'SIKU', 'LN', 'Batang', 20, 20, 20, '0000-00-00', 20, 20, 80000, 100000),
('SK1501501812', '150x150x18x12', 'SIKU', 'LN', 'Batang', 20, 20, 20, '0000-00-00', 20, 20, 80000, 100000),
('SK150150206LN', '150x150x20x6', 'SIKU', 'LN', 'Batang', 20, 20, 20, '0000-00-00', 20, 20, 80000, 100000),
('SK160160176LN', '160x160x17x6', 'SIKU', 'LN', 'Batang', 20, 20, 20, '0000-00-00', 20, 20, 80000, 100000),
('SK1751751512LN', '175x175x15x12', 'SIKU', 'LN', 'Batang', 20, 20, 20, '0000-00-00', 20, 20, 80000, 100000),
('SK1801801812LN', '180x180x18x12', 'SIKU', 'LN', 'Batang', 20, 20, 20, '0000-00-00', 20, 20, 80000, 100000),
('SK2002001612LN', '200x200x16x12', 'SIKU', 'LN', 'Batang', 20, 20, 20, '0000-00-00', 20, 20, 80000, 100000),
('SK200200166LNTD', '200x200x16x6', 'SIKU', 'LNTD', 'Batang', 20, 20, 20, '0000-00-00', 20, 20, 80000, 100000),
('SK2002002012KSTD', '200x200x20x12', 'SIKU', 'KS', 'Batang', 20, 20, 20, '0000-00-00', 20, 20, 80000, 100000),
('SK200200206KS', '200x200x20x6', 'SIKU', 'KS', 'Batang', 20, 20, 20, '0000-00-00', 20, 20, 80000, 100000),
('SK2002002512BP', '200x200x25x12', 'SIKU', 'BP', 'Batang', 20, 20, 20, '0000-00-00', 20, 20, 80000, 100000),
('SK2502503512LN', '250x250x35x12', 'SIKU', 'LN', 'Batang', 20, 20, 20, '0000-00-00', 20, 20, 80000, 100000),
('SKNS07575610', '75x75x6x10', 'SIKU', 'NS', 'Batang', 20, 20, 20, '0000-00-00', 20, 20, 80000, 100000),
('SKNS100100810', '100x100x8x10', 'SIKU', 'NS', 'Batang', 20, 20, 20, '0000-00-00', 20, 20, 80000, 100000),
('SKNS10010088', '100x100x8x8', 'SIKU', 'NS', 'Batang', 20, 20, 20, '0000-00-00', 20, 20, 80000, 100000),
('SKNS120120109', '120x120x10x9', 'SIKU', 'NS', 'Batang', 20, 20, 20, '0000-00-00', 20, 20, 80000, 100000),
('SKNS1301301210', '130x130x12x10', 'SIKU', 'NS', 'Batang', 20, 20, 20, '0000-00-00', 20, 20, 80000, 100000),
('SKNS1401401211', '140x140x12x11', 'SIKU', 'NS', 'Batang', 20, 20, 20, '0000-00-00', 20, 20, 80000, 100000),
('SKNS14014012117', '140x140x12x11,7', 'SIKU', 'NS', 'Batang', 20, 20, 20, '0000-00-00', 20, 20, 80000, 100000),
('SKNS1501501210', '150x150x12x10', 'SIKU', 'NS', 'Batang', 20, 20, 20, '0000-00-00', 20, 20, 80000, 100000),
('SKNS1501501211', '150x150x12x11', 'SIKU', 'NS', 'Batang', 20, 20, 20, '0000-00-00', 20, 20, 80000, 100000),
('SKNS15015012115LN', '150x150x12x11,5', 'SIKU', 'NS - LN', 'Batang', 20, 20, 20, '0000-00-00', 20, 20, 80000, 100000),
('SKNS150150123', '150x150x12x3', 'SIKU', 'NS', 'Batang', 20, 20, 20, '0000-00-00', 20, 20, 80000, 100000),
('SKNS150150124', '150x150x12x4', 'SIKU', 'NS', 'Batang', 20, 20, 20, '0000-00-00', 20, 20, 80000, 100000),
('SKNS150150129', '150x150x12x9', 'SIKU', 'NS', 'Batang', 20, 20, 20, '0000-00-00', 20, 20, 80000, 100000),
('SKNS150150151', '150x150x15x1', 'SIKU', 'NS', 'Batang', 20, 20, 20, '0000-00-00', 20, 20, 80000, 100000),
('SKNS1501501511', '150x150x15x11', 'SIKU', 'NS', 'Batang', 20, 20, 20, '0000-00-00', 20, 20, 80000, 100000);
INSERT INTO `barang` (`Kode`, `Ukuran`, `Nama`, `Nama2`, `Satuan1`, `Qty1`, `QtyOp`, `QtyGudang`, `Tgl_Saw`, `Saw`, `SawGudang`, `Harga_Beli`, `Harga_Jual`) VALUES
('SKNS150150152', '150x150x15x2', 'SIKU', 'NS', 'Batang', 20, 20, 20, '0000-00-00', 20, 20, 80000, 100000),
('SKNS150150157', '150x150x15x7', 'SIKU', 'NS', 'Batang', 20, 20, 20, '0000-00-00', 20, 20, 80000, 100000),
('SKNS150150158', '150x150x15x8', 'SIKU', 'NS', 'Batang', 20, 20, 20, '0000-00-00', 20, 20, 80000, 100000),
('SKNS150150168', '150x150x16x8,3', 'SIKU', 'NS', 'Batang', 20, 20, 20, '0000-00-00', 20, 20, 80000, 100000),
('SL0755066', '75 X 50 X 6 X 6', 'SIKU L', '', 'Batang', 20, 20, 20, '0000-00-00', 20, 20, 80000, 100000),
('SL09065106', '90 X 65 X 10 X 6', 'SIKU L', '', 'Batang', 20, 20, 20, '0000-00-00', 20, 20, 80000, 100000),
('SL0906586', '90 X 65 X 8 X 6', 'SIKU L', '', 'Batang', 20, 20, 20, '0000-00-00', 20, 20, 80000, 100000),
('SL0906596', '90 X 65 X 9 X 6', 'SIKU L', '', 'Batang', 20, 20, 20, '0000-00-00', 20, 20, 80000, 100000),
('SL1007510065', '100 X 75 X 10 X 6,5', 'SIKU L', '', 'Batang', 20, 20, 20, '0000-00-00', 20, 20, 80000, 100000),
('SL1007510105', '100 X 75 X 10 X 10,5', 'SIKU L', '', 'Batang', 20, 20, 20, '0000-00-00', 20, 20, 80000, 100000),
('SL100751012', '100 X 75 X 10 X 12', 'SIKU L', '', 'Batang', 20, 20, 20, '0000-00-00', 20, 20, 80000, 100000),
('SL1501000912', '150 X 100 X 9 X 12', 'SIKU L', '', 'Batang', 20, 20, 20, '0000-00-00', 20, 20, 80000, 100000),
('SL1501001510', '150 X 100 X 15 X 10', 'SIKU L', '', 'Batang', 20, 20, 20, '0000-00-00', 20, 20, 80000, 100000),
('SL1501301506', '150 X 130 X 15 X 6', 'SIKU L', '', 'Batang', 20, 20, 20, '0000-00-00', 20, 20, 80000, 100000),
('SL150900911', '150 X 90 X 9 X 11', 'SIKU L', '', 'Batang', 20, 20, 20, '0000-00-00', 20, 20, 80000, 100000),
('SL150901012', '150 X 90 X 10 X 12', 'SIKU L', '', 'Batang', 20, 20, 20, '0000-00-00', 20, 20, 80000, 100000),
('SL150901308', '150 X 90 X 13 X 8', 'SIKU L', '', 'Batang', 20, 20, 20, '0000-00-00', 20, 20, 80000, 100000),
('SL15090135', '150 X 90 X 13 X 5', 'SIKU L', '', 'Batang', 20, 20, 20, '0000-00-00', 20, 20, 80000, 100000),
('SL15090908', '150 X 90 X 9 X 8', 'SIKU L', '', 'Batang', 20, 20, 20, '0000-00-00', 20, 20, 80000, 100000),
('SL1509092', '150 X 90 X 9 X 2', 'SIKU L', '', 'Batang', 20, 20, 20, '0000-00-00', 20, 20, 80000, 100000),
('SL1509094', '150 X 90 X 9 X 4', 'SIKU L', '', 'Batang', 20, 20, 20, '0000-00-00', 20, 20, 80000, 100000),
('SL20010009706', '200 X 100 X 9''7 X 6', 'SIKU L', '', 'Batang', 20, 20, 20, '0000-00-00', 20, 20, 80000, 100000),
('U050386MS', '50 X 38 X 6', 'UNP', 'MS', 'Batang', 20, 20, 20, '0000-00-00', 20, 20, 80000, 100000),
('U065406G', '65 X 40 X 6', 'UNP', 'GLV', 'Batang', 20, 20, 20, '0000-00-00', 20, 20, 80000, 100000),
('U065406KYF', '65 X 40 X 6', 'UNP', 'KYF', 'Batang', 20, 20, 20, '0000-00-00', 20, 20, 80000, 100000),
('U065406MS', '65 X 40 X 6', 'UNP', 'MS', 'Batang', 20, 20, 20, '0000-00-00', 20, 20, 80000, 100000),
('U080456MS', '80 X 45 X 6', 'UNP', 'MS', 'Batang', 20, 20, 20, '0000-00-00', 20, 20, 80000, 100000),
('U1005012', '100 X 50 X 12', 'UNP', '', 'Batang', 20, 20, 20, '0000-00-00', 20, 20, 80000, 100000),
('U10050376LN', '100 X 50 X 6', 'UNP', 'LN', 'Batang', 20, 20, 20, '0000-00-00', 20, 20, 80000, 100000),
('U10050424356LN', '100 X 50 X (4''2/4''3) X 6', 'UNP', 'LN', 'Batang', 20, 20, 20, '0000-00-00', 20, 20, 80000, 100000),
('U100506MS', '100 X 50 X 6', 'UNP', 'MS', 'Batang', 20, 20, 20, '0000-00-00', 20, 20, 80000, 100000),
('U100506XW', '100 X 50 X 6', 'UNP', 'XW', 'Batang', 20, 20, 20, '0000-00-00', 20, 20, 80000, 100000),
('U1205512', '120 X 55 X 12', 'UNP', '', 'Batang', 20, 20, 20, '0000-00-00', 20, 20, 80000, 100000),
('U1205545556LN', '120 X 55 X 4,5/5,5 X 6', 'UNP', 'LN', 'Batang', 20, 20, 20, '0000-00-00', 20, 20, 80000, 100000),
('U120556MS', '120 X 55 X 6', 'UNP', 'MS', 'Batang', 20, 20, 20, '0000-00-00', 20, 20, 80000, 100000),
('U1256512LN', '125 X 65 X 12', 'UNP', 'LN', 'Batang', 20, 20, 20, '0000-00-00', 20, 20, 80000, 100000),
('U125656', '125 X 65 X 6       MS', 'UNP', '', 'Batang', 20, 20, 20, '0000-00-00', 20, 20, 80000, 100000),
('U125656KYF', '125 X 65 X 6', 'UNP', 'KYF', 'Batang', 20, 20, 20, '0000-00-00', 20, 20, 80000, 100000),
('U125656LN', '125 X 65 X 6', 'UNP', 'LN', 'Batang', 20, 20, 20, '0000-00-00', 20, 20, 80000, 100000),
('U1406012', '140 X 60 X 12', 'UNP', '', 'Batang', 20, 20, 20, '0000-00-00', 20, 20, 80000, 100000),
('U140606LN', '140 X 60 X 6', 'UNP', 'LN', 'Batang', 20, 20, 20, '0000-00-00', 20, 20, 80000, 100000),
('U1406MS', '140 X 60 X 6', 'UNP', 'MS', 'Batang', 20, 20, 20, '0000-00-00', 20, 20, 80000, 100000),
('U1507512KS', '150 X 75 X 12', 'UNP', 'KS', 'Batang', 20, 20, 20, '0000-00-00', 20, 20, 80000, 100000),
('U1507512LN', '150 X 75 X 12', 'UNP', 'LN', 'Batang', 20, 20, 20, '0000-00-00', 20, 20, 80000, 100000),
('U150756KS', '150 X 75 X 6', 'UNP', 'KS', 'Batang', 20, 20, 20, '0000-00-00', 20, 20, 80000, 100000),
('U150756KSTD', '150 X 75 X 6', 'UNP', 'KSTD', 'Batang', 20, 20, 20, '0000-00-00', 20, 20, 80000, 100000),
('U150756LN', '150 X 75 X 6', 'UNP', 'LN', 'Batang', 20, 20, 20, '0000-00-00', 20, 20, 80000, 100000),
('U150756MS', '150 X 75 X 6', 'UNP', 'MS', 'Batang', 20, 20, 20, '0000-00-00', 20, 20, 80000, 100000),
('U150756XW', '150 X 75 X 6', 'UNP', 'XW', 'Batang', 20, 20, 20, '0000-00-00', 20, 20, 80000, 100000),
('U1509012', '150 X 90 X 12', 'UNP', '', 'Batang', 20, 20, 20, '0000-00-00', 20, 20, 80000, 100000),
('U160656LN', '160 X 65 X 6', 'UNP', 'LN', 'Batang', 20, 20, 20, '0000-00-00', 20, 20, 80000, 100000),
('U160659', '160 X 65 X 9', 'UNP', '', 'Batang', 20, 20, 20, '0000-00-00', 20, 20, 80000, 100000),
('U178559', '178 X 55 X 9', 'UNP', '', 'Batang', 20, 20, 20, '0000-00-00', 20, 20, 80000, 100000),
('U1805212LN', '180 X 52 X 12', 'UNP', 'LN', 'Batang', 20, 20, 20, '0000-00-00', 20, 20, 80000, 100000),
('U180656LN', '180 X 65 X 6', 'UNP', 'LN', 'Batang', 20, 20, 20, '0000-00-00', 20, 20, 80000, 100000),
('U1807012LN', '180 X 70 X 12', 'UNP', 'LN', 'Batang', 20, 20, 20, '0000-00-00', 20, 20, 80000, 100000),
('U180706', '180 X 70 X 6    LN', 'UNP', '', 'Batang', 20, 20, 20, '0000-00-00', 20, 20, 80000, 100000),
('U180756LN', '180 X 75 X 6', 'UNP', 'LN', 'Batang', 20, 20, 20, '0000-00-00', 20, 20, 80000, 100000),
('U200756LN', '200 X 75 X 6', 'UNP', 'LN', 'Batang', 20, 20, 20, '0000-00-00', 20, 20, 80000, 100000),
('U200756MS', '200 X 75 X 6', 'UNP', 'MS', 'Batang', 20, 20, 20, '0000-00-00', 20, 20, 80000, 100000),
('U2008012KS', '200 X 80 X 12', 'UNP', 'KS', 'Batang', 20, 20, 20, '0000-00-00', 20, 20, 80000, 100000),
('U200806KSTD', '200 X 80 X 6', 'UNP', 'KS', 'Batang', 20, 20, 20, '0000-00-00', 20, 20, 80000, 100000),
('U200806LN', '200 X 80 X 6', 'UNP', 'LN', 'Batang', 20, 20, 20, '0000-00-00', 20, 20, 80000, 100000),
('U2009010LN', '200 X 90 X 10', 'UNP', 'LN', 'Batang', 20, 20, 20, '0000-00-00', 20, 20, 80000, 100000),
('U200906LN', '200 X 90 X 6', 'UNP', 'LN', 'Batang', 20, 20, 20, '0000-00-00', 20, 20, 80000, 100000),
('U200909G', '200 X 90 X 9', 'UNP', 'GALVANIZED', 'Batang', 20, 20, 20, '0000-00-00', 20, 20, 80000, 100000),
('U220756LN', '220 X 75 X 6', 'UNP', 'LN', 'Batang', 20, 20, 20, '0000-00-00', 20, 20, 80000, 100000),
('U2408512LN', '240 X 85 X 12', 'UNP', 'LN', 'Batang', 20, 20, 20, '0000-00-00', 20, 20, 80000, 100000),
('U240856LN', '240 X 85 X 6', 'UNP', 'LN', 'Batang', 20, 20, 20, '0000-00-00', 20, 20, 80000, 100000),
('U250806LN', '250 X 80 X 6', 'UNP', 'LN', 'Batang', 20, 20, 20, '0000-00-00', 20, 20, 80000, 100000),
('U2509012KS', '250 X 90 X 12', 'UNP', 'KS', 'Batang', 20, 20, 20, '0000-00-00', 20, 20, 80000, 100000),
('U2509012LN', '250 X 90 X 12', 'UNP', 'LN', 'Batang', 20, 20, 20, '0000-00-00', 20, 20, 80000, 100000),
('U250906KS', '250 X 90 X 6', 'UNP', 'KS', 'Batang', 20, 20, 20, '0000-00-00', 20, 20, 80000, 100000),
('U250906LN', '250 X 90 X 6', 'UNP', 'LN', 'Batang', 20, 20, 20, '0000-00-00', 20, 20, 80000, 100000),
('U250906MS', '250 X 90 X 6', 'UNP', 'MS', 'Batang', 20, 20, 20, '0000-00-00', 20, 20, 80000, 100000),
('U250906XW', '250 X 90 X 6', 'UNP', 'XW', 'Batang', 20, 20, 20, '0000-00-00', 20, 20, 80000, 100000),
('U2609012LN', '260 X 90 X 12', 'UNP', 'LN', 'Batang', 20, 20, 20, '0000-00-00', 20, 20, 80000, 100000),
('U260906LN', '260 X 90 X 6', 'UNP', 'LN', 'Batang', 20, 20, 20, '0000-00-00', 20, 20, 80000, 100000),
('U3008512LN', '300 X 85 X 12', 'UNP', 'LN', 'Batang', 20, 20, 20, '0000-00-00', 20, 20, 80000, 100000),
('U3008536', '300 X 85 X 3,6', 'UNP', '', 'Batang', 20, 20, 20, '0000-00-00', 20, 20, 80000, 100000),
('U300856LN', '300 X 85 X 6', 'UNP', 'LN', 'Batang', 20, 20, 20, '0000-00-00', 20, 20, 80000, 100000),
('U300874LN', '300 X 87 X 4', 'UNP', 'LN', 'Batang', 20, 20, 20, '0000-00-00', 20, 20, 80000, 100000),
('U3009012LN', '300 X 90 X 12', 'UNP', 'LN', 'Batang', 20, 20, 20, '0000-00-00', 20, 20, 80000, 100000),
('U3808612LN', '380 X 86 X 12', 'UNP', 'LN', 'Batang', 20, 20, 20, '0000-00-00', 20, 20, 80000, 100000),
('WF1507512GG', '150 X 75 X 12', 'IWF', 'GG', 'Batang', 20, 20, 20, '0000-00-00', 20, 20, 80000, 100000),
('WF1507512KS', '150 X 75 X 12', 'IWF', 'KS', 'Batang', 20, 20, 20, '0000-00-00', 20, 20, 80000, 100000),
('WF1507512LN', '150 X 75 X 12', 'IWF', 'LN', 'Batang', 20, 20, 20, '0000-00-00', 20, 20, 80000, 100000),
('WF1507512TD', '150 X 75 X 12', 'IWF', 'TD', 'Batang', 20, 20, 20, '0000-00-00', 20, 20, 80000, 100000),
('WF150756GG', '150 X 75 X 6', 'IWF', 'GG', 'Batang', 20, 20, 20, '0000-00-00', 20, 20, 80000, 100000),
('WF150756KS', '150 X 75 X 6', 'IWF', 'KS', 'Batang', 20, 20, 20, '0000-00-00', 20, 20, 80000, 100000),
('WF150756TD', '150 X 75 X 6', 'IWF', 'TD/ LN', 'Batang', 20, 20, 20, '0000-00-00', 20, 20, 80000, 100000),
('WF1989912GG', '198 X 99 X 12', 'IWF', 'GG', 'Batang', 20, 20, 20, '0000-00-00', 20, 20, 80000, 100000),
('WF1989912LN', '198 X 99 X 12', 'IWF', 'LN', 'Batang', 20, 20, 20, '0000-00-00', 20, 20, 80000, 100000),
('WF1989912TD', '198 X 99 X 12', 'IWF', 'TD', 'Batang', 20, 20, 20, '0000-00-00', 20, 20, 80000, 100000),
('WF198996TD', '198 X 99 X 6', 'IWF', 'TD', 'Batang', 20, 20, 20, '0000-00-00', 20, 20, 80000, 100000),
('WF20010012GG', '200 X 100 X 12', 'IWF', 'GG', 'Batang', 20, 20, 20, '0000-00-00', 20, 20, 80000, 100000),
('WF20010012KS', '200 X 100 X 12', 'IWF', 'KS', 'Batang', 20, 20, 20, '0000-00-00', 20, 20, 80000, 100000),
('WF20010012LN', '200 X 100 X 12', 'IWF', 'LN', 'Batang', 20, 20, 20, '0000-00-00', 20, 20, 80000, 100000),
('WF20010012TD', '200 X 100 X 12', 'IWF', 'TD', 'Batang', 20, 20, 20, '0000-00-00', 20, 20, 80000, 100000),
('WF2001006KSTD', '200 X 100 X 6', 'IWF', 'KSTD', 'Batang', 20, 20, 20, '0000-00-00', 20, 20, 80000, 100000),
('WF2401756', '240 X 175 X 6', 'IWF', '', 'Batang', 20, 20, 20, '0000-00-00', 20, 20, 80000, 100000),
('WF24812412GG', '248 X 124 X 12', 'IWF', 'GG', 'Batang', 20, 20, 20, '0000-00-00', 20, 20, 80000, 100000),
('WF24812412KS', '248 X 124 X 12', 'IWF', 'KS', 'Batang', 20, 20, 20, '0000-00-00', 20, 20, 80000, 100000),
('WF24812412LN', '248 X 124 X 12', 'IWF', 'LN', 'Batang', 20, 20, 20, '0000-00-00', 20, 20, 80000, 100000),
('WF24812412TD', '248 X 124 X 12', 'IWF', 'TD', 'Batang', 20, 20, 20, '0000-00-00', 20, 20, 80000, 100000),
('WF2481246', '248 X 124 X 6', 'IWF', 'BAGUS', 'Batang', 20, 20, 20, '0000-00-00', 20, 20, 80000, 100000),
('WF2481246TD', '248 X 124 X 6', 'IWF', 'TD', 'Batang', 20, 20, 20, '0000-00-00', 20, 20, 80000, 100000),
('WF25012512GG', '250 X 125 X 12', 'IWF', 'GG', 'Batang', 20, 20, 20, '0000-00-00', 20, 20, 80000, 100000),
('WF25012512KS', '250 X 125 X 12', 'IWF', 'KS', 'Batang', 20, 20, 20, '0000-00-00', 20, 20, 80000, 100000),
('WF25012512LN', '250 X 125 X 12', 'IWF', 'LN', 'Batang', 20, 20, 20, '0000-00-00', 20, 20, 80000, 100000),
('WF25012512MENIKS', '250 X 125 X 12', 'IWF', 'MENI KS', 'Batang', 20, 20, 20, '0000-00-00', 20, 20, 80000, 100000),
('WF25012512TD', '250 X 125 X 12', 'IWF', 'TD', 'Batang', 20, 20, 20, '0000-00-00', 20, 20, 80000, 100000),
('WF2501256GG', '250 X 125 X 6', 'IWF', 'GG', 'Batang', 20, 20, 20, '0000-00-00', 20, 20, 80000, 100000),
('WF2501256KS', '250 X 125 X 6', 'IWF', 'KS', 'Batang', 20, 20, 20, '0000-00-00', 20, 20, 80000, 100000),
('WF2501256KSR', '250 X 125 X 6', 'IWF', 'KS-R', 'Batang', 20, 20, 20, '0000-00-00', 20, 20, 80000, 100000),
('WF29420012', '294 X 200 X 12', 'IWF', '', 'Batang', 20, 20, 20, '0000-00-00', 20, 20, 80000, 100000),
('WF29814912GG', '298 X 149 X 12', 'IWF', 'GG', 'Batang', 20, 20, 20, '0000-00-00', 20, 20, 80000, 100000),
('WF29814912LN', '298 X 149 X 12', 'IWF', 'LN', 'Batang', 20, 20, 20, '0000-00-00', 20, 20, 80000, 100000),
('WF30015012GG', '300 X 150 X 12', 'IWF', 'GG', 'Batang', 20, 20, 20, '0000-00-00', 20, 20, 80000, 100000),
('WF30015012LN', '300 X 150 X 12', 'IWF', 'LN', 'Batang', 20, 20, 20, '0000-00-00', 20, 20, 80000, 100000),
('WF3001506GG', '300 X 150 X 6', 'IWF', 'GG', 'Batang', 20, 20, 20, '0000-00-00', 20, 20, 80000, 100000),
('WF3001506TD', '300 X 150 X 6', 'IWF', 'TD', 'Batang', 20, 20, 20, '0000-00-00', 20, 20, 80000, 100000),
('WF34617412GG', '346 X 174 X 12', 'IWF', 'GG', 'Batang', 20, 20, 20, '0000-00-00', 20, 20, 80000, 100000),
('WF34617412LN', '346 X 174 X 12', 'IWF', 'LN', 'Batang', 20, 20, 20, '0000-00-00', 20, 20, 80000, 100000),
('WF3461746TD', '346 X 174 X 6', 'IWF', 'TD', 'Batang', 20, 20, 20, '0000-00-00', 20, 20, 80000, 100000),
('WF35017512GG', '350 X 175 X 12', 'IWF', 'GG', 'Batang', 20, 20, 20, '0000-00-00', 20, 20, 80000, 100000),
('WF35017512GGTD', '350 X 175 X 12', 'IWF', 'GGTD', 'Batang', 20, 20, 20, '0000-00-00', 20, 20, 80000, 100000),
('WF35017512LN', '350 X 175 X 12', 'IWF', 'LN', 'Batang', 20, 20, 20, '0000-00-00', 20, 20, 80000, 100000),
('WF3501756TD', '350 X 175 X 6', 'IWF', 'TD', 'Batang', 20, 20, 20, '0000-00-00', 20, 20, 80000, 100000),
('WF39619912GG', '396 X 199 X 12', 'IWF', 'GG', 'Batang', 20, 20, 20, '0000-00-00', 20, 20, 80000, 100000),
('WF39619912LN', '396 X 199 X 12', 'IWF', 'LN', 'Batang', 20, 20, 20, '0000-00-00', 20, 20, 80000, 100000),
('WF40020012GG', '400 X 200 X 12', 'IWF', 'GG', 'Batang', 20, 20, 20, '0000-00-00', 20, 20, 80000, 100000),
('WF40020012LN', '400 X 200 X 12', 'IWF', 'LN', 'Batang', 20, 20, 20, '0000-00-00', 20, 20, 80000, 100000),
('WF44619912LN', '446 X 199 X 12', 'IWF', 'LN', 'Batang', 20, 20, 20, '0000-00-00', 20, 20, 80000, 100000),
('WF45020012GG', '450 X 200 X 12', 'IWF', 'GG', 'Batang', 20, 20, 20, '0000-00-00', 20, 20, 80000, 100000),
('WF45020012LN', '450 X 200 X 12', 'IWF', 'LN', 'Batang', 20, 20, 20, '0000-00-00', 20, 20, 80000, 100000),
('WF4502006TD', '450 X 200 X 6', 'IWF', 'TD', 'Batang', 20, 20, 20, '0000-00-00', 20, 20, 80000, 100000),
('WF49620012LN', '496 X 200 X 12', 'IWF', 'LN', 'Batang', 20, 20, 20, '0000-00-00', 20, 20, 80000, 100000),
('WF50020012GG', '500 X 200 X 12', 'IWF', 'GG/NUR CHY', 'Batang', 20, 20, 20, '0000-00-00', 20, 20, 80000, 100000),
('WF50020012LN', '500 X 200 X 12', 'IWF', 'LN', 'Batang', 20, 20, 20, '0000-00-00', 20, 20, 80000, 100000),
('WF5002006TD', '500 X 200 X 6', 'IWF', 'TD', 'Batang', 20, 20, 20, '0000-00-00', 20, 20, 80000, 100000),
('WF58230012LN', '582 X 300 X 12', 'IWF', 'LN', 'Batang', 20, 20, 20, '0000-00-00', 20, 20, 80000, 100000),
('WF58830012LN', '588 X 300 X 12', 'IWF', 'LN', 'Batang', 20, 20, 20, '0000-00-00', 20, 20, 80000, 100000),
('WF5883006TD', '588 X 300 X 6', 'IWF', 'TD', 'Batang', 20, 20, 20, '0000-00-00', 20, 20, 80000, 100000),
('WF60020012GG', '600 X 200 X 12', 'IWF', 'GG', 'Batang', 20, 20, 20, '0000-00-00', 20, 20, 80000, 100000),
('WF60020012GGTD', '600 X 200 X 12', 'IWF', 'GGTD', 'Batang', 20, 20, 20, '0000-00-00', 20, 20, 80000, 100000),
('WF60020012LN', '600 X 200 X 12', 'IWF', 'LN', 'Batang', 20, 20, 20, '0000-00-00', 20, 20, 80000, 100000),
('WF6002006TD', '600 X 200 X 6', 'IWF', 'TD', 'Batang', 20, 20, 20, '0000-00-00', 20, 20, 80000, 100000),
('WF70030012LN', '700 X 300 X 12', 'IWF', 'LN', 'Batang', 20, 20, 20, '0000-00-00', 20, 20, 80000, 100000),
('WF76027012LN', '760 X 270 X 12', 'IWF', 'LN', 'Batang', 20, 20, 20, '0000-00-00', 20, 20, 80000, 100000),
('WFNS25014954', '250 X 149 X 5,4', 'IWF', 'NS', 'Batang', 20, 20, 20, '0000-00-00', 20, 20, 80000, 100000),
('WFNS2981498', '298 X 149 X 8', 'IWF', 'NS', 'Batang', 20, 20, 20, '0000-00-00', 20, 20, 80000, 100000),
('WFNS2981499', '298 X 149 X 9', 'IWF', 'NS', 'Batang', 20, 20, 20, '0000-00-00', 20, 20, 80000, 100000),
('WFNS3961998', '396 X 199 X 8', 'IWF', 'NS', 'Batang', 20, 20, 20, '0000-00-00', 20, 20, 80000, 100000),
('WFNS53520512LN', '535 X 205 X 12', 'IWF', 'NS - LN', 'Batang', 20, 20, 20, '0000-00-00', 20, 20, 80000, 100000),
('WFNS588300325', '588 X 300 X 3,25', 'IWF', 'NS', 'Batang', 20, 20, 20, '0000-00-00', 20, 20, 80000, 100000),
('WFNS6002009', '600 X 200 X 9', 'IWF', 'NS-GG', 'Batang', 20, 20, 20, NULL, 20, 20, 80000, 100000),
('WFNS70030010', '700 X 300 X 10', 'IWF', 'NS', 'M', 20, 20, 20, NULL, 20, 20, 80000, 100000);

-- --------------------------------------------------------

--
-- Table structure for table `bpb_d`
--

CREATE TABLE IF NOT EXISTS `bpb_d` (
  `Kode` int(11) NOT NULL AUTO_INCREMENT,
  `No_Bpb` varchar(25) NOT NULL,
  `Kode_brg` varchar(22) NOT NULL,
  `Qty1` int(11) NOT NULL,
  `Keterangan` varchar(30) DEFAULT NULL,
  PRIMARY KEY (`Kode`)
) ENGINE=InnoDB  DEFAULT CHARSET=latin1 AUTO_INCREMENT=3 ;

--
-- Dumping data for table `bpb_d`
--

INSERT INTO `bpb_d` (`Kode`, `No_Bpb`, `Kode_brg`, `Qty1`, `Keterangan`) VALUES
(1, '1401001', 'AH1005900', 20, ''),
(2, '1401001', 'AH1006', 10, '');

-- --------------------------------------------------------

--
-- Table structure for table `bpb_h`
--

CREATE TABLE IF NOT EXISTS `bpb_h` (
  `No_Bpb` varchar(25) NOT NULL,
  `Tgl_Bpb` date NOT NULL,
  `No_Reff` varchar(25) NOT NULL,
  `Kode_Supp` varchar(25) NOT NULL,
  `Kode_Gudang` varchar(25) NOT NULL,
  `No_Po` varchar(25) NOT NULL,
  `tutuptahun` varchar(200) DEFAULT NULL,
  `tanggal` date DEFAULT NULL,
  PRIMARY KEY (`No_Bpb`)
) ENGINE=InnoDB DEFAULT CHARSET=latin1;

--
-- Dumping data for table `bpb_h`
--

INSERT INTO `bpb_h` (`No_Bpb`, `Tgl_Bpb`, `No_Reff`, `Kode_Supp`, `Kode_Gudang`, `No_Po`, `tutuptahun`, `tanggal`) VALUES
('1401001', '2014-01-07', '123789456', 'S1307001', 'G1307002', '1401001', NULL, NULL);

-- --------------------------------------------------------

--
-- Table structure for table `ci_sessions`
--

CREATE TABLE IF NOT EXISTS `ci_sessions` (
  `session_id` varchar(40) NOT NULL DEFAULT '0',
  `ip_address` varchar(45) NOT NULL DEFAULT '0',
  `user_agent` varchar(120) NOT NULL,
  `last_activity` int(10) unsigned NOT NULL DEFAULT '0',
  `user_data` text NOT NULL,
  PRIMARY KEY (`session_id`,`ip_address`,`user_agent`),
  KEY `last_activity_idx` (`last_activity`)
) ENGINE=InnoDB DEFAULT CHARSET=latin1;

--
-- Dumping data for table `ci_sessions`
--

INSERT INTO `ci_sessions` (`session_id`, `ip_address`, `user_agent`, `last_activity`, `user_data`) VALUES
('30bb0e6b569f0f726fa4a035a079116c', '::1', 'Mozilla/5.0 (Windows NT 6.3; WOW64) AppleWebKit/537.36 (KHTML, like Gecko) Chrome/32.0.1700.41 Safari/537.36', 1389196935, 'a:2:{s:9:"user_data";s:0:"";s:10:"account_id";s:1:"1";}');

-- --------------------------------------------------------

--
-- Table structure for table `currency`
--

CREATE TABLE IF NOT EXISTS `currency` (
  `value` varchar(10) NOT NULL
) ENGINE=InnoDB DEFAULT CHARSET=latin1;

--
-- Dumping data for table `currency`
--

INSERT INTO `currency` (`value`) VALUES
('Rupiah'),
('Dollar'),
('Yen'),
('Peso'),
('Gira');

-- --------------------------------------------------------

--
-- Table structure for table `detailjurnal`
--

CREATE TABLE IF NOT EXISTS `detailjurnal` (
  `novoucher` varchar(7) NOT NULL,
  `nomoraccount` varchar(10) NOT NULL,
  `keterangan` text NOT NULL,
  `debit` float NOT NULL DEFAULT '0',
  `kredit` float NOT NULL DEFAULT '0',
  `time` time NOT NULL
) ENGINE=InnoDB DEFAULT CHARSET=latin1;

--
-- Dumping data for table `detailjurnal`
--

INSERT INTO `detailjurnal` (`novoucher`, `nomoraccount`, `keterangan`, `debit`, `kredit`, `time`) VALUES
('1310001', '1.1.01', 'adsads', 2500000, 0, '02:15:44'),
('1310001', '1.4.01', 'adsads', 0, 2500000, '02:15:44'),
('1310002', '1.1.02', 'deposit', 6000000, 0, '00:00:00'),
('1310002', '1.3.01', 'deposit tes', 0, 6000000, '00:00:00');

-- --------------------------------------------------------

--
-- Table structure for table `detailmapfield`
--

CREATE TABLE IF NOT EXISTS `detailmapfield` (
  `idfield` int(11) NOT NULL AUTO_INCREMENT,
  `idtab` int(11) NOT NULL,
  `nama` varchar(50) NOT NULL,
  PRIMARY KEY (`idfield`)
) ENGINE=InnoDB  DEFAULT CHARSET=latin1 AUTO_INCREMENT=210 ;

--
-- Dumping data for table `detailmapfield`
--

INSERT INTO `detailmapfield` (`idfield`, `idtab`, `nama`) VALUES
(206, 178, 'Total'),
(209, 182, 'Term');

-- --------------------------------------------------------

--
-- Table structure for table `detailmapperkiraan`
--

CREATE TABLE IF NOT EXISTS `detailmapperkiraan` (
  `idfield` int(11) NOT NULL,
  `nomoraccount` varchar(10) NOT NULL,
  `debitkredit` tinyint(1) NOT NULL,
  KEY `idtab` (`idfield`)
) ENGINE=InnoDB DEFAULT CHARSET=latin1;

--
-- Dumping data for table `detailmapperkiraan`
--

INSERT INTO `detailmapperkiraan` (`idfield`, `nomoraccount`, `debitkredit`) VALUES
(0, '', 0),
(0, '', 0),
(0, '1.1.01', 0),
(0, '1.6.01', 1),
(0, '1.1.02', 0),
(0, '1.1.01', 0),
(0, '1.1.02', 0),
(0, '1.6.02', 1),
(0, '1.1.01', 0),
(0, '1.2.02', 0),
(0, '1.3.01', 1),
(0, '1.1.01', 1),
(0, '1.3.01', 0),
(209, '1.3.01', 1);

-- --------------------------------------------------------

--
-- Table structure for table `detailmaptabel`
--

CREATE TABLE IF NOT EXISTS `detailmaptabel` (
  `idtab` int(11) NOT NULL AUTO_INCREMENT,
  `id` int(11) NOT NULL,
  `namatabel` varchar(50) NOT NULL,
  PRIMARY KEY (`idtab`)
) ENGINE=InnoDB  DEFAULT CHARSET=latin1 AUTO_INCREMENT=183 ;

--
-- Dumping data for table `detailmaptabel`
--

INSERT INTO `detailmaptabel` (`idtab`, `id`, `namatabel`) VALUES
(182, 20, 'invoice');

-- --------------------------------------------------------

--
-- Table structure for table `do_d`
--

CREATE TABLE IF NOT EXISTS `do_d` (
  `No` int(11) NOT NULL AUTO_INCREMENT,
  `No_Do` varchar(20) NOT NULL,
  `Kode_Brg` varchar(22) NOT NULL,
  `Qty` int(11) NOT NULL,
  `Harga` decimal(15,0) NOT NULL,
  `Jumlah` decimal(15,0) NOT NULL,
  `Status` varchar(1) NOT NULL,
  `Keterangan` varchar(30) NOT NULL,
  `QtyTemp` int(11) NOT NULL,
  PRIMARY KEY (`No`)
) ENGINE=InnoDB  DEFAULT CHARSET=latin1 AUTO_INCREMENT=13 ;

--
-- Dumping data for table `do_d`
--

INSERT INTO `do_d` (`No`, `No_Do`, `Kode_Brg`, `Qty`, `Harga`, `Jumlah`, `Status`, `Keterangan`, `QtyTemp`) VALUES
(1, '1401001', 'AHCAMPURAN', 10, '100000', '1000000', '', 'tes', 0),
(2, '1401001', 'AH1005900', 10, '200000', '2000000', '', '', 0),
(3, '1401001', 'AH1006', 5, '100000', '500000', '', '', 0),
(4, '1401002', 'AH1006', 10, '100000', '1000000', '', '', 10),
(5, '1401002', 'AH1016', 5, '100000', '500000', '', '', 5),
(6, '1401002', 'AHCAMPURAN', 5, '50000', '250000', '', '', 5),
(7, '1401003', 'AH1005900', 3, '5000000', '15000000', '', 'updated', 3),
(8, '1401004', 'AH1005900', 2, '500000', '1000000', '', '', 0),
(9, '1401004', 'AH1016', 10, '100000', '1000000', '', '', 0),
(10, '1401005', 'AH1005900', 10, '100000', '1000000', '', '', 10),
(11, '1401005', 'AH1016', 15, '1000000', '15000000', '', '', 15),
(12, '1401005', 'AH1026', 1, '100000', '100000', '', '', 1);

-- --------------------------------------------------------

--
-- Table structure for table `do_h`
--

CREATE TABLE IF NOT EXISTS `do_h` (
  `No_Do` varchar(10) NOT NULL,
  `Tgl` date NOT NULL,
  `No_Po` varchar(25) DEFAULT NULL,
  `Tgl_Po` date DEFAULT NULL,
  `Kode_Plg` varchar(10) NOT NULL,
  `Kode_Gudang` varchar(10) NOT NULL,
  `Kirim` varchar(1) DEFAULT NULL,
  `Otorisasi` varchar(30) NOT NULL,
  `Total` decimal(15,0) NOT NULL,
  `discount` int(11) DEFAULT NULL,
  `dpp` int(11) NOT NULL,
  `ppn` int(11) NOT NULL,
  `grandttl` decimal(15,0) NOT NULL,
  `Temp` varchar(45) DEFAULT NULL,
  PRIMARY KEY (`No_Do`)
) ENGINE=InnoDB DEFAULT CHARSET=latin1;

--
-- Dumping data for table `do_h`
--

INSERT INTO `do_h` (`No_Do`, `Tgl`, `No_Po`, `Tgl_Po`, `Kode_Plg`, `Kode_Gudang`, `Kirim`, `Otorisasi`, `Total`, `discount`, `dpp`, `ppn`, `grandttl`, `Temp`) VALUES
('1401001', '2014-01-07', '1401111', '2014-01-07', 'P1307001', '8', NULL, '11', '3500000', 1, 3465000, 0, '3465000', NULL),
('1401002', '2014-01-07', '1412222', '2014-01-07', 'P1401002', '8', NULL, '11', '1750000', 2, 1715000, 1, '1732150', NULL),
('1401003', '2014-01-07', '', NULL, 'P1307002', '8', NULL, '13', '15000000', 1, 14850000, 0, '14850000', NULL),
('1401004', '2014-01-07', '1403111', '2014-01-08', 'P1307007', '8', NULL, '11', '2000000', 0, 2000000, 0, '2000000', NULL),
('1401005', '2013-12-25', '1312251', '2013-12-26', 'P1401002', '8', NULL, '11', '16100000', 1, 15939000, 1, '16098390', NULL);

-- --------------------------------------------------------

--
-- Table structure for table `gudang`
--

CREATE TABLE IF NOT EXISTS `gudang` (
  `Kode` varchar(22) NOT NULL,
  `Nama` varchar(30) NOT NULL,
  `Alamat` varchar(30) NOT NULL,
  `Alamat2` varchar(30) DEFAULT NULL,
  `Kota` varchar(15) NOT NULL,
  `Telp` varchar(15) NOT NULL,
  `Milik_Sendiri` varchar(1) DEFAULT NULL,
  `Telp1` varchar(15) DEFAULT NULL,
  `Fax` varchar(15) NOT NULL,
  `Fax1` varchar(15) DEFAULT NULL,
  `Contac1` varchar(25) DEFAULT NULL,
  `Contac2` varchar(15) DEFAULT NULL,
  `Title1` varchar(4) DEFAULT NULL,
  `Title2` varchar(4) DEFAULT NULL,
  PRIMARY KEY (`Kode`)
) ENGINE=InnoDB DEFAULT CHARSET=latin1;

--
-- Dumping data for table `gudang`
--

INSERT INTO `gudang` (`Kode`, `Nama`, `Alamat`, `Alamat2`, `Kota`, `Telp`, `Milik_Sendiri`, `Telp1`, `Fax`, `Fax1`, `Contac1`, `Contac2`, `Title1`, `Title2`) VALUES
('G1307001', 'Special Warehouse', 'Jl.Semesta Alam 3', NULL, 'Jakarta', '085247956204', NULL, '08125852555', '012-345', '067-890', NULL, NULL, NULL, NULL),
('G1307002', 'Gudang Murni', 'Jl.Semesta', NULL, 'Jakarta', '0123456789', NULL, '', '0551 2575', '', NULL, NULL, NULL, NULL),
('G1309001', 'Gudang Satu', 'Jl. Satu', NULL, 'Satu', '085247956204', NULL, '575475675675', '085247956204', '085247956204', NULL, NULL, NULL, NULL),
('G1309002', 'Gudang Dua', 'Jl. Belok Dua', NULL, 'Jakarta', '02547778522', NULL, '', '155288254', '', NULL, NULL, NULL, NULL),
('G1309003', 'Gudang Tiga', 'Jl. Sepon', NULL, 'Sepon', '456123789', NULL, '', '456123789', '', NULL, NULL, NULL, NULL),
('G1309004', 'Gudang Empat', 'Jl. Empat', NULL, 'Empats', '1234555', NULL, '', '1234444', '', NULL, NULL, NULL, NULL),
('G1311001', 'Gudang Lites Bites', 'Jl. Lite & BIte', NULL, 'Lite', '123456789', NULL, '', '123456789', '', NULL, NULL, NULL, NULL),
('G1401001', 'Gudang Top', 'Jl Kemerdekaan No.251', NULL, 'Jakarta', '012585554', NULL, '', '02215444', '', NULL, NULL, NULL, NULL);

-- --------------------------------------------------------

--
-- Table structure for table `invoice`
--

CREATE TABLE IF NOT EXISTS `invoice` (
  `Kode` varchar(8) NOT NULL,
  `Kode_SJ` varchar(10) NOT NULL,
  `Kode_plg` varchar(8) NOT NULL,
  `Term` int(11) NOT NULL,
  `Tgl` date NOT NULL,
  `Status` varchar(200) DEFAULT NULL,
  `Total` decimal(15,0) NOT NULL,
  `Discount` int(11) DEFAULT NULL,
  `Dpp` int(11) NOT NULL,
  `Ppn` int(11) NOT NULL,
  `Grand` decimal(15,0) NOT NULL,
  `tanggal` date DEFAULT NULL,
  `tutuptahun` varchar(200) DEFAULT NULL,
  `Temp` varchar(45) DEFAULT NULL,
  PRIMARY KEY (`Kode`)
) ENGINE=InnoDB DEFAULT CHARSET=latin1;

--
-- Dumping data for table `invoice`
--

INSERT INTO `invoice` (`Kode`, `Kode_SJ`, `Kode_plg`, `Term`, `Tgl`, `Status`, `Total`, `Discount`, `Dpp`, `Ppn`, `Grand`, `tanggal`, `tutuptahun`, `Temp`) VALUES
('1401001', '1401001', 'P1307001', 15, '2014-01-07', NULL, '3500000', 1, 3465000, 2, '3534300', NULL, NULL, '3534300');

-- --------------------------------------------------------

--
-- Table structure for table `jurnal`
--

CREATE TABLE IF NOT EXISTS `jurnal` (
  `novoucher` varchar(7) NOT NULL,
  `tanggal` date NOT NULL,
  `kodekaryawan` varchar(10) DEFAULT NULL
) ENGINE=InnoDB DEFAULT CHARSET=latin1;

--
-- Dumping data for table `jurnal`
--

INSERT INTO `jurnal` (`novoucher`, `tanggal`, `kodekaryawan`) VALUES
('1310001', '2013-10-14', 'Adminpenju'),
('1310002', '2012-10-14', '1');

-- --------------------------------------------------------

--
-- Table structure for table `menu`
--

CREATE TABLE IF NOT EXISTS `menu` (
  `id` int(11) NOT NULL,
  `nama` varchar(30) NOT NULL,
  `parentid` tinyint(1) NOT NULL,
  PRIMARY KEY (`id`)
) ENGINE=InnoDB DEFAULT CHARSET=latin1;

--
-- Dumping data for table `menu`
--

INSERT INTO `menu` (`id`, `nama`, `parentid`) VALUES
(0, 'bank', 2),
(1, 'Home', 0),
(2, 'Master', 0),
(3, 'Penjualan', 0),
(4, 'Pembelian', 0),
(5, 'Produksi', 0),
(6, 'Keuangan', 0),
(7, 'Akuntansi', 0),
(8, 'Karyawan', 2),
(9, 'Pelanggan', 2),
(10, 'Pembelian', 2),
(11, 'Produksi', 2),
(12, 'Akuntansi & Keuangan', 2),
(13, 'Supplier', 10),
(14, 'Outsource', 10),
(15, 'Mesin', 11),
(16, 'Bahan', 11),
(17, 'Sales Order', 3),
(18, 'Surat Perintah Kerja', 3),
(19, 'Surat Jalan Indoor', 3),
(20, 'Invoice', 3),
(21, 'Report', 3),
(22, 'Indoor', 17),
(23, 'Ongkosan', 17),
(26, 'Order Penjualan', 21),
(27, 'Order Jasa', 21),
(28, 'Outstanding Order Penjualan', 21),
(29, 'Outstanding Order Jasa', 21),
(30, 'Penjualan', 21),
(31, 'Jasa', 21),
(32, 'Purchase Order', 4),
(33, 'SJ Retur Pembelian', 4),
(34, 'Nota Retur Pembelian', 4),
(35, 'Penerimaan Barang', 4),
(36, 'Report', 4),
(37, 'Bahan Baku', 32),
(38, 'Jasa Outsourcing', 32),
(39, 'Bahan Produksi', 32),
(40, 'Bahan Baku', 33),
(41, 'Jasa Outsourcing', 33),
(42, 'Bahan Produksi', 33),
(43, 'Bahan Baku', 34),
(44, 'Jasa Outsourcing', 34),
(45, 'Bahan Produksi', 34),
(46, 'Bahan Baku', 35),
(47, 'Jasa Outsourcing', 35),
(48, 'Bahan Produksi', 35),
(49, 'Pembelian Bahan Baku', 36),
(50, 'Pembelian Outsourcing', 36),
(51, 'Pembelian Bahan Produksi', 36),
(52, 'Retur Pembelian Bahan Baku', 36),
(53, 'Retur Pembelian Outsourcing', 36),
(54, 'Retur Pembelian Bahan Produksi', 36),
(55, 'Pemakaian Bahan Produksi', 5),
(56, 'Produksi Per Mesin', 5),
(57, 'Report', 5),
(58, 'Indoor', 56),
(59, 'Ongkosan', 56),
(60, 'Produksi', 57),
(61, 'Outstanding SPK Indoor', 57),
(62, 'Outstanding SPK Ongkosan', 57),
(63, 'Pemakaian Bahan Produksi', 57),
(65, 'Penerimaan piutang ', 6),
(66, 'Pembayaran Hutang', 6),
(71, 'Akuntansi', 7),
(72, 'Cetak', 7),
(73, 'Jurnal', 71),
(74, 'Transaksi Jurnal', 72),
(75, 'Buku Besar', 72),
(76, 'Laba Rugi', 72),
(77, 'Neraca', 72),
(78, 'Bank', 2);

-- --------------------------------------------------------

--
-- Table structure for table `mobil`
--

CREATE TABLE IF NOT EXISTS `mobil` (
  `No_mobil` varchar(15) NOT NULL,
  `Jenis` varchar(20) DEFAULT NULL,
  PRIMARY KEY (`No_mobil`)
) ENGINE=InnoDB DEFAULT CHARSET=latin1;

--
-- Dumping data for table `mobil`
--

INSERT INTO `mobil` (`No_mobil`, `Jenis`) VALUES
('B 0852 VXY', NULL),
('K 5852 L', NULL),
('K L156 P', NULL);

-- --------------------------------------------------------

--
-- Table structure for table `os`
--

CREATE TABLE IF NOT EXISTS `os` (
  `No_Do` varchar(7) NOT NULL,
  `Kode_Brg` varchar(22) NOT NULL,
  `QtyDo` decimal(10,0) NOT NULL,
  `QtySj` decimal(10,0) NOT NULL,
  `Habis` varchar(1) NOT NULL,
  PRIMARY KEY (`No_Do`,`Kode_Brg`)
) ENGINE=InnoDB DEFAULT CHARSET=latin1;

-- --------------------------------------------------------

--
-- Table structure for table `pelanggan`
--

CREATE TABLE IF NOT EXISTS `pelanggan` (
  `Kode` varchar(20) NOT NULL,
  `Nama` varchar(30) NOT NULL,
  `Nama1` varchar(30) DEFAULT NULL,
  `Perusahaan` varchar(50) NOT NULL,
  `Alamat1` varchar(40) NOT NULL,
  `Alamat2` varchar(40) DEFAULT NULL,
  `Kota` varchar(15) NOT NULL,
  `KodeP` varchar(5) NOT NULL,
  `Telp` varchar(20) NOT NULL,
  `Telp1` varchar(20) DEFAULT NULL,
  `Telp2` varchar(20) DEFAULT NULL,
  `Fax1` varchar(20) NOT NULL,
  `Fax2` varchar(20) DEFAULT NULL,
  `Limit_Kredit` decimal(12,0) DEFAULT NULL,
  `Piutang` decimal(12,0) DEFAULT NULL,
  `NPWP` varchar(25) NOT NULL,
  `Lama` int(11) DEFAULT NULL,
  PRIMARY KEY (`Kode`)
) ENGINE=InnoDB DEFAULT CHARSET=latin1;

--
-- Dumping data for table `pelanggan`
--

INSERT INTO `pelanggan` (`Kode`, `Nama`, `Nama1`, `Perusahaan`, `Alamat1`, `Alamat2`, `Kota`, `KodeP`, `Telp`, `Telp1`, `Telp2`, `Fax1`, `Fax2`, `Limit_Kredit`, `Piutang`, `NPWP`, `Lama`) VALUES
('P1307001', 'Tony', NULL, 'Stark', 'Jl. Alabama', NULL, 'Bekasi', '11475', '085247447', '0854444458', '-', '0551-8558', '-', NULL, NULL, '258 2587 57771', 15),
('P1307002', 'Agung', NULL, 'Sentosa', 'Jl. Merdeka', NULL, 'Tanggerang', '11758', '085552475', '-', '-', '0221-25475', '', NULL, NULL, '7878 47125 58815', 15),
('P1307003', 'aggagwgw', NULL, 'OK JAJA PT.', 'hesh', NULL, 'hesh', 'seh', '535253', '', '', '123456', '', NULL, NULL, '6346464326', 0),
('P1307004', 'tes', NULL, ' SEMPURNA PT.', 'tes', NULL, 'test', 'est', 'tes', '', '', 'tes', '', NULL, NULL, 'tes', 0),
('P1307005', 'test', NULL, 'OKJAYA PT.', 'ets', NULL, 't', 'tes', 'te', '', '', 'tes', '', NULL, NULL, 'teds', 0),
('P1307006', 'etws', NULL, 'SENTOSOS PT.', 'fgeg', NULL, 'geg', 'gwe', 'fgw', '', '', 'gfewg', '', NULL, NULL, 'bgegb', 0),
('P1307007', 'Soedirman', NULL, 'MERDEKA PT.', 'Jl. Pondok Indah', NULL, 'Jakarta', '11525', '0852478566', '', '', '055248885', '', '1000000', NULL, '52225774441', 0),
('P1307008', 'Tesla', NULL, 'Tesla Power', 'Jl. tesla', NULL, 'tes', '35555', '356346', '', '', '123456', '', NULL, NULL, '346346346', 0),
('P1307009', 'Bung Tomo', NULL, ' Bersatu Maju PT.', 'Jl Sumatra', NULL, 'Bandung', '46333', '521353252', '', '', '634634', '', '0', NULL, '35325', 0),
('P1309001', 'Ogindo', NULL, 'OGINDO PRAKARSATAMA PT.', 'Jl. Ogindo', NULL, 'Bekasi', '13578', '0852474855', '6285788555822', '', '02215877', '', '25000000', NULL, '487995577758852', 0),
('P1309002', 'Kim Jong Kook', NULL, 'ABADI BARU YES', 'Jl. Gangnam No.35', NULL, 'Bekasi', '15400', '021-528444485', '', '', '021788588', '', NULL, NULL, '777858442000457', 0),
('P1309003', 'Sidoel Ha', NULL, 'SIDO TENGGELAM', 'Jl. Pajajaran', NULL, 'Bunyu', '11710', '258552282', '52588475552', '55847852566', '258547', '24470444', NULL, NULL, '4356463646463', 0),
('P1309004', 'Yoo Jaes', NULL, ' RUNNING PT.', 'Jl. Sudirman', NULL, 'Tarakan', '11510', '1234567890', '', '', '123456789', '', '100000', NULL, '123456782', 0),
('P1311001', 'Koraswadi', NULL, 'Kora-Kora CV.', 'Jl. Sungai Kora III', NULL, 'Jakarta', '11450', '123456789', '', '', '123456789', '', '25000000', NULL, '258147369', 0),
('P1311002', 'Torino', NULL, 'Tori-Tori', 'Torino', NULL, 'Jakarta', '11540', '123456789', '', '', '132465789', '', '25000000', NULL, '123456789', 0),
('P1312001', 'Pelanggan Kita', NULL, 'Pelanggan Test', 'Jl. Kalimantan', NULL, 'Jakarta', '11510', '12345656780', '', '', '43634634', '', '10000000', NULL, '46347437', 15),
('P1401001', 'Modal Nekat', NULL, 'Pelanggan Modal', 'ewwewewegeg', NULL, 'gsegeges', '43643', '6443634634634', '', '', '645754747', '', '654363463463', NULL, '46634634', 0),
('P1401002', 'Gembira Selalu', NULL, 'Soda Gembira', 'Jl Gembira', NULL, 'segegew', '56253', '35235325322', '', '', '5235235335', '', '3523523', NULL, '352323', 12);

-- --------------------------------------------------------

--
-- Table structure for table `pembayaran`
--

CREATE TABLE IF NOT EXISTS `pembayaran` (
  `Kode` varchar(111) NOT NULL,
  `Kode_supplier` varchar(11) NOT NULL,
  `Tgl` date NOT NULL,
  PRIMARY KEY (`Kode`)
) ENGINE=InnoDB DEFAULT CHARSET=latin1;

-- --------------------------------------------------------

--
-- Table structure for table `pembayaran_d`
--

CREATE TABLE IF NOT EXISTS `pembayaran_d` (
  `Kode` varchar(11) NOT NULL,
  `Jenis` varchar(14) NOT NULL,
  `DariBank` varchar(14) NOT NULL,
  `DariRek` varchar(14) NOT NULL,
  `Ref` varchar(14) NOT NULL,
  `TglGiro` date NOT NULL,
  `TglCair` date NOT NULL,
  `Nilai` int(11) NOT NULL,
  `TerimaBank` varchar(14) NOT NULL,
  `TerimaRek` varchar(14) NOT NULL,
  PRIMARY KEY (`Kode`,`Jenis`)
) ENGINE=InnoDB DEFAULT CHARSET=latin1;

-- --------------------------------------------------------

--
-- Table structure for table `pembayaran_d2`
--

CREATE TABLE IF NOT EXISTS `pembayaran_d2` (
  `Kode` varchar(11) NOT NULL,
  `No_po` varchar(11) NOT NULL,
  `NilaiPo` int(11) NOT NULL,
  `NilaiBayar` int(11) NOT NULL,
  `Total` int(11) NOT NULL,
  PRIMARY KEY (`Kode`,`No_po`)
) ENGINE=InnoDB DEFAULT CHARSET=latin1;

-- --------------------------------------------------------

--
-- Table structure for table `pembayaran_d3`
--

CREATE TABLE IF NOT EXISTS `pembayaran_d3` (
  `Kode` varchar(11) NOT NULL,
  `Jenis` varchar(14) NOT NULL,
  `Nilai` int(11) NOT NULL,
  `Total` int(11) NOT NULL,
  PRIMARY KEY (`Kode`,`Jenis`)
) ENGINE=InnoDB DEFAULT CHARSET=latin1;

-- --------------------------------------------------------

--
-- Table structure for table `perkiraan`
--

CREATE TABLE IF NOT EXISTS `perkiraan` (
  `nomoraccount` varchar(10) NOT NULL,
  `namaaccount` varchar(50) NOT NULL,
  `level` tinyint(4) NOT NULL,
  `type` tinyint(4) NOT NULL,
  `tanggalentry` date NOT NULL,
  `kodekaryawan` varchar(10) DEFAULT NULL,
  `tanggalsaldoawal` date NOT NULL,
  `saldo` bigint(12) NOT NULL,
  `tempnamaaccount` varchar(50) DEFAULT NULL,
  `cetak` tinyint(4) NOT NULL DEFAULT '0',
  PRIMARY KEY (`nomoraccount`),
  KEY `userid` (`kodekaryawan`)
) ENGINE=InnoDB DEFAULT CHARSET=latin1;

--
-- Dumping data for table `perkiraan`
--

INSERT INTO `perkiraan` (`nomoraccount`, `namaaccount`, `level`, `type`, `tanggalentry`, `kodekaryawan`, `tanggalsaldoawal`, `saldo`, `tempnamaaccount`, `cetak`) VALUES
('1', 'Aktiva', 1, 1, '2013-10-03', 'Admin001', '2013-09-26', 0, '', 1),
('1.1', 'Kas', 2, 1, '2013-10-13', 'Salesman', '2013-10-13', 0, '', 1),
('1.1.01', 'Kas Kecil', 3, 1, '2013-10-13', 'Salesman', '2013-10-13', 0, '', 0),
('1.1.02', 'Kas Penerimaan Piutang', 3, 1, '2013-10-13', 'Salesman', '2013-10-13', 0, '', 0),
('1.2', 'Bank', 2, 1, '2013-10-13', 'Salesman', '2013-10-13', 0, '', 1),
('1.2.01', 'BCA 2873074990 a/n PT WBK', 3, 1, '2013-10-13', 'Salesman', '2013-10-13', 0, '', 0),
('1.2.02', 'CIMB Niaga a/c 4320100465007 a/n PT WBK', 3, 1, '2013-10-13', 'Salesman', '2013-10-13', 0, '', 0),
('1.2.03', 'CIMB Niaga a/c 4320100465003', 3, 1, '2013-10-13', 'Salesman', '2013-10-13', 0, '', 0),
('1.2.04', 'Commenwealth 1049870911 a/n PT WBK', 3, 1, '2013-10-13', 'Salesman', '2013-10-13', 0, '', 0),
('1.3', 'Deposito ', 2, 1, '2013-10-13', 'Salesman', '2013-10-13', 0, '', 1),
('1.3.01', 'Deposito CIMB Niaga', 3, 1, '2013-10-13', 'Salesman', '2013-10-13', 0, '', 0),
('1.4', 'Piutang Dagang', 2, 1, '2013-10-13', 'Salesman', '2013-10-13', 0, '', 1),
('1.5', 'Persediaan', 2, 1, '2013-10-13', 'Salesman', '2013-10-13', 0, '', 1),
('1.6', 'Pembayaran Dimuka', 2, 1, '2013-10-13', 'Salesman', '2013-10-13', 0, '', 1),
('1.6.01', 'Uang Muka Pembelian', 3, 1, '2013-10-13', 'Salesman', '2013-10-13', 0, '', 0),
('1.6.02', 'Asuransi Dibayar Dimuka', 3, 1, '2013-10-13', 'Salesman', '2013-10-13', 0, '', 0),
('1.9', 'Aktiva Tetap', 2, 1, '2013-10-13', 'Salesman', '2013-10-13', 0, '', 1),
('1.9.01', 'Tanah dan Bangunan', 3, 1, '2013-10-13', 'Salesman', '2013-10-13', 0, '', 0),
('1.9.02', 'Mesin dan Perlengkapan', 3, 1, '2013-10-13', 'Salesman', '2013-10-13', 0, '', 0),
('1.9.03', 'Inventaris ', 3, 1, '2013-10-13', 'Salesman', '2013-10-13', 0, '', 0),
('1.9.04', 'Kendaraan', 3, 1, '2013-10-13', 'Salesman', '2013-10-13', 0, '', 0),
('1.9.51', 'Ak. Peny. Bangunan', 3, 1, '2013-10-13', 'Salesman', '2013-10-13', 0, '', 0),
('1.9.52', 'Ak. Peny. Mesin', 3, 1, '2013-10-13', 'Salesman', '2013-10-13', 0, '', 0),
('1.9.53', 'Ak. Peny. Inventaris', 3, 1, '2013-10-13', 'Salesman', '2013-10-13', 0, '', 0),
('1.9.54', 'Ak. Peny. Kendaraan', 3, 1, '2013-10-13', 'Salesman', '2013-10-13', 0, '', 0),
('2', 'Kewajiban', 1, 2, '2013-10-13', 'Salesman', '2013-10-13', 0, '', 1),
('2.1', 'Hutang Dagang', 2, 2, '2013-10-13', 'Salesman', '2013-10-13', 0, '', 1),
('2.1.01', 'Hutang Dagang', 3, 2, '2013-10-13', 'Salesman', '2013-10-13', 0, '', 0),
('2.2', 'Penerimaan Uang Muka', 2, 2, '2013-10-13', 'Salesman', '2013-10-13', 0, '', 1),
('2.2.01', 'Uang Muka Penjualan', 3, 2, '2013-10-13', 'Salesman', '2013-10-13', 0, '', 0),
('2.3', 'Hutang Bank', 2, 2, '2013-10-13', 'Salesman', '2013-10-13', 0, '', 1),
('2.3.01', 'Hutang KI CIMB Niaga', 3, 2, '2013-10-13', 'Salesman', '2013-10-13', 0, '', 0),
('2.4', 'Hutang Leasing', 2, 2, '2013-10-13', 'Salesman', '2013-10-13', 0, '', 1),
('2.4.01', 'Hutang Leasing Mobil', 3, 2, '2013-10-13', 'Salesman', '2013-10-13', 0, '', 0),
('2.4.02', 'Hutang Leasing Mesin SM 52 ', 3, 1, '2013-10-13', 'Salesman', '2013-10-13', 0, '', 0),
('2.4.03', 'Hutang Leasing Mesin SM 74', 3, 2, '2013-10-13', 'Salesman', '2013-10-13', 0, '', 0),
('2.9', 'Hutang Lain-Lain', 2, 2, '2013-10-13', 'Salesman', '2013-10-13', 0, '', 1),
('2.9.01', 'Hutang Lain - ', 3, 2, '2013-10-13', 'Salesman', '2013-10-13', 0, '', 0),
('3', 'Modal Disetor', 1, 5, '2013-10-13', 'Salesman', '2013-10-13', 0, '', 1),
('3.1', 'Modal Disetor', 2, 5, '2013-10-13', 'Salesman', '2013-10-13', 0, '', 0),
('3.1.01', 'Modal Disetor ', 3, 5, '2013-10-13', 'Salesman', '2013-10-13', 0, '', 0),
('3.2', 'Laba Ditahan', 2, 5, '2013-10-13', 'Salesman', '2013-10-13', 0, '', 1),
('3.2.01', 'Laba Ditahan', 3, 5, '2013-10-13', 'Salesman', '2013-10-13', 0, '', 0),
('3.3', 'Laba Tahun Berjalan', 2, 5, '2013-10-13', 'Salesman', '2013-10-13', 0, '', 1),
('3.3.01', 'Laba Tahun Berjalan', 3, 5, '2013-10-13', 'Salesman', '2013-10-13', 0, '', 0),
('4', 'Pendapatan', 1, 3, '2013-10-13', 'Salesman', '2013-10-13', 0, '', 0),
('4.5.02', 'Diskon Penjualan', 3, 3, '2013-10-13', 'Salesman', '2013-10-13', 0, '', 0),
('5', 'Harga Pokok Penjualan', 1, 4, '2013-10-13', 'Salesman', '2013-10-13', 0, '', 0),
('5.1.02', 'HPP Indoor - CTP', 3, 4, '2013-10-17', 'Salesman', '2013-10-13', 0, '', 0),
('5.1.03', 'HPP Indoor - Ongkos Cetak', 3, 4, '2013-10-17', 'Salesman', '2013-10-13', 0, '', 0),
('5.1.04', 'HPP Indoor - Finishing', 3, 4, '2013-10-17', 'Salesman', '2013-10-17', 0, '', 0),
('5.2', 'Harga Pokok Penjualan Jasa', 2, 4, '2013-10-13', 'Salesman', '2013-10-13', 0, '', 0),
('5.2.01', 'HPP Jasa - Gaji Tenaga Kerja', 3, 4, '2013-10-13', 'Salesman', '2013-10-13', 0, '', 0),
('5.2.02', 'HPP Jasa - Uang Makan TK', 3, 4, '2013-10-13', 'Salesman', '2013-10-13', 0, '', 0),
('5.2.03', 'HPP Jasa - Lembur TK', 3, 4, '2013-10-13', 'Salesman', '2013-10-13', 0, '', 0),
('5.2.04', 'HPP Jasa : Bahan Produksi', 3, 4, '2013-10-13', 'Salesman', '2013-10-13', 0, '', 0),
('5.2.05', 'HPP Jasa - Listrik', 3, 4, '2013-10-13', 'Salesman', '2013-10-13', 0, '', 0),
('5.2.06', 'HPP Jasa - Perbaikan Mesin', 3, 4, '2013-10-13', 'Salesman', '2013-10-13', 0, '', 0),
('5.2.07', 'HPP Jasa - Penyusutan Mesin', 3, 4, '2013-10-13', 'Salesman', '2013-10-13', 0, '', 0),
('6', 'Biaya Operasional', 1, 4, '2013-10-13', 'Salesman', '2013-10-13', 0, '', 0),
('6.1', 'Biaya Penjualan', 2, 4, '2013-10-13', 'Salesman', '2013-10-13', 0, '', 0),
('6.1.01', 'Biaya Gaji Marketing', 3, 4, '2013-10-13', 'Salesman', '2013-10-13', 0, '', 0),
('6.1.02', 'Biaya Komisi Marketing', 3, 4, '2013-10-13', 'Salesman', '2013-10-13', 0, '', 0),
('6.1.03', 'Biaya Pengiriman Barang', 3, 4, '2013-10-13', 'Salesman', '2013-10-13', 0, '', 0),
('6.2', 'Biaya Umum ', 2, 4, '2013-10-13', 'Salesman', '2013-10-13', 0, '', 0),
('6.2.01', 'Biaya Gaji Adm', 3, 4, '2013-10-13', 'Salesman', '2013-10-13', 0, '', 0),
('6.2.02', 'Biaya Uang Makan ', 3, 4, '2013-10-13', 'Salesman', '2013-10-13', 0, '', 0),
('6.2.03', 'Biaya Telepon', 3, 4, '2013-10-13', 'Salesman', '2013-10-13', 0, '', 0),
('6.2.04', 'Biaya Alat Tulis', 3, 4, '2013-10-13', 'Salesman', '2013-10-13', 0, '', 0),
('6.2.05', 'Biaya Kebersihan dan Keamanan', 3, 4, '2013-10-13', 'Salesman', '2013-10-13', 0, '', 0),
('6.2.06', 'Biaya Air Minum', 3, 4, '2013-10-13', 'Salesman', '2013-10-13', 0, '', 0),
('6.2.07', 'Biaya Asuransi', 3, 4, '2013-10-13', 'Salesman', '2013-10-13', 0, '', 0),
('6.2.08', 'Biaya Pajak', 3, 4, '2013-10-13', 'Salesman', '2013-10-13', 0, '', 0),
('6.2.09', 'Biaya Keperluan Kantor', 3, 4, '2013-10-13', 'Salesman', '2013-10-13', 0, '', 0),
('6.2.10', 'Biaya Pengobatan ', 3, 4, '2013-10-13', 'Salesman', '2013-10-13', 0, '', 0),
('6.2.11', 'Biaya Perbaikan Kendaraan', 3, 4, '2013-10-13', 'Salesman', '2013-10-13', 0, '', 0),
('6.2.12', 'Biaya Perbaikan Inventaris', 3, 4, '2013-10-13', 'Salesman', '2013-10-13', 0, '', 0),
('6.2.13', 'Biaya Penyusutan Inventaris', 3, 4, '2013-10-13', 'Salesman', '2013-10-13', 0, '', 0),
('6.2.14', 'Biaya Penyusutan Kendaraan', 3, 4, '2013-10-13', 'Salesman', '2013-10-13', 0, '', 0),
('6.2.15', 'Biaya Perijinan', 3, 4, '2013-10-13', 'Salesman', '2013-10-13', 0, '', 0),
('6.2.16', 'Biaya Pajak', 3, 4, '2013-10-13', 'Salesman', '2013-10-13', 0, '', 0),
('6.2.40', 'Biaya Umum Lain-Lain', 3, 4, '2013-10-13', 'Salesman', '2013-10-13', 0, '', 0),
('6.3', 'Biaya Keuangan', 2, 4, '2013-10-13', 'Salesman', '2013-10-13', 0, '', 0),
('6.3.01', 'Biaya Adm. Bank', 3, 4, '2013-10-13', 'Salesman', '2013-10-13', 0, '', 0),
('6.3.02', 'Biaya Provisi Bank', 3, 4, '2013-10-13', 'Salesman', '2013-10-13', 0, '', 0),
('6.3.03', 'Biaya Bunga', 3, 4, '2013-10-13', 'Salesman', '2013-10-13', 0, '', 0),
('7', 'Pendapatan Diluar Usaha', 1, 3, '2013-10-13', 'Salesman', '2013-10-13', 0, '', 0),
('7.1', 'Pendapatan Diluar Usaha', 2, 3, '2013-10-13', 'Salesman', '2013-10-13', 0, '', 0),
('7.1.01', 'Pendapatan Bunga Bank', 3, 3, '2013-10-13', 'Salesman', '2013-10-13', 0, '', 0),
('7.1.59', 'Pendapatan Lain-Lain', 3, 3, '2013-10-13', 'Salesman', '2013-10-13', 0, '', 0),
('9', 'Ayat Silang', 1, 6, '2013-10-13', 'Salesman', '2013-10-13', 0, '', 0),
('9.9', 'Ayat Silang', 2, 6, '2013-10-13', 'Salesman', '2013-10-13', 0, '', 0),
('9.9.99', 'Ayat Silang', 3, 6, '2013-10-13', 'Salesman', '2013-10-13', 0, '', 0);

-- --------------------------------------------------------

--
-- Table structure for table `po_d`
--

CREATE TABLE IF NOT EXISTS `po_d` (
  `No` int(11) NOT NULL AUTO_INCREMENT,
  `Kode_po` varchar(25) NOT NULL,
  `Kode_barang` varchar(25) NOT NULL,
  `Harga` decimal(12,0) DEFAULT NULL,
  `Jumlah` int(11) NOT NULL,
  `Nilai` decimal(12,0) NOT NULL,
  `Keterangan` varchar(20) DEFAULT NULL,
  `QtyTemp` int(11) NOT NULL,
  PRIMARY KEY (`No`)
) ENGINE=InnoDB  DEFAULT CHARSET=latin1 AUTO_INCREMENT=6 ;

--
-- Dumping data for table `po_d`
--

INSERT INTO `po_d` (`No`, `Kode_po`, `Kode_barang`, `Harga`, `Jumlah`, `Nilai`, `Keterangan`, `QtyTemp`) VALUES
(1, '1401001', 'AH1005900', '100000', 10, '1000000', NULL, 0),
(2, '1401001', 'AH1006', '1000000', 20, '20000000', NULL, 0),
(3, '1401002', 'AH1005900', '100000', 10, '1000000', NULL, 0),
(4, '1401002', 'AH1016', '100000', 20, '2000000', NULL, 0),
(5, '1401002', '18BP01612KS', '100000', 10, '1000000', NULL, 0);

-- --------------------------------------------------------

--
-- Table structure for table `po_h`
--

CREATE TABLE IF NOT EXISTS `po_h` (
  `Kode` varchar(25) NOT NULL,
  `Tgl_po` date NOT NULL,
  `Tgl_kirim` date DEFAULT NULL,
  `Permintaan` varchar(30) DEFAULT NULL,
  `Currency` varchar(10) NOT NULL,
  `Urgent` varchar(5) NOT NULL,
  `Kode_supplier` varchar(20) NOT NULL,
  `Kode_gudang` varchar(20) DEFAULT NULL,
  `Nama_proyek` varchar(50) DEFAULT NULL,
  `DPP` decimal(11,0) DEFAULT NULL,
  `PPN` int(11) DEFAULT NULL,
  `Total` decimal(10,0) NOT NULL,
  `Counter` int(11) DEFAULT '0',
  `Temp` decimal(10,0) DEFAULT NULL,
  PRIMARY KEY (`Kode`)
) ENGINE=InnoDB DEFAULT CHARSET=latin1;

--
-- Dumping data for table `po_h`
--

INSERT INTO `po_h` (`Kode`, `Tgl_po`, `Tgl_kirim`, `Permintaan`, `Currency`, `Urgent`, `Kode_supplier`, `Kode_gudang`, `Nama_proyek`, `DPP`, `PPN`, `Total`, `Counter`, `Temp`) VALUES
('1401001', '2014-01-07', '2014-01-09', '0', '0', 'Tidak', 'S1307001', 'G1307002', '0', '21000000', 1, '21210000', 0, '21210000'),
('1401002', '2014-01-07', '2014-01-08', '0', '0', 'Tidak', 'S1307003', 'G1309003', '0', '4000000', 1, '4040000', 0, '4040000');

-- --------------------------------------------------------

--
-- Table structure for table `rel_account_permission`
--

CREATE TABLE IF NOT EXISTS `rel_account_permission` (
  `account_id` bigint(20) unsigned NOT NULL,
  `permission_id` bigint(20) unsigned NOT NULL,
  PRIMARY KEY (`account_id`,`permission_id`)
) ENGINE=MyISAM DEFAULT CHARSET=utf8 COLLATE=utf8_unicode_ci;

-- --------------------------------------------------------

--
-- Table structure for table `rel_account_role`
--

CREATE TABLE IF NOT EXISTS `rel_account_role` (
  `account_id` bigint(20) unsigned NOT NULL,
  `role_id` bigint(20) unsigned NOT NULL,
  PRIMARY KEY (`account_id`,`role_id`)
) ENGINE=MyISAM DEFAULT CHARSET=utf8 COLLATE=utf8_unicode_ci;

--
-- Dumping data for table `rel_account_role`
--

INSERT INTO `rel_account_role` (`account_id`, `role_id`) VALUES
(1, 1),
(11, 1),
(11, 2),
(11, 3),
(11, 4),
(12, 3),
(13, 1),
(13, 2),
(13, 3),
(13, 4);

-- --------------------------------------------------------

--
-- Table structure for table `rel_role_permission`
--

CREATE TABLE IF NOT EXISTS `rel_role_permission` (
  `role_id` bigint(20) unsigned NOT NULL,
  `permission_id` bigint(20) unsigned NOT NULL,
  PRIMARY KEY (`role_id`,`permission_id`)
) ENGINE=MyISAM DEFAULT CHARSET=utf8 COLLATE=utf8_unicode_ci;

--
-- Dumping data for table `rel_role_permission`
--

INSERT INTO `rel_role_permission` (`role_id`, `permission_id`) VALUES
(1, 2),
(1, 3),
(1, 4),
(1, 5),
(1, 6),
(1, 7),
(1, 8),
(1, 9),
(1, 10),
(1, 11),
(1, 12),
(1, 13),
(1, 14),
(1, 15),
(1, 16),
(1, 17),
(1, 18),
(1, 19),
(1, 20),
(1, 21),
(1, 22),
(1, 23),
(1, 24),
(1, 25),
(1, 26),
(1, 27),
(1, 28),
(1, 29),
(1, 30),
(1, 31),
(1, 32),
(1, 33),
(1, 34),
(1, 35),
(1, 36),
(1, 37),
(1, 38),
(1, 39),
(1, 40),
(1, 41),
(1, 42),
(1, 43),
(1, 44),
(1, 45),
(1, 46),
(1, 47),
(1, 48),
(1, 49),
(1, 50),
(1, 51),
(1, 52),
(1, 53),
(1, 54),
(1, 55),
(1, 56),
(1, 57),
(1, 58),
(1, 59),
(1, 60),
(1, 61),
(1, 62),
(1, 63),
(1, 64),
(1, 65),
(1, 66),
(1, 67),
(1, 68),
(1, 69),
(1, 70),
(1, 71),
(1, 72),
(1, 73),
(1, 74),
(1, 75),
(1, 76),
(1, 77),
(1, 78),
(1, 79),
(1, 80),
(1, 81),
(1, 82),
(1, 83),
(1, 84),
(1, 85),
(1, 86),
(1, 87),
(1, 88),
(1, 89),
(1, 90),
(1, 91),
(1, 92),
(1, 93),
(1, 94),
(1, 95),
(1, 96),
(1, 97),
(1, 98),
(1, 99),
(1, 100),
(1, 101),
(1, 102),
(1, 103),
(1, 104),
(1, 105),
(1, 106),
(2, 3),
(2, 7),
(2, 11),
(2, 15);

-- --------------------------------------------------------

--
-- Table structure for table `sales`
--

CREATE TABLE IF NOT EXISTS `sales` (
  `Kode` varchar(5) NOT NULL,
  `Nama` varchar(25) NOT NULL,
  PRIMARY KEY (`Kode`)
) ENGINE=InnoDB DEFAULT CHARSET=latin1;

--
-- Dumping data for table `sales`
--

INSERT INTO `sales` (`Kode`, `Nama`) VALUES
('101', 'Eddy'),
('102', 'Edson');

-- --------------------------------------------------------

--
-- Table structure for table `satuan`
--

CREATE TABLE IF NOT EXISTS `satuan` (
  `Kode_satuan` varchar(10) NOT NULL,
  `Value` varchar(10) NOT NULL,
  PRIMARY KEY (`Kode_satuan`)
) ENGINE=InnoDB DEFAULT CHARSET=latin1;

--
-- Dumping data for table `satuan`
--

INSERT INTO `satuan` (`Kode_satuan`, `Value`) VALUES
('Batang', 'Batang'),
('Cm', 'Centimeter'),
('Inci', 'Inci'),
('Kg', 'Kilogram'),
('Lembar', 'Lembar'),
('M', 'Meter'),
('Roll', 'Roll');

-- --------------------------------------------------------

--
-- Table structure for table `saw_d`
--

CREATE TABLE IF NOT EXISTS `saw_d` (
  `No` int(11) NOT NULL AUTO_INCREMENT,
  `No_Saw` varchar(7) NOT NULL,
  `Kd_Brg` varchar(22) NOT NULL,
  `QtySaw1` int(11) NOT NULL,
  PRIMARY KEY (`No`)
) ENGINE=InnoDB DEFAULT CHARSET=latin1 AUTO_INCREMENT=1 ;

-- --------------------------------------------------------

--
-- Table structure for table `saw_h`
--

CREATE TABLE IF NOT EXISTS `saw_h` (
  `No_Saw` varchar(7) NOT NULL,
  `Tgl` date NOT NULL,
  `Kd_Gudang` varchar(22) NOT NULL,
  PRIMARY KEY (`No_Saw`)
) ENGINE=InnoDB DEFAULT CHARSET=latin1;

-- --------------------------------------------------------

--
-- Table structure for table `settinglabarugi`
--

CREATE TABLE IF NOT EXISTS `settinglabarugi` (
  `nomoraccount` varchar(10) NOT NULL,
  `tempnamaaccount` varchar(50) NOT NULL,
  `dari` varchar(10) NOT NULL,
  `sampai` varchar(10) NOT NULL,
  `cetak` tinyint(1) NOT NULL,
  `id` int(11) NOT NULL AUTO_INCREMENT,
  `operator` tinyint(1) NOT NULL,
  PRIMARY KEY (`id`)
) ENGINE=InnoDB  DEFAULT CHARSET=latin1 AUTO_INCREMENT=3352 ;

--
-- Dumping data for table `settinglabarugi`
--

INSERT INTO `settinglabarugi` (`nomoraccount`, `tempnamaaccount`, `dari`, `sampai`, `cetak`, `id`, `operator`) VALUES
('1', 'Aktiva', '', '', 1, 3314, 0),
('1.1', 'Kas', '1.1.01', '1.1.02', 1, 3315, 0),
('1.2', 'Bank', '1.2.01', '1.2.04', 1, 3316, 0),
('1.3', 'Deposito ', '1.3.01', '1.3.01', 1, 3317, 0),
('1.4', 'Piutang Dagang', '', '', 1, 3318, 0),
('1.5', 'Persediaan', '', '', 1, 3319, 0),
('1.6', 'Pembayaran Dimuka', '1.6.01', '1.6.02', 1, 3320, 0),
('1.9', 'Aktiva Tetap', '1.9.01', '1.9.54', 1, 3321, 0),
('L1', 'Total Aktiva', '', '', 1, 3322, 0),
('2', 'Kewajiban', '', '', 1, 3323, 0),
('2.1', 'Hutang Dagang', '2.1.01', '2.1.01', 1, 3324, 0),
('2.2', 'Penerimaan Uang Muka', '2.2.01', '2.2.01', 1, 3325, 0),
('2.3', 'Hutang Bank', '2.3.01', '2.3.01', 1, 3326, 0),
('2.4', 'Hutang Leasing', '2.4.01', '2.4.03', 1, 3327, 0),
('2.9', 'Hutang Lain-Lain', '2.9.01', '2.9.01', 1, 3328, 0),
('L1', 'Total Kewajiban', '', '', 1, 3329, 0),
('3', 'Modal Disetor', '', '', 1, 3330, 0),
('3.1', 'Modal Disetor', '3.1.01', '3.1.01', 1, 3331, 0),
('3.2', 'Laba Ditahan', '3.2.01', '3.2.01', 1, 3332, 0),
('3.3', 'Laba Tahun Berjalan', '3.3.01', '3.3.01', 1, 3333, 0),
('L1', 'Total Modal Disetor', '', '', 1, 3334, 0),
('4', 'Pendapatan', '', '', 1, 3335, 0),
('L1', 'Total Pendapatan', '', '', 1, 3336, 0),
('5', 'Harga Pokok Penjualan', '', '', 1, 3337, 0),
('5.2', 'Harga Pokok Penjualan Jasa', '5.2.01', '5.2.07', 1, 3338, 0),
('L1', 'Total Harga Pokok Penjualan', '', '', 1, 3339, 0),
('6', 'Biaya Operasional', '', '', 1, 3340, 0),
('6.1', 'Biaya Penjualan', '6.1.01', '6.1.03', 1, 3341, 0),
('6.2', 'Biaya Umum ', '6.2.01', '6.2.40', 1, 3342, 0),
('6.3', 'Biaya Keuangan', '6.3.01', '6.3.03', 1, 3343, 0),
('L1', 'Total Biaya Operasional', '', '', 1, 3344, 0),
('7', 'Pendapatan Diluar Usaha', '', '', 1, 3345, 0),
('7.1', 'Pendapatan Diluar Usaha', '7.1.01', '7.1.59', 1, 3346, 0),
('L1', 'Total Pendapatan Diluar Usaha', '', '', 1, 3347, 0),
('9', 'Ayat Silang', '', '', 1, 3348, 0),
('9.9', 'Ayat Silang', '9.9.99', '9.9.99', 1, 3349, 0),
('', 'Total Ayat Silang', '', '', 1, 3350, 0),
('', 'Total Ayat Silang', '', '', 1, 3351, 0);

-- --------------------------------------------------------

--
-- Table structure for table `settinglevel`
--

CREATE TABLE IF NOT EXISTS `settinglevel` (
  `nomorlevel` tinyint(1) NOT NULL,
  `level` tinyint(1) NOT NULL
) ENGINE=InnoDB DEFAULT CHARSET=latin1;

--
-- Dumping data for table `settinglevel`
--

INSERT INTO `settinglevel` (`nomorlevel`, `level`) VALUES
(1, 3),
(2, 3);

-- --------------------------------------------------------

--
-- Table structure for table `settingneraca`
--

CREATE TABLE IF NOT EXISTS `settingneraca` (
  `nomoraccount` varchar(10) NOT NULL,
  `tempnamaaccount` varchar(50) NOT NULL,
  `dari` varchar(10) NOT NULL,
  `sampai` varchar(10) NOT NULL,
  `cetak` tinyint(1) NOT NULL,
  `id` int(2) NOT NULL AUTO_INCREMENT,
  PRIMARY KEY (`id`)
) ENGINE=InnoDB  DEFAULT CHARSET=latin1 AUTO_INCREMENT=301 ;

--
-- Dumping data for table `settingneraca`
--

INSERT INTO `settingneraca` (`nomoraccount`, `tempnamaaccount`, `dari`, `sampai`, `cetak`, `id`) VALUES
('1', 'Aktiva', '', '', 1, 264),
('1.1', 'Kas', '1.1.01', '1.1.02', 1, 265),
('1.2', 'Bank', '1.2.01', '1.2.04', 1, 266),
('1.3', 'Deposito ', '1.3.01', '1.3.01', 1, 267),
('1.4', 'Piutang Dagang', '', '', 1, 268),
('1.5', 'Persediaan', '', '', 1, 269),
('1.6', 'Pembayaran Dimuka', '1.6.01', '1.6.02', 1, 270),
('1.9', 'Aktiva Tetap', '1.9.01', '1.9.54', 1, 271),
('', 'Total Aktiva', '', '', 1, 272),
('2', 'Kewajiban', '', '', 1, 273),
('2.1', 'Hutang Dagang', '2.1.01', '2.1.01', 1, 274),
('2.2', 'Penerimaan Uang Muka', '2.2.01', '2.2.01', 1, 275),
('2.3', 'Hutang Bank', '2.3.01', '2.3.01', 1, 276),
('2.4', 'Hutang Leasing', '2.4.01', '2.4.03', 1, 277),
('2.9', 'Hutang Lain-Lain', '2.9.01', '2.9.01', 1, 278),
('', 'Total Kewajiban', '', '', 1, 279),
('3', 'Modal Disetor', '', '', 1, 280),
('3.1', 'Modal Disetor', '3.1.01', '3.1.01', 1, 281),
('3.2', 'Laba Ditahan', '3.2.01', '3.2.01', 1, 282),
('3.3', 'Laba Tahun Berjalan', '3.3.01', '3.3.01', 1, 283),
('', 'Total Modal Disetor', '', '', 1, 284),
('4', 'Pendapatan', '', '', 1, 285),
('', 'Total Pendapatan', '', '', 1, 286),
('5', 'Harga Pokok Penjualan', '', '', 1, 287),
('5.2', 'Harga Pokok Penjualan Jasa', '5.2.01', '5.2.07', 1, 288),
('', 'Total Harga Pokok Penjualan', '', '', 1, 289),
('6', 'Biaya Operasional', '', '', 1, 290),
('6.1', 'Biaya Penjualan', '6.1.01', '6.1.03', 1, 291),
('6.2', 'Biaya Umum ', '6.2.01', '6.2.40', 1, 292),
('6.3', 'Biaya Keuangan', '6.3.01', '6.3.03', 1, 293),
('', 'Total Biaya Operasional', '', '', 1, 294),
('7', 'Pendapatan Diluar Usaha', '', '', 1, 295),
('7.1', 'Pendapatan Diluar Usaha', '7.1.01', '7.1.59', 1, 296),
('', 'Total Pendapatan Diluar Usaha', '', '', 1, 297),
('9', 'Ayat Silang', '', '', 1, 298),
('9.9', 'Ayat Silang', '9.9.99', '9.9.99', 1, 299),
('', 'Total Ayat Silang', '', '', 1, 300);

-- --------------------------------------------------------

--
-- Table structure for table `sj_d`
--

CREATE TABLE IF NOT EXISTS `sj_d` (
  `No` int(11) NOT NULL AUTO_INCREMENT,
  `No_Sj` varchar(7) NOT NULL,
  `Kode_Brg` varchar(22) NOT NULL,
  `Barang` varchar(50) NOT NULL,
  `Barang_SJ` varchar(50) DEFAULT NULL,
  `Qty1` int(11) NOT NULL,
  `Status` varchar(1) NOT NULL,
  `Keterangan` varchar(30) NOT NULL,
  PRIMARY KEY (`No`)
) ENGINE=InnoDB  DEFAULT CHARSET=latin1 AUTO_INCREMENT=9 ;

--
-- Dumping data for table `sj_d`
--

INSERT INTO `sj_d` (`No`, `No_Sj`, `Kode_Brg`, `Barang`, `Barang_SJ`, `Qty1`, `Status`, `Keterangan`) VALUES
(1, '1401001', 'AHCAMPURAN', 'ASS HITAM ', 'AHCAMPURAN', 10, '', 'tes'),
(2, '1401001', 'AH1005900', 'ASS HITAM 100 X 5900', 'AH1005900', 10, '', ''),
(3, '1401001', 'AH1006', 'ASS HITAM 100 X 6', 'AH1006', 5, '', ''),
(7, '1401002', 'AH1005900', 'ASS HITAM 100 X 5900', 'AH1005900', 2, '', ''),
(8, '1401002', 'AH1016', 'ASS HITAM 101 X 6', 'AH1016', 10, '', '');

-- --------------------------------------------------------

--
-- Table structure for table `sj_h`
--

CREATE TABLE IF NOT EXISTS `sj_h` (
  `No_Sj` varchar(7) NOT NULL,
  `Tgl` date NOT NULL,
  `No_Do` varchar(20) NOT NULL,
  `No_Po` varchar(25) NOT NULL,
  `No_Mobil` varchar(15) NOT NULL,
  `Kode_Plg` varchar(20) NOT NULL,
  `Kode_Gudang` varchar(20) NOT NULL,
  `Kirim` int(11) DEFAULT '0',
  `Keterangan` varchar(20) NOT NULL,
  PRIMARY KEY (`No_Sj`)
) ENGINE=InnoDB DEFAULT CHARSET=latin1;

--
-- Dumping data for table `sj_h`
--

INSERT INTO `sj_h` (`No_Sj`, `Tgl`, `No_Do`, `No_Po`, `No_Mobil`, `Kode_Plg`, `Kode_Gudang`, `Kirim`, `Keterangan`) VALUES
('1401001', '2014-01-07', '1401001', '1401111', 'B 0852 VXY', 'P1307001', 'G1307002', 0, 'Pelita'),
('1401002', '2014-01-07', '1401004', '1403111', 'K L156 P', 'P1307007', 'G1307001', 0, 'Pelita');

-- --------------------------------------------------------

--
-- Table structure for table `stock`
--

CREATE TABLE IF NOT EXISTS `stock` (
  `Kode` varchar(22) NOT NULL,
  `Kode_Gudang` varchar(5) NOT NULL,
  `Qty_1` decimal(10,0) NOT NULL,
  `QtyGudang` decimal(10,0) NOT NULL,
  `Tgl_Saw` date NOT NULL,
  `Saw` decimal(10,0) NOT NULL,
  `Terima` decimal(10,0) NOT NULL,
  `Ke_Do` decimal(10,0) NOT NULL,
  `Ke_Sj` decimal(10,0) NOT NULL,
  `Ke_Bpb` decimal(10,0) NOT NULL,
  PRIMARY KEY (`Kode`,`Kode_Gudang`)
) ENGINE=InnoDB DEFAULT CHARSET=latin1;

-- --------------------------------------------------------

--
-- Table structure for table `supplier`
--

CREATE TABLE IF NOT EXISTS `supplier` (
  `Kode` varchar(20) NOT NULL,
  `Nama` varchar(30) NOT NULL,
  `Nama1` varchar(30) DEFAULT NULL,
  `Perusahaan` varchar(50) NOT NULL,
  `Alamat1` varchar(30) NOT NULL,
  `Alamat2` varchar(30) DEFAULT NULL,
  `Kota` varchar(15) NOT NULL,
  `Telp` varchar(20) NOT NULL,
  `Telp1` varchar(20) NOT NULL,
  `Telp2` varchar(20) DEFAULT NULL,
  `Fax1` varchar(20) NOT NULL,
  `Fax2` varchar(20) DEFAULT NULL,
  `Limit_Kredit` decimal(12,0) NOT NULL,
  PRIMARY KEY (`Kode`)
) ENGINE=InnoDB DEFAULT CHARSET=latin1;

--
-- Dumping data for table `supplier`
--

INSERT INTO `supplier` (`Kode`, `Nama`, `Nama1`, `Perusahaan`, `Alamat1`, `Alamat2`, `Kota`, `Telp`, `Telp1`, `Telp2`, `Fax1`, `Fax2`, `Limit_Kredit`) VALUES
('S1307001', 'Tony Stark', NULL, 'Stark Company', 'Jl. Alabama', NULL, 'Tangerang', '085247956204', '', '', '0221 25884', '', '100000000'),
('S1307002', 'Cockie', NULL, 'Hammer PT.', 'Jl. Kelma', NULL, 'Bandung', '08522257', '', '', '08547782', '', '0'),
('S1307003', 'Arifin', NULL, 'Olala PT.', 'Gedung Energy', NULL, 'Jakarta', '3523362366', '', '', '0552 478855', '', '25000'),
('S1309001', 'AFRO', NULL, 'AFRO PACIFIC INDAH STEEL', 'P.Jayakarta No.35', NULL, 'Jakarta', '628 6885 5524', '', '', '02158887', '', '6588558'),
('S1309002', 'Ha Dong Hoon', NULL, ' HAHA PT.', 'Jl. Gangnam', NULL, 'Seoul', '0852577752', '', '', '021587745', '', '20000'),
('S1309003', 'Turan Boss', NULL, ' TURBO CV.', 'Jl. Speeds', NULL, 'Sebatik', '789456123', '', '', '789456123', '', '20000'),
('S1309004', 'Grahams', NULL, 'Graham Bell CV.', 'Jl. Irian Jaya', NULL, 'Jayapura', '12345679', '', '', '123456', '', '100000000'),
('S1311001', 'Tovan Wahyudi', NULL, 'Angin Topan PT.', 'Jl. Pantoloan IV No.15', NULL, 'Bekasi', '789456123', '123456789', '', '11223345', '', '200000000');

-- --------------------------------------------------------

--
-- Table structure for table `terima_bayar`
--

CREATE TABLE IF NOT EXISTS `terima_bayar` (
  `Kode` varchar(8) NOT NULL,
  `Kode_plg` varchar(8) NOT NULL,
  `Tgl` date NOT NULL,
  PRIMARY KEY (`Kode`)
) ENGINE=InnoDB DEFAULT CHARSET=latin1;

-- --------------------------------------------------------

--
-- Table structure for table `terima_byr_d`
--

CREATE TABLE IF NOT EXISTS `terima_byr_d` (
  `Kode` varchar(8) NOT NULL,
  `Jenis` varchar(14) NOT NULL,
  `DariBank` varchar(14) NOT NULL,
  `DariRek` varchar(14) NOT NULL,
  `Ref` varchar(16) NOT NULL,
  `TglGiro` date DEFAULT NULL,
  `TglCair` date DEFAULT NULL,
  `Nilai` int(11) NOT NULL,
  `TerimaBank` varchar(14) NOT NULL,
  `TerimaRek` varchar(14) NOT NULL,
  PRIMARY KEY (`Kode`,`Jenis`)
) ENGINE=InnoDB DEFAULT CHARSET=latin1;

-- --------------------------------------------------------

--
-- Table structure for table `terima_byr_d2`
--

CREATE TABLE IF NOT EXISTS `terima_byr_d2` (
  `Kode` varchar(8) NOT NULL,
  `NoInvoice` varchar(8) NOT NULL,
  `NilaiInvoice` int(11) NOT NULL,
  `NilaiBayar` int(11) NOT NULL,
  `Total` int(11) NOT NULL,
  PRIMARY KEY (`Kode`,`NoInvoice`)
) ENGINE=InnoDB DEFAULT CHARSET=latin1;

-- --------------------------------------------------------

--
-- Table structure for table `terima_byr_d3`
--

CREATE TABLE IF NOT EXISTS `terima_byr_d3` (
  `Kode` varchar(8) NOT NULL,
  `Jenis` varchar(11) NOT NULL,
  `Nilai` int(11) NOT NULL,
  `Total` int(11) NOT NULL,
  PRIMARY KEY (`Kode`,`Jenis`)
) ENGINE=InnoDB DEFAULT CHARSET=latin1;

-- --------------------------------------------------------

--
-- Table structure for table `tipe_rekening`
--

CREATE TABLE IF NOT EXISTS `tipe_rekening` (
  `No` int(11) NOT NULL AUTO_INCREMENT,
  `value` varchar(20) NOT NULL,
  PRIMARY KEY (`No`)
) ENGINE=InnoDB  DEFAULT CHARSET=latin1 AUTO_INCREMENT=3 ;

--
-- Dumping data for table `tipe_rekening`
--

INSERT INTO `tipe_rekening` (`No`, `value`) VALUES
(1, 'Tabungan'),
(2, 'Giro');

-- --------------------------------------------------------

--
-- Table structure for table `tt_akumulasilaba`
--

CREATE TABLE IF NOT EXISTS `tt_akumulasilaba` (
  `id` int(11) NOT NULL AUTO_INCREMENT,
  `nomoraccount` varchar(10) NOT NULL,
  PRIMARY KEY (`id`)
) ENGINE=InnoDB  DEFAULT CHARSET=latin1 AUTO_INCREMENT=26 ;

--
-- Dumping data for table `tt_akumulasilaba`
--

INSERT INTO `tt_akumulasilaba` (`id`, `nomoraccount`) VALUES
(25, '3.2.01');

-- --------------------------------------------------------

--
-- Table structure for table `tt_historitutuptahun`
--

CREATE TABLE IF NOT EXISTS `tt_historitutuptahun` (
  `nomoraccount` varchar(10) NOT NULL,
  `saldo` bigint(20) NOT NULL,
  `tahun` int(4) NOT NULL,
  `tipe` tinyint(1) NOT NULL
) ENGINE=InnoDB DEFAULT CHARSET=latin1;

--
-- Dumping data for table `tt_historitutuptahun`
--

INSERT INTO `tt_historitutuptahun` (`nomoraccount`, `saldo`, `tahun`, `tipe`) VALUES
('1', 0, 2012, 0),
('1.1', 0, 2012, 0),
('1.1.01', 5000000, 2012, 0),
('1.1.02', 8000000, 2012, 0),
('1.2', 0, 2012, 0),
('1.2.01', 8000000, 2012, 0),
('1.2.02', 0, 2012, 0),
('1.2.03', 0, 2012, 0),
('1.2.04', 0, 2012, 0),
('1.3', 0, 2012, 0),
('1.3.01', 0, 2012, 0),
('1.4', 0, 2012, 0),
('1.4.01', 0, 2012, 0),
('1.4.02', 0, 2012, 0),
('1.5', 0, 2012, 0),
('1.5.01', 0, 2012, 0),
('1.5.02', 0, 2012, 0),
('1.6', 0, 2012, 0),
('1.6.01', 0, 2012, 0),
('1.6.02', 0, 2012, 0),
('1.9', 0, 2012, 0),
('1.9.01', 0, 2012, 0),
('1.9.02', 0, 2012, 0),
('1.9.03', 0, 2012, 0),
('1.9.04', 0, 2012, 0),
('1.9.51', 0, 2012, 0),
('1.9.52', 0, 2012, 0),
('1.9.53', 0, 2012, 0),
('1.9.54', 0, 2012, 0),
('2', 0, 2012, 0),
('2.1', 0, 2012, 0),
('2.1.01', 0, 2012, 0),
('2.2', 0, 2012, 0),
('2.2.01', 0, 2012, 0),
('2.3', 0, 2012, 0),
('2.3.01', 0, 2012, 0),
('2.4', 0, 2012, 0),
('2.4.01', 0, 2012, 0),
('2.4.02', 0, 2012, 0),
('2.4.03', 0, 2012, 0),
('2.9', 0, 2012, 0),
('2.9.01', 0, 2012, 0),
('3', 0, 2012, 0),
('3.1', 0, 2012, 0),
('3.1.01', 0, 2012, 0),
('3.2', 0, 2012, 0),
('3.2.01', 1800000, 2012, 0),
('3.3', 0, 2012, 0),
('3.3.01', 0, 2012, 0),
('4', 0, 2012, 0),
('4.1', 0, 2012, 0),
('4.1.01', 5000000, 2012, 0),
('4.2', 0, 2012, 0),
('4.2.01', 0, 2012, 0),
('4.2.02', 0, 2012, 0),
('4.2.03', 0, 2012, 0),
('4.2.04', 0, 2012, 0),
('4.2.05', 0, 2012, 0),
('4.5', 0, 2012, 0),
('4.5.01', 0, 2012, 0),
('4.5.02', 0, 2012, 0),
('5', 0, 2012, 0),
('5.1', 0, 2012, 0),
('5.1.01', 3000000, 2012, 0),
('5.1.02', 0, 2012, 0),
('5.1.03', 0, 2012, 0),
('5.2', 0, 2012, 0),
('5.2.01', 0, 2012, 0),
('5.2.02', 0, 2012, 0),
('5.2.03', 0, 2012, 0),
('5.2.04', 0, 2012, 0),
('5.2.05', 0, 2012, 0),
('5.2.06', 0, 2012, 0),
('5.2.07', 0, 2012, 0),
('6', 0, 2012, 0),
('6.1', 0, 2012, 0),
('6.1.01', 500000, 2012, 0),
('6.1.02', 0, 2012, 0),
('6.1.03', 0, 2012, 0),
('6.1.04', 0, 2012, 0),
('6.1.05', 0, 2012, 0),
('6.2', 0, 2012, 0),
('6.2.01', 0, 2012, 0),
('6.2.02', 0, 2012, 0),
('6.2.03', 0, 2012, 0),
('6.2.04', 0, 2012, 0),
('6.2.05', 0, 2012, 0),
('6.2.06', 0, 2012, 0),
('6.2.07', 0, 2012, 0),
('6.2.08', 0, 2012, 0),
('6.2.09', 0, 2012, 0),
('6.2.10', 0, 2012, 0),
('6.2.11', 0, 2012, 0),
('6.2.12', 0, 2012, 0),
('6.2.13', 0, 2012, 0),
('6.2.14', 0, 2012, 0),
('6.2.15', 0, 2012, 0),
('6.2.16', 0, 2012, 0),
('6.2.17', 0, 2012, 0),
('6.2.40', 0, 2012, 0),
('6.3', 0, 2012, 0),
('6.3.01', 0, 2012, 0),
('6.3.02', 0, 2012, 0),
('6.3.03', 0, 2012, 0),
('7', 0, 2012, 0),
('7.1', 0, 2012, 0),
('7.1.01', 300000, 2012, 0),
('7.1.59', 0, 2012, 0),
('9', 0, 2012, 0),
('9.9', 0, 2012, 0),
('9.9.99', 0, 2012, 0),
('3.2.01', 1800000, 2012, 1),
('1', 0, 2013, 0),
('1.1', 0, 2013, 0),
('1.1.01', 5000000, 2013, 0),
('1.1.02', 8000000, 2013, 0),
('1.2', 0, 2013, 0),
('1.2.01', 0, 2013, 0),
('1.2.02', 0, 2013, 0),
('1.2.03', 0, 2013, 0),
('1.2.04', 0, 2013, 0),
('1.3', 0, 2013, 0),
('1.3.01', 0, 2013, 0),
('1.4', 0, 2013, 0),
('1.4.01', 0, 2013, 0),
('1.4.02', 0, 2013, 0),
('1.5', 0, 2013, 0),
('1.5.01', 0, 2013, 0),
('1.5.02', 0, 2013, 0),
('1.6', 0, 2013, 0),
('1.6.01', 0, 2013, 0),
('1.6.02', 0, 2013, 0),
('1.9', 0, 2013, 0),
('1.9.01', 0, 2013, 0),
('1.9.02', 0, 2013, 0),
('1.9.03', 0, 2013, 0),
('1.9.04', 0, 2013, 0),
('1.9.51', 0, 2013, 0),
('1.9.52', 0, 2013, 0),
('1.9.53', 0, 2013, 0),
('1.9.54', 0, 2013, 0),
('2', 0, 2013, 0),
('2.1', 0, 2013, 0),
('2.1.01', 0, 2013, 0),
('2.2', 0, 2013, 0),
('2.2.01', 0, 2013, 0),
('2.3', 0, 2013, 0),
('2.3.01', 0, 2013, 0),
('2.4', 0, 2013, 0),
('2.4.01', 0, 2013, 0),
('2.4.02', 0, 2013, 0),
('2.4.03', 0, 2013, 0),
('2.9', 0, 2013, 0),
('2.9.01', 0, 2013, 0),
('3', 0, 2013, 0),
('3.1', 0, 2013, 0),
('3.1.01', 0, 2013, 0),
('3.2', 0, 2013, 0),
('3.2.01', 1800000, 2013, 0),
('3.3', 0, 2013, 0),
('3.3.01', 0, 2013, 0),
('4', 0, 2013, 0),
('4.1', 0, 2013, 0),
('4.1.01', 5000000, 2013, 0),
('4.2', 0, 2013, 0),
('4.2.01', 0, 2013, 0),
('4.2.02', 0, 2013, 0),
('4.2.03', 0, 2013, 0),
('4.2.04', 0, 2013, 0),
('4.2.05', 0, 2013, 0),
('4.5', 0, 2013, 0),
('4.5.01', 0, 2013, 0),
('4.5.02', 0, 2013, 0),
('5', 0, 2013, 0),
('5.1', 0, 2013, 0),
('5.1.01', 3000000, 2013, 0),
('5.1.02', 0, 2013, 0),
('5.1.03', 0, 2013, 0),
('5.2', 0, 2013, 0),
('5.2.01', 0, 2013, 0),
('5.2.02', 0, 2013, 0),
('5.2.03', 0, 2013, 0),
('5.2.04', 0, 2013, 0),
('5.2.05', 0, 2013, 0),
('5.2.06', 0, 2013, 0),
('5.2.07', 0, 2013, 0),
('6', 0, 2013, 0),
('6.1', 0, 2013, 0),
('6.1.01', 500000, 2013, 0),
('6.1.02', 0, 2013, 0),
('6.1.03', 0, 2013, 0),
('6.1.04', 0, 2013, 0),
('6.1.05', 0, 2013, 0),
('6.2', 0, 2013, 0),
('6.2.01', 0, 2013, 0),
('6.2.02', 0, 2013, 0),
('6.2.03', 0, 2013, 0),
('6.2.04', 0, 2013, 0),
('6.2.05', 0, 2013, 0),
('6.2.06', 0, 2013, 0),
('6.2.07', 0, 2013, 0),
('6.2.08', 0, 2013, 0),
('6.2.09', 0, 2013, 0),
('6.2.10', 0, 2013, 0),
('6.2.11', 0, 2013, 0),
('6.2.12', 0, 2013, 0),
('6.2.13', 0, 2013, 0),
('6.2.14', 0, 2013, 0),
('6.2.15', 0, 2013, 0),
('6.2.16', 0, 2013, 0),
('6.2.17', 0, 2013, 0),
('6.2.40', 0, 2013, 0),
('6.3', 0, 2013, 0),
('6.3.01', 0, 2013, 0),
('6.3.02', 0, 2013, 0),
('6.3.03', 0, 2013, 0),
('7', 0, 2013, 0),
('7.1', 0, 2013, 0),
('7.1.01', 300000, 2013, 0),
('7.1.59', 0, 2013, 0),
('9', 0, 2013, 0),
('9.9', 0, 2013, 0),
('9.9.99', 0, 2013, 0),
('3.2.01', 4300000, 2013, 1),
('1', 0, 2013, 0),
('1.1', 0, 2013, 0),
('1.1.01', 5000000, 2013, 0),
('1.1.02', 8000000, 2013, 0),
('1.2', 0, 2013, 0),
('1.2.01', 0, 2013, 0),
('1.2.02', 0, 2013, 0),
('1.2.03', 0, 2013, 0),
('1.2.04', 0, 2013, 0),
('1.3', 0, 2013, 0),
('1.3.01', 0, 2013, 0),
('1.4', 0, 2013, 0),
('1.4.01', 0, 2013, 0),
('1.4.02', 0, 2013, 0),
('1.5', 0, 2013, 0),
('1.5.01', 0, 2013, 0),
('1.5.02', 0, 2013, 0),
('1.6', 0, 2013, 0),
('1.6.01', 0, 2013, 0),
('1.6.02', 0, 2013, 0),
('1.9', 0, 2013, 0),
('1.9.01', 0, 2013, 0),
('1.9.02', 0, 2013, 0),
('1.9.03', 0, 2013, 0),
('1.9.04', 0, 2013, 0),
('1.9.51', 0, 2013, 0),
('1.9.52', 0, 2013, 0),
('1.9.53', 0, 2013, 0),
('1.9.54', 0, 2013, 0),
('2', 0, 2013, 0),
('2.1', 0, 2013, 0),
('2.1.01', 0, 2013, 0),
('2.2', 0, 2013, 0),
('2.2.01', 0, 2013, 0),
('2.3', 0, 2013, 0),
('2.3.01', 0, 2013, 0),
('2.4', 0, 2013, 0),
('2.4.01', 0, 2013, 0),
('2.4.02', 0, 2013, 0),
('2.4.03', 0, 2013, 0),
('2.9', 0, 2013, 0),
('2.9.01', 0, 2013, 0),
('3', 0, 2013, 0),
('3.1', 0, 2013, 0),
('3.1.01', 0, 2013, 0),
('3.2', 0, 2013, 0),
('3.2.01', 4300000, 2013, 0),
('3.3', 0, 2013, 0),
('3.3.01', 0, 2013, 0),
('4', 0, 2013, 0),
('4.1', 0, 2013, 0),
('4.1.01', 5000000, 2013, 0),
('4.2', 0, 2013, 0),
('4.2.01', 0, 2013, 0),
('4.2.02', 0, 2013, 0),
('4.2.03', 0, 2013, 0),
('4.2.04', 0, 2013, 0),
('4.2.05', 0, 2013, 0),
('4.5', 0, 2013, 0),
('4.5.01', 0, 2013, 0),
('4.5.02', 0, 2013, 0),
('5', 0, 2013, 0),
('5.1', 0, 2013, 0),
('5.1.01', 3000000, 2013, 0),
('5.1.02', 0, 2013, 0),
('5.1.03', 0, 2013, 0),
('5.2', 0, 2013, 0),
('5.2.01', 0, 2013, 0),
('5.2.02', 0, 2013, 0),
('5.2.03', 0, 2013, 0),
('5.2.04', 0, 2013, 0),
('5.2.05', 0, 2013, 0),
('5.2.06', 0, 2013, 0),
('5.2.07', 0, 2013, 0),
('6', 0, 2013, 0),
('6.1', 0, 2013, 0),
('6.1.01', 500000, 2013, 0),
('6.1.02', 0, 2013, 0),
('6.1.03', 0, 2013, 0),
('6.1.04', 0, 2013, 0),
('6.1.05', 0, 2013, 0),
('6.2', 0, 2013, 0),
('6.2.01', 0, 2013, 0),
('6.2.02', 0, 2013, 0),
('6.2.03', 0, 2013, 0),
('6.2.04', 0, 2013, 0),
('6.2.05', 0, 2013, 0),
('6.2.06', 0, 2013, 0),
('6.2.07', 0, 2013, 0),
('6.2.08', 0, 2013, 0),
('6.2.09', 0, 2013, 0),
('6.2.10', 0, 2013, 0),
('6.2.11', 0, 2013, 0),
('6.2.12', 0, 2013, 0),
('6.2.13', 0, 2013, 0),
('6.2.14', 0, 2013, 0),
('6.2.15', 0, 2013, 0),
('6.2.16', 0, 2013, 0),
('6.2.17', 0, 2013, 0),
('6.2.40', 0, 2013, 0),
('6.3', 0, 2013, 0),
('6.3.01', 0, 2013, 0),
('6.3.02', 0, 2013, 0),
('6.3.03', 0, 2013, 0),
('7', 0, 2013, 0),
('7.1', 0, 2013, 0),
('7.1.01', 300000, 2013, 0),
('7.1.59', 0, 2013, 0),
('9', 0, 2013, 0),
('9.9', 0, 2013, 0),
('9.9.99', 0, 2013, 0),
('3.2.01', 4300000, 2013, 1),
('1', 0, 2013, 0),
('1.1', 0, 2013, 0),
('1.1.01', 5000000, 2013, 0),
('1.1.02', 8000000, 2013, 0),
('1.2', 0, 2013, 0),
('1.2.01', 0, 2013, 0),
('1.2.02', 0, 2013, 0),
('1.2.03', 0, 2013, 0),
('1.2.04', 0, 2013, 0),
('1.3', 0, 2013, 0),
('1.3.01', 0, 2013, 0),
('1.4', 0, 2013, 0),
('1.4.01', 0, 2013, 0),
('1.4.02', 0, 2013, 0),
('1.5', 0, 2013, 0),
('1.5.01', 0, 2013, 0),
('1.5.02', 0, 2013, 0),
('1.6', 0, 2013, 0),
('1.6.01', 0, 2013, 0),
('1.6.02', 0, 2013, 0),
('1.9', 0, 2013, 0),
('1.9.01', 0, 2013, 0),
('1.9.02', 0, 2013, 0),
('1.9.03', 0, 2013, 0),
('1.9.04', 0, 2013, 0),
('1.9.51', 0, 2013, 0),
('1.9.52', 0, 2013, 0),
('1.9.53', 0, 2013, 0),
('1.9.54', 0, 2013, 0),
('2', 0, 2013, 0),
('2.1', 0, 2013, 0),
('2.1.01', 0, 2013, 0),
('2.2', 0, 2013, 0),
('2.2.01', 0, 2013, 0),
('2.3', 0, 2013, 0),
('2.3.01', 0, 2013, 0),
('2.4', 0, 2013, 0),
('2.4.01', 0, 2013, 0),
('2.4.02', 0, 2013, 0),
('2.4.03', 0, 2013, 0),
('2.9', 0, 2013, 0),
('2.9.01', 0, 2013, 0),
('3', 0, 2013, 0),
('3.1', 0, 2013, 0),
('3.1.01', 0, 2013, 0),
('3.2', 0, 2013, 0),
('3.2.01', 4300000, 2013, 0),
('3.3', 0, 2013, 0),
('3.3.01', 0, 2013, 0),
('4', 0, 2013, 0),
('4.1', 0, 2013, 0),
('4.1.01', 5000000, 2013, 0),
('4.2', 0, 2013, 0),
('4.2.01', 0, 2013, 0),
('4.2.02', 0, 2013, 0),
('4.2.03', 0, 2013, 0),
('4.2.04', 0, 2013, 0),
('4.2.05', 0, 2013, 0),
('4.5', 0, 2013, 0),
('4.5.01', 0, 2013, 0),
('4.5.02', 0, 2013, 0),
('5', 0, 2013, 0),
('5.1', 0, 2013, 0),
('5.1.01', 3000000, 2013, 0),
('5.1.02', 0, 2013, 0),
('5.1.03', 0, 2013, 0),
('5.2', 0, 2013, 0),
('5.2.01', 0, 2013, 0),
('5.2.02', 0, 2013, 0),
('5.2.03', 0, 2013, 0),
('5.2.04', 0, 2013, 0),
('5.2.05', 0, 2013, 0),
('5.2.06', 0, 2013, 0),
('5.2.07', 0, 2013, 0),
('6', 0, 2013, 0),
('6.1', 0, 2013, 0),
('6.1.01', 500000, 2013, 0),
('6.1.02', 0, 2013, 0),
('6.1.03', 0, 2013, 0),
('6.1.04', 0, 2013, 0),
('6.1.05', 0, 2013, 0),
('6.2', 0, 2013, 0),
('6.2.01', 0, 2013, 0),
('6.2.02', 0, 2013, 0),
('6.2.03', 0, 2013, 0),
('6.2.04', 0, 2013, 0),
('6.2.05', 0, 2013, 0),
('6.2.06', 0, 2013, 0),
('6.2.07', 0, 2013, 0),
('6.2.08', 0, 2013, 0),
('6.2.09', 0, 2013, 0),
('6.2.10', 0, 2013, 0),
('6.2.11', 0, 2013, 0),
('6.2.12', 0, 2013, 0),
('6.2.13', 0, 2013, 0),
('6.2.14', 0, 2013, 0),
('6.2.15', 0, 2013, 0),
('6.2.16', 0, 2013, 0),
('6.2.17', 0, 2013, 0),
('6.2.40', 0, 2013, 0),
('6.3', 0, 2013, 0),
('6.3.01', 0, 2013, 0),
('6.3.02', 0, 2013, 0),
('6.3.03', 0, 2013, 0),
('7', 0, 2013, 0),
('7.1', 0, 2013, 0),
('7.1.01', 300000, 2013, 0),
('7.1.59', 0, 2013, 0),
('9', 0, 2013, 0),
('9.9', 0, 2013, 0),
('9.9.99', 0, 2013, 0),
('3.2.01', 4300000, 2013, 1),
('1', 0, 2013, 0),
('1.1', 0, 2013, 0),
('1.1.01', 0, 2013, 0),
('1.1.02', 0, 2013, 0),
('1.2', 0, 2013, 0),
('1.2.01', 0, 2013, 0),
('1.2.02', 0, 2013, 0),
('1.2.03', 0, 2013, 0),
('1.2.04', 0, 2013, 0),
('1.3', 0, 2013, 0),
('1.3.01', 0, 2013, 0),
('1.4', 0, 2013, 0),
('1.5', 0, 2013, 0),
('1.6', 0, 2013, 0),
('1.6.01', 0, 2013, 0),
('1.6.02', 0, 2013, 0),
('1.9', 0, 2013, 0),
('1.9.01', 0, 2013, 0),
('1.9.02', 0, 2013, 0),
('1.9.03', 0, 2013, 0),
('1.9.04', 0, 2013, 0),
('1.9.51', 0, 2013, 0),
('1.9.52', 0, 2013, 0),
('1.9.53', 0, 2013, 0),
('1.9.54', 0, 2013, 0),
('2', 0, 2013, 0),
('2.1', 0, 2013, 0),
('2.1.01', 0, 2013, 0),
('2.2', 0, 2013, 0),
('2.2.01', 0, 2013, 0),
('2.3', 0, 2013, 0),
('2.3.01', 0, 2013, 0),
('2.4', 0, 2013, 0),
('2.4.01', 0, 2013, 0),
('2.4.02', 0, 2013, 0),
('2.4.03', 0, 2013, 0),
('2.9', 0, 2013, 0),
('2.9.01', 0, 2013, 0),
('3', 0, 2013, 0),
('3.1', 0, 2013, 0),
('3.1.01', 0, 2013, 0),
('3.2', 0, 2013, 0),
('3.2.01', 0, 2013, 0),
('3.3', 0, 2013, 0),
('3.3.01', 0, 2013, 0),
('4', 0, 2013, 0),
('4.5.02', 0, 2013, 0),
('5', 0, 2013, 0),
('5.1.02', 0, 2013, 0),
('5.1.03', 0, 2013, 0),
('5.1.04', 0, 2013, 0),
('5.2', 0, 2013, 0),
('5.2.01', 0, 2013, 0),
('5.2.02', 0, 2013, 0),
('5.2.03', 0, 2013, 0),
('5.2.04', 0, 2013, 0),
('5.2.05', 0, 2013, 0),
('5.2.06', 0, 2013, 0),
('5.2.07', 0, 2013, 0),
('6', 0, 2013, 0),
('6.1', 0, 2013, 0),
('6.1.01', 0, 2013, 0),
('6.1.02', 0, 2013, 0),
('6.1.03', 0, 2013, 0),
('6.2', 0, 2013, 0),
('6.2.01', 0, 2013, 0),
('6.2.02', 0, 2013, 0),
('6.2.03', 0, 2013, 0),
('6.2.04', 0, 2013, 0),
('6.2.05', 0, 2013, 0),
('6.2.06', 0, 2013, 0),
('6.2.07', 0, 2013, 0),
('6.2.08', 0, 2013, 0),
('6.2.09', 0, 2013, 0),
('6.2.10', 0, 2013, 0),
('6.2.11', 0, 2013, 0),
('6.2.12', 0, 2013, 0),
('6.2.13', 0, 2013, 0),
('6.2.14', 0, 2013, 0),
('6.2.15', 0, 2013, 0),
('6.2.16', 0, 2013, 0),
('6.2.40', 0, 2013, 0),
('6.3', 0, 2013, 0),
('6.3.01', 0, 2013, 0),
('6.3.02', 0, 2013, 0),
('6.3.03', 0, 2013, 0),
('7', 0, 2013, 0),
('7.1', 0, 2013, 0),
('7.1.01', 0, 2013, 0),
('7.1.59', 0, 2013, 0),
('9', 0, 2013, 0),
('9.9', 0, 2013, 0),
('9.9.99', 0, 2013, 0),
('3.2.01', 0, 2013, 1),
('1', 0, 2013, 0),
('1.1', 0, 2013, 0),
('1.1.01', 0, 2013, 0),
('1.1.02', 0, 2013, 0),
('1.2', 0, 2013, 0),
('1.2.01', 0, 2013, 0),
('1.2.02', 0, 2013, 0),
('1.2.03', 0, 2013, 0),
('1.2.04', 0, 2013, 0),
('1.3', 0, 2013, 0),
('1.3.01', 0, 2013, 0),
('1.4', 0, 2013, 0),
('1.5', 0, 2013, 0),
('1.6', 0, 2013, 0),
('1.6.01', 0, 2013, 0),
('1.6.02', 0, 2013, 0),
('1.9', 0, 2013, 0),
('1.9.01', 0, 2013, 0),
('1.9.02', 0, 2013, 0),
('1.9.03', 0, 2013, 0),
('1.9.04', 0, 2013, 0),
('1.9.51', 0, 2013, 0),
('1.9.52', 0, 2013, 0),
('1.9.53', 0, 2013, 0),
('1.9.54', 0, 2013, 0),
('2', 0, 2013, 0),
('2.1', 0, 2013, 0),
('2.1.01', 0, 2013, 0),
('2.2', 0, 2013, 0),
('2.2.01', 0, 2013, 0),
('2.3', 0, 2013, 0),
('2.3.01', 0, 2013, 0),
('2.4', 0, 2013, 0),
('2.4.01', 0, 2013, 0),
('2.4.02', 0, 2013, 0),
('2.4.03', 0, 2013, 0),
('2.9', 0, 2013, 0),
('2.9.01', 0, 2013, 0),
('3', 0, 2013, 0),
('3.1', 0, 2013, 0),
('3.1.01', 0, 2013, 0),
('3.2', 0, 2013, 0),
('3.2.01', 0, 2013, 0),
('3.3', 0, 2013, 0),
('3.3.01', 0, 2013, 0),
('4', 0, 2013, 0),
('4.5.02', 0, 2013, 0),
('5', 0, 2013, 0),
('5.1.02', 0, 2013, 0),
('5.1.03', 0, 2013, 0),
('5.1.04', 0, 2013, 0),
('5.2', 0, 2013, 0),
('5.2.01', 0, 2013, 0),
('5.2.02', 0, 2013, 0),
('5.2.03', 0, 2013, 0),
('5.2.04', 0, 2013, 0),
('5.2.05', 0, 2013, 0),
('5.2.06', 0, 2013, 0),
('5.2.07', 0, 2013, 0),
('6', 0, 2013, 0),
('6.1', 0, 2013, 0),
('6.1.01', 0, 2013, 0),
('6.1.02', 0, 2013, 0),
('6.1.03', 0, 2013, 0),
('6.2', 0, 2013, 0),
('6.2.01', 0, 2013, 0),
('6.2.02', 0, 2013, 0),
('6.2.03', 0, 2013, 0),
('6.2.04', 0, 2013, 0),
('6.2.05', 0, 2013, 0),
('6.2.06', 0, 2013, 0),
('6.2.07', 0, 2013, 0),
('6.2.08', 0, 2013, 0),
('6.2.09', 0, 2013, 0),
('6.2.10', 0, 2013, 0),
('6.2.11', 0, 2013, 0),
('6.2.12', 0, 2013, 0),
('6.2.13', 0, 2013, 0),
('6.2.14', 0, 2013, 0),
('6.2.15', 0, 2013, 0),
('6.2.16', 0, 2013, 0),
('6.2.40', 0, 2013, 0),
('6.3', 0, 2013, 0),
('6.3.01', 0, 2013, 0),
('6.3.02', 0, 2013, 0),
('6.3.03', 0, 2013, 0),
('7', 0, 2013, 0),
('7.1', 0, 2013, 0),
('7.1.01', 0, 2013, 0),
('7.1.59', 0, 2013, 0),
('9', 0, 2013, 0),
('9.9', 0, 2013, 0),
('9.9.99', 0, 2013, 0),
('3.2.01', 0, 2013, 1),
('1', 0, 2013, 0),
('1.1', 0, 2013, 0),
('1.1.01', 0, 2013, 0),
('1.1.02', 0, 2013, 0),
('1.2', 0, 2013, 0),
('1.2.01', 0, 2013, 0),
('1.2.02', 0, 2013, 0),
('1.2.03', 0, 2013, 0),
('1.2.04', 0, 2013, 0),
('1.3', 0, 2013, 0),
('1.3.01', 0, 2013, 0),
('1.4', 0, 2013, 0),
('1.5', 0, 2013, 0),
('1.6', 0, 2013, 0),
('1.6.01', 0, 2013, 0),
('1.6.02', 0, 2013, 0),
('1.9', 0, 2013, 0),
('1.9.01', 0, 2013, 0),
('1.9.02', 0, 2013, 0),
('1.9.03', 0, 2013, 0),
('1.9.04', 0, 2013, 0),
('1.9.51', 0, 2013, 0),
('1.9.52', 0, 2013, 0),
('1.9.53', 0, 2013, 0),
('1.9.54', 0, 2013, 0),
('2', 0, 2013, 0),
('2.1', 0, 2013, 0),
('2.1.01', 0, 2013, 0),
('2.2', 0, 2013, 0),
('2.2.01', 0, 2013, 0),
('2.3', 0, 2013, 0),
('2.3.01', 0, 2013, 0),
('2.4', 0, 2013, 0),
('2.4.01', 0, 2013, 0),
('2.4.02', 0, 2013, 0),
('2.4.03', 0, 2013, 0),
('2.9', 0, 2013, 0),
('2.9.01', 0, 2013, 0),
('3', 0, 2013, 0),
('3.1', 0, 2013, 0),
('3.1.01', 0, 2013, 0),
('3.2', 0, 2013, 0),
('3.2.01', 0, 2013, 0),
('3.3', 0, 2013, 0),
('3.3.01', 0, 2013, 0),
('4', 0, 2013, 0),
('4.5.02', 0, 2013, 0),
('5', 0, 2013, 0),
('5.1.02', 0, 2013, 0),
('5.1.03', 0, 2013, 0),
('5.1.04', 0, 2013, 0),
('5.2', 0, 2013, 0),
('5.2.01', 0, 2013, 0),
('5.2.02', 0, 2013, 0),
('5.2.03', 0, 2013, 0),
('5.2.04', 0, 2013, 0),
('5.2.05', 0, 2013, 0),
('5.2.06', 0, 2013, 0),
('5.2.07', 0, 2013, 0),
('6', 0, 2013, 0),
('6.1', 0, 2013, 0),
('6.1.01', 0, 2013, 0),
('6.1.02', 0, 2013, 0),
('6.1.03', 0, 2013, 0),
('6.2', 0, 2013, 0),
('6.2.01', 0, 2013, 0),
('6.2.02', 0, 2013, 0),
('6.2.03', 0, 2013, 0),
('6.2.04', 0, 2013, 0),
('6.2.05', 0, 2013, 0),
('6.2.06', 0, 2013, 0),
('6.2.07', 0, 2013, 0),
('6.2.08', 0, 2013, 0),
('6.2.09', 0, 2013, 0),
('6.2.10', 0, 2013, 0),
('6.2.11', 0, 2013, 0),
('6.2.12', 0, 2013, 0),
('6.2.13', 0, 2013, 0),
('6.2.14', 0, 2013, 0),
('6.2.15', 0, 2013, 0),
('6.2.16', 0, 2013, 0),
('6.2.40', 0, 2013, 0),
('6.3', 0, 2013, 0),
('6.3.01', 0, 2013, 0),
('6.3.02', 0, 2013, 0),
('6.3.03', 0, 2013, 0),
('7', 0, 2013, 0),
('7.1', 0, 2013, 0),
('7.1.01', 0, 2013, 0),
('7.1.59', 0, 2013, 0),
('9', 0, 2013, 0),
('9.9', 0, 2013, 0),
('9.9.99', 0, 2013, 0),
('3.2.01', 0, 2013, 1),
('1', 0, 2013, 0),
('1.1', 0, 2013, 0),
('1.1.01', 0, 2013, 0),
('1.1.02', 0, 2013, 0),
('1.2', 0, 2013, 0),
('1.2.01', 0, 2013, 0),
('1.2.02', 0, 2013, 0),
('1.2.03', 0, 2013, 0),
('1.2.04', 0, 2013, 0),
('1.3', 0, 2013, 0),
('1.3.01', 0, 2013, 0),
('1.4', 0, 2013, 0),
('1.5', 0, 2013, 0),
('1.6', 0, 2013, 0),
('1.6.01', 0, 2013, 0),
('1.6.02', 0, 2013, 0),
('1.9', 0, 2013, 0),
('1.9.01', 0, 2013, 0),
('1.9.02', 0, 2013, 0),
('1.9.03', 0, 2013, 0),
('1.9.04', 0, 2013, 0),
('1.9.51', 0, 2013, 0),
('1.9.52', 0, 2013, 0),
('1.9.53', 0, 2013, 0),
('1.9.54', 0, 2013, 0),
('2', 0, 2013, 0),
('2.1', 0, 2013, 0),
('2.1.01', 0, 2013, 0),
('2.2', 0, 2013, 0),
('2.2.01', 0, 2013, 0),
('2.3', 0, 2013, 0),
('2.3.01', 0, 2013, 0),
('2.4', 0, 2013, 0),
('2.4.01', 0, 2013, 0),
('2.4.02', 0, 2013, 0),
('2.4.03', 0, 2013, 0),
('2.9', 0, 2013, 0),
('2.9.01', 0, 2013, 0),
('3', 0, 2013, 0),
('3.1', 0, 2013, 0),
('3.1.01', 0, 2013, 0),
('3.2', 0, 2013, 0),
('3.2.01', 0, 2013, 0),
('3.3', 0, 2013, 0),
('3.3.01', 0, 2013, 0),
('4', 0, 2013, 0),
('4.5.02', 0, 2013, 0),
('5', 0, 2013, 0),
('5.1.02', 0, 2013, 0),
('5.1.03', 0, 2013, 0),
('5.1.04', 0, 2013, 0),
('5.2', 0, 2013, 0),
('5.2.01', 0, 2013, 0),
('5.2.02', 0, 2013, 0),
('5.2.03', 0, 2013, 0),
('5.2.04', 0, 2013, 0),
('5.2.05', 0, 2013, 0),
('5.2.06', 0, 2013, 0),
('5.2.07', 0, 2013, 0),
('6', 0, 2013, 0),
('6.1', 0, 2013, 0),
('6.1.01', 0, 2013, 0),
('6.1.02', 0, 2013, 0),
('6.1.03', 0, 2013, 0),
('6.2', 0, 2013, 0),
('6.2.01', 0, 2013, 0),
('6.2.02', 0, 2013, 0),
('6.2.03', 0, 2013, 0),
('6.2.04', 0, 2013, 0),
('6.2.05', 0, 2013, 0),
('6.2.06', 0, 2013, 0),
('6.2.07', 0, 2013, 0),
('6.2.08', 0, 2013, 0),
('6.2.09', 0, 2013, 0),
('6.2.10', 0, 2013, 0),
('6.2.11', 0, 2013, 0),
('6.2.12', 0, 2013, 0),
('6.2.13', 0, 2013, 0),
('6.2.14', 0, 2013, 0),
('6.2.15', 0, 2013, 0),
('6.2.16', 0, 2013, 0),
('6.2.40', 0, 2013, 0),
('6.3', 0, 2013, 0),
('6.3.01', 0, 2013, 0),
('6.3.02', 0, 2013, 0),
('6.3.03', 0, 2013, 0),
('7', 0, 2013, 0),
('7.1', 0, 2013, 0),
('7.1.01', 0, 2013, 0),
('7.1.59', 0, 2013, 0),
('9', 0, 2013, 0),
('9.9', 0, 2013, 0),
('9.9.99', 0, 2013, 0),
('3.2.01', 0, 2013, 1),
('1', 0, 2013, 0),
('1.1', 0, 2013, 0),
('1.1.01', 0, 2013, 0),
('1.1.02', 0, 2013, 0),
('1.2', 0, 2013, 0),
('1.2.01', 0, 2013, 0),
('1.2.02', 0, 2013, 0),
('1.2.03', 0, 2013, 0),
('1.2.04', 0, 2013, 0),
('1.3', 0, 2013, 0),
('1.3.01', 0, 2013, 0),
('1.4', 0, 2013, 0),
('1.5', 0, 2013, 0),
('1.6', 0, 2013, 0),
('1.6.01', 0, 2013, 0),
('1.6.02', 0, 2013, 0),
('1.9', 0, 2013, 0),
('1.9.01', 0, 2013, 0),
('1.9.02', 0, 2013, 0),
('1.9.03', 0, 2013, 0),
('1.9.04', 0, 2013, 0),
('1.9.51', 0, 2013, 0),
('1.9.52', 0, 2013, 0),
('1.9.53', 0, 2013, 0),
('1.9.54', 0, 2013, 0),
('2', 0, 2013, 0),
('2.1', 0, 2013, 0),
('2.1.01', 0, 2013, 0),
('2.2', 0, 2013, 0),
('2.2.01', 0, 2013, 0),
('2.3', 0, 2013, 0),
('2.3.01', 0, 2013, 0),
('2.4', 0, 2013, 0),
('2.4.01', 0, 2013, 0),
('2.4.02', 0, 2013, 0),
('2.4.03', 0, 2013, 0),
('2.9', 0, 2013, 0),
('2.9.01', 0, 2013, 0),
('3', 0, 2013, 0),
('3.1', 0, 2013, 0),
('3.1.01', 0, 2013, 0),
('3.2', 0, 2013, 0),
('3.2.01', 0, 2013, 0),
('3.3', 0, 2013, 0),
('3.3.01', 0, 2013, 0),
('4', 0, 2013, 0),
('4.5.02', 0, 2013, 0),
('5', 0, 2013, 0),
('5.1.02', 0, 2013, 0),
('5.1.03', 0, 2013, 0),
('5.1.04', 0, 2013, 0),
('5.2', 0, 2013, 0),
('5.2.01', 0, 2013, 0),
('5.2.02', 0, 2013, 0),
('5.2.03', 0, 2013, 0),
('5.2.04', 0, 2013, 0),
('5.2.05', 0, 2013, 0),
('5.2.06', 0, 2013, 0),
('5.2.07', 0, 2013, 0),
('6', 0, 2013, 0),
('6.1', 0, 2013, 0),
('6.1.01', 0, 2013, 0),
('6.1.02', 0, 2013, 0),
('6.1.03', 0, 2013, 0),
('6.2', 0, 2013, 0),
('6.2.01', 0, 2013, 0),
('6.2.02', 0, 2013, 0),
('6.2.03', 0, 2013, 0),
('6.2.04', 0, 2013, 0),
('6.2.05', 0, 2013, 0),
('6.2.06', 0, 2013, 0),
('6.2.07', 0, 2013, 0),
('6.2.08', 0, 2013, 0),
('6.2.09', 0, 2013, 0),
('6.2.10', 0, 2013, 0),
('6.2.11', 0, 2013, 0),
('6.2.12', 0, 2013, 0),
('6.2.13', 0, 2013, 0),
('6.2.14', 0, 2013, 0),
('6.2.15', 0, 2013, 0),
('6.2.16', 0, 2013, 0),
('6.2.40', 0, 2013, 0),
('6.3', 0, 2013, 0),
('6.3.01', 0, 2013, 0),
('6.3.02', 0, 2013, 0),
('6.3.03', 0, 2013, 0),
('7', 0, 2013, 0),
('7.1', 0, 2013, 0),
('7.1.01', 0, 2013, 0),
('7.1.59', 0, 2013, 0),
('9', 0, 2013, 0),
('9.9', 0, 2013, 0),
('9.9.99', 0, 2013, 0),
('3.2.01', 0, 2013, 1),
('1', 0, 2013, 0),
('1.1', 0, 2013, 0),
('1.1.01', 0, 2013, 0),
('1.1.02', 0, 2013, 0),
('1.2', 0, 2013, 0),
('1.2.01', 0, 2013, 0),
('1.2.02', 0, 2013, 0),
('1.2.03', 0, 2013, 0),
('1.2.04', 0, 2013, 0),
('1.3', 0, 2013, 0),
('1.3.01', 0, 2013, 0),
('1.4', 0, 2013, 0),
('1.5', 0, 2013, 0),
('1.6', 0, 2013, 0),
('1.6.01', 0, 2013, 0),
('1.6.02', 0, 2013, 0),
('1.9', 0, 2013, 0),
('1.9.01', 0, 2013, 0),
('1.9.02', 0, 2013, 0),
('1.9.03', 0, 2013, 0),
('1.9.04', 0, 2013, 0),
('1.9.51', 0, 2013, 0),
('1.9.52', 0, 2013, 0),
('1.9.53', 0, 2013, 0),
('1.9.54', 0, 2013, 0),
('2', 0, 2013, 0),
('2.1', 0, 2013, 0),
('2.1.01', 0, 2013, 0),
('2.2', 0, 2013, 0),
('2.2.01', 0, 2013, 0),
('2.3', 0, 2013, 0),
('2.3.01', 0, 2013, 0),
('2.4', 0, 2013, 0),
('2.4.01', 0, 2013, 0),
('2.4.02', 0, 2013, 0),
('2.4.03', 0, 2013, 0),
('2.9', 0, 2013, 0),
('2.9.01', 0, 2013, 0),
('3', 0, 2013, 0),
('3.1', 0, 2013, 0),
('3.1.01', 0, 2013, 0),
('3.2', 0, 2013, 0),
('3.2.01', 0, 2013, 0),
('3.3', 0, 2013, 0),
('3.3.01', 0, 2013, 0),
('4', 0, 2013, 0),
('4.5.02', 0, 2013, 0),
('5', 0, 2013, 0),
('5.1.02', 0, 2013, 0),
('5.1.03', 0, 2013, 0),
('5.1.04', 0, 2013, 0),
('5.2', 0, 2013, 0),
('5.2.01', 0, 2013, 0),
('5.2.02', 0, 2013, 0),
('5.2.03', 0, 2013, 0),
('5.2.04', 0, 2013, 0),
('5.2.05', 0, 2013, 0),
('5.2.06', 0, 2013, 0),
('5.2.07', 0, 2013, 0),
('6', 0, 2013, 0),
('6.1', 0, 2013, 0),
('6.1.01', 0, 2013, 0),
('6.1.02', 0, 2013, 0),
('6.1.03', 0, 2013, 0),
('6.2', 0, 2013, 0),
('6.2.01', 0, 2013, 0),
('6.2.02', 0, 2013, 0),
('6.2.03', 0, 2013, 0),
('6.2.04', 0, 2013, 0),
('6.2.05', 0, 2013, 0),
('6.2.06', 0, 2013, 0),
('6.2.07', 0, 2013, 0),
('6.2.08', 0, 2013, 0),
('6.2.09', 0, 2013, 0),
('6.2.10', 0, 2013, 0),
('6.2.11', 0, 2013, 0),
('6.2.12', 0, 2013, 0),
('6.2.13', 0, 2013, 0),
('6.2.14', 0, 2013, 0),
('6.2.15', 0, 2013, 0),
('6.2.16', 0, 2013, 0),
('6.2.40', 0, 2013, 0),
('6.3', 0, 2013, 0),
('6.3.01', 0, 2013, 0),
('6.3.02', 0, 2013, 0),
('6.3.03', 0, 2013, 0),
('7', 0, 2013, 0),
('7.1', 0, 2013, 0),
('7.1.01', 0, 2013, 0),
('7.1.59', 0, 2013, 0),
('9', 0, 2013, 0),
('9.9', 0, 2013, 0),
('9.9.99', 0, 2013, 0),
('3.2.01', 0, 2013, 1),
('1', 0, 2013, 0),
('1.1', 0, 2013, 0),
('1.1.01', 0, 2013, 0),
('1.1.02', 0, 2013, 0),
('1.2', 0, 2013, 0),
('1.2.01', 0, 2013, 0),
('1.2.02', 0, 2013, 0),
('1.2.03', 0, 2013, 0),
('1.2.04', 0, 2013, 0),
('1.3', 0, 2013, 0),
('1.3.01', 0, 2013, 0),
('1.4', 0, 2013, 0),
('1.5', 0, 2013, 0),
('1.6', 0, 2013, 0),
('1.6.01', 0, 2013, 0),
('1.6.02', 0, 2013, 0),
('1.9', 0, 2013, 0),
('1.9.01', 0, 2013, 0),
('1.9.02', 0, 2013, 0),
('1.9.03', 0, 2013, 0),
('1.9.04', 0, 2013, 0),
('1.9.51', 0, 2013, 0),
('1.9.52', 0, 2013, 0),
('1.9.53', 0, 2013, 0),
('1.9.54', 0, 2013, 0),
('2', 0, 2013, 0),
('2.1', 0, 2013, 0),
('2.1.01', 0, 2013, 0),
('2.2', 0, 2013, 0),
('2.2.01', 0, 2013, 0),
('2.3', 0, 2013, 0),
('2.3.01', 0, 2013, 0),
('2.4', 0, 2013, 0),
('2.4.01', 0, 2013, 0),
('2.4.02', 0, 2013, 0),
('2.4.03', 0, 2013, 0),
('2.9', 0, 2013, 0),
('2.9.01', 0, 2013, 0),
('3', 0, 2013, 0),
('3.1', 0, 2013, 0),
('3.1.01', 0, 2013, 0),
('3.2', 0, 2013, 0),
('3.2.01', 0, 2013, 0),
('3.3', 0, 2013, 0),
('3.3.01', 0, 2013, 0),
('4', 0, 2013, 0),
('4.5.02', 0, 2013, 0),
('5', 0, 2013, 0),
('5.1.02', 0, 2013, 0),
('5.1.03', 0, 2013, 0),
('5.1.04', 0, 2013, 0),
('5.2', 0, 2013, 0),
('5.2.01', 0, 2013, 0),
('5.2.02', 0, 2013, 0),
('5.2.03', 0, 2013, 0),
('5.2.04', 0, 2013, 0),
('5.2.05', 0, 2013, 0),
('5.2.06', 0, 2013, 0),
('5.2.07', 0, 2013, 0),
('6', 0, 2013, 0),
('6.1', 0, 2013, 0),
('6.1.01', 0, 2013, 0),
('6.1.02', 0, 2013, 0),
('6.1.03', 0, 2013, 0),
('6.2', 0, 2013, 0),
('6.2.01', 0, 2013, 0),
('6.2.02', 0, 2013, 0),
('6.2.03', 0, 2013, 0),
('6.2.04', 0, 2013, 0),
('6.2.05', 0, 2013, 0),
('6.2.06', 0, 2013, 0),
('6.2.07', 0, 2013, 0),
('6.2.08', 0, 2013, 0),
('6.2.09', 0, 2013, 0),
('6.2.10', 0, 2013, 0),
('6.2.11', 0, 2013, 0),
('6.2.12', 0, 2013, 0),
('6.2.13', 0, 2013, 0),
('6.2.14', 0, 2013, 0),
('6.2.15', 0, 2013, 0),
('6.2.16', 0, 2013, 0),
('6.2.40', 0, 2013, 0),
('6.3', 0, 2013, 0),
('6.3.01', 0, 2013, 0),
('6.3.02', 0, 2013, 0),
('6.3.03', 0, 2013, 0),
('7', 0, 2013, 0),
('7.1', 0, 2013, 0),
('7.1.01', 0, 2013, 0),
('7.1.59', 0, 2013, 0),
('9', 0, 2013, 0),
('9.9', 0, 2013, 0),
('9.9.99', 0, 2013, 0),
('3.2.01', 0, 2013, 1),
('1', 0, 2013, 0),
('1.1', 0, 2013, 0),
('1.1.01', 0, 2013, 0),
('1.1.02', 0, 2013, 0),
('1.2', 0, 2013, 0),
('1.2.01', 0, 2013, 0),
('1.2.02', 0, 2013, 0),
('1.2.03', 0, 2013, 0),
('1.2.04', 0, 2013, 0),
('1.3', 0, 2013, 0),
('1.3.01', 0, 2013, 0),
('1.4', 0, 2013, 0),
('1.5', 0, 2013, 0),
('1.6', 0, 2013, 0),
('1.6.01', 0, 2013, 0),
('1.6.02', 0, 2013, 0),
('1.9', 0, 2013, 0),
('1.9.01', 0, 2013, 0),
('1.9.02', 0, 2013, 0),
('1.9.03', 0, 2013, 0),
('1.9.04', 0, 2013, 0),
('1.9.51', 0, 2013, 0),
('1.9.52', 0, 2013, 0),
('1.9.53', 0, 2013, 0),
('1.9.54', 0, 2013, 0),
('2', 0, 2013, 0),
('2.1', 0, 2013, 0),
('2.1.01', 0, 2013, 0),
('2.2', 0, 2013, 0),
('2.2.01', 0, 2013, 0),
('2.3', 0, 2013, 0),
('2.3.01', 0, 2013, 0),
('2.4', 0, 2013, 0),
('2.4.01', 0, 2013, 0),
('2.4.02', 0, 2013, 0),
('2.4.03', 0, 2013, 0),
('2.9', 0, 2013, 0),
('2.9.01', 0, 2013, 0),
('3', 0, 2013, 0),
('3.1', 0, 2013, 0),
('3.1.01', 0, 2013, 0),
('3.2', 0, 2013, 0),
('3.2.01', 0, 2013, 0),
('3.3', 0, 2013, 0),
('3.3.01', 0, 2013, 0),
('4', 0, 2013, 0),
('4.5.02', 0, 2013, 0),
('5', 0, 2013, 0),
('5.1.02', 0, 2013, 0),
('5.1.03', 0, 2013, 0),
('5.1.04', 0, 2013, 0),
('5.2', 0, 2013, 0),
('5.2.01', 0, 2013, 0),
('5.2.02', 0, 2013, 0),
('5.2.03', 0, 2013, 0),
('5.2.04', 0, 2013, 0),
('5.2.05', 0, 2013, 0),
('5.2.06', 0, 2013, 0),
('5.2.07', 0, 2013, 0),
('6', 0, 2013, 0),
('6.1', 0, 2013, 0),
('6.1.01', 0, 2013, 0),
('6.1.02', 0, 2013, 0),
('6.1.03', 0, 2013, 0),
('6.2', 0, 2013, 0),
('6.2.01', 0, 2013, 0),
('6.2.02', 0, 2013, 0),
('6.2.03', 0, 2013, 0),
('6.2.04', 0, 2013, 0),
('6.2.05', 0, 2013, 0),
('6.2.06', 0, 2013, 0),
('6.2.07', 0, 2013, 0),
('6.2.08', 0, 2013, 0),
('6.2.09', 0, 2013, 0),
('6.2.10', 0, 2013, 0),
('6.2.11', 0, 2013, 0),
('6.2.12', 0, 2013, 0),
('6.2.13', 0, 2013, 0),
('6.2.14', 0, 2013, 0),
('6.2.15', 0, 2013, 0),
('6.2.16', 0, 2013, 0),
('6.2.40', 0, 2013, 0),
('6.3', 0, 2013, 0),
('6.3.01', 0, 2013, 0),
('6.3.02', 0, 2013, 0),
('6.3.03', 0, 2013, 0),
('7', 0, 2013, 0),
('7.1', 0, 2013, 0),
('7.1.01', 0, 2013, 0),
('7.1.59', 0, 2013, 0),
('9', 0, 2013, 0),
('9.9', 0, 2013, 0),
('9.9.99', 0, 2013, 0),
('3.2.01', 0, 2013, 1),
('1', 0, 2013, 0),
('1.1', 0, 2013, 0),
('1.1.01', 0, 2013, 0),
('1.1.02', 0, 2013, 0),
('1.2', 0, 2013, 0),
('1.2.01', 0, 2013, 0),
('1.2.02', 0, 2013, 0),
('1.2.03', 0, 2013, 0),
('1.2.04', 0, 2013, 0),
('1.3', 0, 2013, 0),
('1.3.01', 0, 2013, 0),
('1.4', 0, 2013, 0),
('1.5', 0, 2013, 0),
('1.6', 0, 2013, 0),
('1.6.01', 0, 2013, 0),
('1.6.02', 0, 2013, 0),
('1.9', 0, 2013, 0),
('1.9.01', 0, 2013, 0),
('1.9.02', 0, 2013, 0),
('1.9.03', 0, 2013, 0),
('1.9.04', 0, 2013, 0),
('1.9.51', 0, 2013, 0),
('1.9.52', 0, 2013, 0),
('1.9.53', 0, 2013, 0),
('1.9.54', 0, 2013, 0),
('2', 0, 2013, 0),
('2.1', 0, 2013, 0),
('2.1.01', 0, 2013, 0),
('2.2', 0, 2013, 0),
('2.2.01', 0, 2013, 0),
('2.3', 0, 2013, 0),
('2.3.01', 0, 2013, 0),
('2.4', 0, 2013, 0),
('2.4.01', 0, 2013, 0),
('2.4.02', 0, 2013, 0),
('2.4.03', 0, 2013, 0),
('2.9', 0, 2013, 0),
('2.9.01', 0, 2013, 0),
('3', 0, 2013, 0),
('3.1', 0, 2013, 0),
('3.1.01', 0, 2013, 0),
('3.2', 0, 2013, 0),
('3.2.01', 0, 2013, 0),
('3.3', 0, 2013, 0),
('3.3.01', 0, 2013, 0),
('4', 0, 2013, 0),
('4.5.02', 0, 2013, 0),
('5', 0, 2013, 0),
('5.1.02', 0, 2013, 0),
('5.1.03', 0, 2013, 0),
('5.1.04', 0, 2013, 0),
('5.2', 0, 2013, 0),
('5.2.01', 0, 2013, 0),
('5.2.02', 0, 2013, 0),
('5.2.03', 0, 2013, 0),
('5.2.04', 0, 2013, 0),
('5.2.05', 0, 2013, 0),
('5.2.06', 0, 2013, 0),
('5.2.07', 0, 2013, 0),
('6', 0, 2013, 0),
('6.1', 0, 2013, 0),
('6.1.01', 0, 2013, 0),
('6.1.02', 0, 2013, 0),
('6.1.03', 0, 2013, 0),
('6.2', 0, 2013, 0),
('6.2.01', 0, 2013, 0),
('6.2.02', 0, 2013, 0),
('6.2.03', 0, 2013, 0),
('6.2.04', 0, 2013, 0),
('6.2.05', 0, 2013, 0),
('6.2.06', 0, 2013, 0),
('6.2.07', 0, 2013, 0),
('6.2.08', 0, 2013, 0),
('6.2.09', 0, 2013, 0),
('6.2.10', 0, 2013, 0),
('6.2.11', 0, 2013, 0),
('6.2.12', 0, 2013, 0),
('6.2.13', 0, 2013, 0),
('6.2.14', 0, 2013, 0),
('6.2.15', 0, 2013, 0),
('6.2.16', 0, 2013, 0),
('6.2.40', 0, 2013, 0),
('6.3', 0, 2013, 0),
('6.3.01', 0, 2013, 0),
('6.3.02', 0, 2013, 0),
('6.3.03', 0, 2013, 0),
('7', 0, 2013, 0),
('7.1', 0, 2013, 0),
('7.1.01', 0, 2013, 0),
('7.1.59', 0, 2013, 0),
('9', 0, 2013, 0),
('9.9', 0, 2013, 0),
('9.9.99', 0, 2013, 0),
('3.2.01', 0, 2013, 1);

-- --------------------------------------------------------

--
-- Table structure for table `tt_resetperkiraan`
--

CREATE TABLE IF NOT EXISTS `tt_resetperkiraan` (
  `id` int(11) NOT NULL AUTO_INCREMENT,
  `dari` varchar(10) NOT NULL,
  `sampai` varchar(10) NOT NULL,
  `tahun` int(4) NOT NULL,
  PRIMARY KEY (`id`)
) ENGINE=InnoDB  DEFAULT CHARSET=latin1 AUTO_INCREMENT=44 ;

--
-- Dumping data for table `tt_resetperkiraan`
--

INSERT INTO `tt_resetperkiraan` (`id`, `dari`, `sampai`, `tahun`) VALUES
(43, '1.1.01', '5.2.06', 0);

--
-- Constraints for dumped tables
--

--
-- Constraints for table `pembayaran_d`
--
ALTER TABLE `pembayaran_d`
  ADD CONSTRAINT `pembayaran_d_ibfk_1` FOREIGN KEY (`Kode`) REFERENCES `pembayaran` (`Kode`) ON DELETE CASCADE ON UPDATE NO ACTION;

--
-- Constraints for table `pembayaran_d2`
--
ALTER TABLE `pembayaran_d2`
  ADD CONSTRAINT `pembayaran_d2_ibfk_1` FOREIGN KEY (`Kode`) REFERENCES `pembayaran` (`Kode`) ON DELETE CASCADE ON UPDATE NO ACTION;

--
-- Constraints for table `pembayaran_d3`
--
ALTER TABLE `pembayaran_d3`
  ADD CONSTRAINT `pembayaran_d3_ibfk_1` FOREIGN KEY (`Kode`) REFERENCES `pembayaran` (`Kode`) ON DELETE CASCADE ON UPDATE NO ACTION;

/*!40101 SET CHARACTER_SET_CLIENT=@OLD_CHARACTER_SET_CLIENT */;
/*!40101 SET CHARACTER_SET_RESULTS=@OLD_CHARACTER_SET_RESULTS */;
/*!40101 SET COLLATION_CONNECTION=@OLD_COLLATION_CONNECTION */;
